,COUNTRY,INDICATOR,2016,2017,2018,2019,2020,2021,2022,2023
0,Zimbabwe,Value of mobile money transactions (during the reference year),28.30352381645416,81.76162552111127,63.41012707881038,54.13707044068592,25.05382726933137,20.36137455708725,14.18105263906246,1.494561669799075
1,Bulgaria,Value of mobile money transactions (during the reference year),,,,,,,,
2,Cameroon,Value of mobile money transactions (during the reference year),4.34168293280068,16.4489060923774,29.1378045015997,39.8879316004509,53.4095997045533,,,
3,"Latvia, Republic of",Value of mobile money transactions (during the reference year),,,,,,,,
4,"Comoros, Union of the",Value of mobile money transactions (during the reference year),,,,,,,,
5,Tonga,Value of mobile money transactions (during the reference year),3.64576112179641,3.63576297616089,5.12445483953049,,,,,
6,Solomon Islands,Value of mobile money transactions (during the reference year),,,,,,,,
7,Austria,Value of mobile money transactions (during the reference year),,,,,,,,
8,"San Marino, Republic of",Value of mobile money transactions (during the reference year),,,,,,,,
9,Norway,Value of mobile money transactions (during the reference year),,,,,,,,
10,Indonesia,Value of mobile money transactions (during the reference year),7063688.968575,12375468.717372,47198616.1051483,145165467.602595,204909169.984853,305435828.472424,407534241.472589,457729193.839782
11,"San Marino, Republic of",Value of mobile money transactions (during the reference year),,,,,,,,
12,Mali,Value of mobile money transactions (during the reference year),26.38260858057379,30.40222680380018,34.10440888299006,37.3195058543415,37.58625061305551,64.47882883870979,102.8111265454637,124.6652465516605
13,Botswana,Value of mobile money transactions (during the reference year),2.488882050297944,3.402406311959368,5.679347899043801,7.06833191048641,10.95363134460113,14.21390734624615,13.83563024663493,15.39326203067883
14,Chad,Value of mobile money transactions (during the reference year),2854.0,77975.0,,,183.0,,2840.0,
15,Niger,Value of mobile money transactions (during the reference year),215519.0,224890.0,196431.0,200009.0,177958.0,345901.0,205248.0,222831.0
16,Norway,Value of mobile money transactions (during the reference year),,,,,,,,
17,Bulgaria,Value of mobile money transactions (during the reference year),,,,,,,,
18,"Mozambique, Republic of",Value of mobile money transactions (during the reference year),0.9934027939769274,17.50328111569224,15.90927652440717,37.94155987537903,54.09400497192169,66.67905301272702,71.70553904019438,89.87832419205773
19,Myanmar,Value of mobile money transactions (during the reference year),1536799.0,2079070.413676,618959.0,3760753.93863,,,,
20,Benin,Value of mobile money transactions (during the reference year),13.12622140886166,25.47694927721085,30.12466268762379,33.43031614952204,48.25380733839283,62.42006149888149,74.49157479521105,90.60760851258615
21,Guinea-Bissau,Value of mobile money transactions (during the reference year),0.0802344146004949,0.3667024777606077,1.728144497809411,5.992355412466717,16.73463464687311,29.68434173115875,20.71999610934244,46.89544565877149
22,Burkina Faso,Value of mobile money transactions (during the reference year),31.75126819119165,48.01869642409586,52.93463769480475,59.02836785361241,72.84302862853632,86.26720393343633,114.529754187774,134.9473910162775
23,Bangladesh,Value of mobile money transactions (during the reference year),2343400.00387261,3146580.35905975,3789756.42160808,4343184.00355767,5613958.77509044,8850898.55842311,10759944.2598812,13529071.0687729
24,"Lesotho, Kingdom of",Value of mobile money transactions (during the reference year),4211.99,5941.1,8075.0,10658.0,13388.0,13567.0,23983.173292,28922.0
25,"Armenia, Republic of",Value of mobile money transactions (during the reference year),,,,,,,,
26,Namibia,Value of mobile money transactions (during the reference year),2932.0,10250.79704351,5419.046,8784.77,,11290.00704852,12248.6228598,
27,"Fiji, Republic of",Value of mobile money transactions (during the reference year),38.8,71.36,294.0,95.0,192.32781046,,1760.0,
28,Burkina Faso,Value of mobile money transactions (during the reference year),2414723.0,3933355.0,4672054.0,5545008.0,7431641.0,9396861.0,13444985.0,16636717.0
29,Samoa,Value of mobile money transactions (during the reference year),22.135,22.513,21.137,23.215,22.939,24.635,44.562,37.76
30,Togo,Value of mobile money transactions (during the reference year),263122.0,394346.0,607839.0,910665.0,1488691.0,1942871.0,2890176.0,3540863.0
31,Liberia,Value of mobile money transactions (during the reference year),,20.445593,42.333266,82.0,495.0,421.0,549.0,584.0
32,Côte d'Ivoire,Value of mobile money transactions (during the reference year),17.16258095952513,21.42776019937526,29.85089292309201,30.45595716758892,38.41691440668505,53.26880151859227,73.67418537223425,
33,Benin,Value of mobile money transactions (during the reference year),919522.0,1879002.0,2386477.0,2818927.0,4347094.0,6123217.0,8085694.0,10813924.0
34,Kenya,Value of mobile money transactions (during the reference year),3355577.0,3638474.0,3984370.0,4345761.3973471,5213548.5141293,6868770.0,7908830.0,7883500.0
35,"Madagascar, Republic of",Value of mobile money transactions (during the reference year),12.76442649778489,17.85438124480913,2.69399233404126,41.45871311726967,49.59177295328622,59.29728219492525,71.82801093295522,
36,"Latvia, Republic of",Value of mobile money transactions (during the reference year),,,,,,,,
37,Greece,Value of mobile money transactions (during the reference year),,,,,,,,
38,Austria,Value of mobile money transactions (during the reference year),,,,,,,,
39,Georgia,Value of mobile money transactions (during the reference year),,,,,,,,
40,"Congo, Democratic Republic of the",Value of mobile money transactions (during the reference year),,,9972222.97331254,12067964.1594552,20038939.6449199,,,
41,Pakistan,Value of mobile money transactions (during the reference year),6.629603518699086,7.88687951861145,9.336799980435858,10.28526153447501,14.27367584539546,16.06726187395022,18.910265181211,21.62790714775356
42,Malawi,Value of mobile money transactions (during the reference year),303806.0,521326.0,952855.0,1672980.0,2520290.1,,6750387.19912129,
43,Solomon Islands,Value of mobile money transactions (during the reference year),,,,,,,,
44,Rwanda,Value of mobile money transactions (during the reference year),1040459.0,1384685.53439154,1808943.33716827,2349788.0,7176619.576864,10439128.984559,14602901.0,20776838.0
45,Senegal,Value of mobile money transactions (during the reference year),5.061835993348102,10.34795857804707,21.17519425486893,33.9695167800789,65.01667915537607,113.9839287014275,155.5757288837804,207.1386858256363
46,Morocco,Value of mobile money transactions (during the reference year),,,,,445.31130507,1116.583499699,1739.4253154076,2119.41504279
47,Togo,Value of mobile money transactions (during the reference year),7.313393425444923,10.63242470813449,15.56805142915685,22.22706304459252,34.94990022303087,41.99866840465799,56.7169369224399,63.65012825790355
48,Senegal,Value of mobile money transactions (during the reference year),571147.0,1261602.0,2718914.0,4658124.0,9179978.0,17395223.0,26802459.0,38967232.0
49,Zimbabwe,Value of mobile money transactions (during the reference year),5816.0,18021.0,44142.0,114865.0,345441.0,649515.07,1756810.89,1866524.0
50,"Fiji, Republic of",Value of mobile money transactions (during the reference year),0.375703276833629,0.644919224047939,2.52348480273336,0.802187963448263,1.98075871224233,,16.1733472207831,
51,Kenya,Value of mobile money transactions (during the reference year),44.18684119596569,42.88935704522104,42.65780557320011,42.44849855194517,48.65622449624034,57.10810629696777,59.16089806213786,52.46860336278257
52,Philippines,Value of mobile money transactions (during the reference year),6.31826757702342,5.814819301438256,6.046238787830315,9.90848155091452,25.28056600134213,58.92976955532865,86.49603526407509,89.90778398295254
53,Qatar,Value of mobile money transactions (during the reference year),0.4485944112394304,0.0931103769704256,0.1730753932616201,0.2052986956580708,,0.5021212023832892,,
54,Liberia,Value of mobile money transactions (during the reference year),,0.6029897218376576,1.236818541602805,2.470179734193599,15.58502235147233,11.98389028117087,13.72140842134571,13.48107109879963
55,Philippines,Value of mobile money transactions (during the reference year),956104.35205051,962739.34284607,1104357.0180502,1933923.87153036,4538259.40464334,11438630.3859909,19053585.6691249,21864324.6043565
56,"Congo, Democratic Republic of the",Value of mobile money transactions (during the reference year),,,12.9206444301828,14.1453257640485,22.2207882272866,,,
57,Mali,Value of mobile money transactions (during the reference year),2192900.0,2712549.0,3233764.0,3778484.0,3778484.0,6904193.0,12043715.0,15807901.0
58,Jordan,Value of mobile money transactions (during the reference year),0.0006990609313264678,0.021867386419591,0.2464912712813141,0.5095420451308669,3.489252938511642,6.425273203375866,3.001977098643326,8.615807438922904
59,Samoa,Value of mobile money transactions (during the reference year),1.003500396163913,1.003423710403529,0.9375821443408976,0.9713028235603632,0.978571798797038,1.135539486582196,2.053390266583619,1.480459715675673
60,Morocco,Value of mobile money transactions (during the reference year),,,,,0.0386394960654312,0.0875939318535655,0.1307683234177895,0.1482272983685428
61,Rwanda,Value of mobile money transactions (during the reference year),15.19946486426,17.99640528727798,21.79676700283343,25.24577637658837,74.77767209012224,95.392312918001,106.4370701771483,127.038142862375
62,Côte d'Ivoire,Value of mobile money transactions (during the reference year),4923380.0,6533677.0,9703362.0,10775014.0,13936869.0,21502942.0,32248058.0,
63,Bangladesh,Value of mobile money transactions (during the reference year),11.28902680424922,13.53771291101172,14.35922762095795,14.71553182995173,17.70702715216378,25.07205446701575,27.09142138114695,30.1259139656891
64,Guinea,Value of mobile money transactions (during the reference year),6414621.0,18470658.0,45781799.0,48085650.0,107172789.0,156850197.0,182040566.0,211204627.0
65,Guinea-Bissau,Value of mobile money transactions (during the reference year),592.0,3130.0,14918.0,52190.0,146456.0,283877.0,221544.0,559367.0
66,Qatar,Value of mobile money transactions (during the reference year),2477.61,546.0,1155.0,1318.0,,3285.0,,
67,"Comoros, Union of the",Value of mobile money transactions (during the reference year),,,,,,,,
68,"Armenia, Republic of",Value of mobile money transactions (during the reference year),,,,,,,,
69,Guinea,Value of mobile money transactions (during the reference year),8.321177188355373,19.68442232680504,42.84868179307747,38.9491300671403,79.02889021792403,99.8380302839723,99.71033399264267,100.6151633802424
70,"Afghanistan, Islamic Republic of",Value of mobile money transactions (during the reference year),9174.785515,14381.002624,16399.0,2570.0,,,,
71,Indonesia,Value of mobile money transactions (during the reference year),0.05695729404635,0.0910642195901894,0.3180766373215403,0.9168736856286828,1.326843771110882,1.799141786763892,2.08052057935771,2.190890966654751
72,Uganda,Value of mobile money transactions (during the reference year),43828404.4990358,56518191.0476819,71400747.8775298,73091852.1903627,93728611.5077749,138920750.686578,,
73,"Mozambique, Republic of",Value of mobile money transactions (during the reference year),7560.08242411667,147626.732868313,144128.550630575,368145.900177748,534915.850515903,705758.93670917,842749.3100028,1184254.43421294
74,Tonga,Value of mobile money transactions (during the reference year),34.0,37.0,55.0,,,,,
75,Georgia,Value of mobile money transactions (during the reference year),,,,,,,,
76,"Lesotho, Kingdom of",Value of mobile money transactions (during the reference year),13.54233522165934,19.33035202823691,23.86992002098779,30.8552911856502,39.61402259941523,38.14272798516771,64.0420644295096,76.61473271058304
77,Greece,Value of mobile money transactions (during the reference year),,,,,,,,
78,South Africa,Value of mobile money transactions (during the reference year),0.0258217442085741,,,,0.0004310365258624637,0.0142873789049325,0.0258343193589935,0.1023109458269812
79,Niger,Value of mobile money transactions (during the reference year),3.497308851192323,3.462666211430191,2.754824151275634,2.648377772992045,2.249435305023099,4.182181859328921,2.132000339377333,2.184189374632425
80,Myanmar,Value of mobile money transactions (during the reference year),1.85828121093789,2.24064427865941,0.588037066171096,3.22594094676477,,,,
81,"Afghanistan, Islamic Republic of",Value of mobile money transactions (during the reference year),0.750237866268342,1.11874340479694,1.23515241696883,0.174877957588014,,,,
82,Chad,Value of mobile money transactions (during the reference year),0.0476938502673796,1.342823017820583,,,0.0029671030956451,,0.0358389617382277,
83,Cameroon,Value of mobile money transactions (during the reference year),870011.0,3447833.0,6469562.596867,9271416.0,12544029.61173,,,
84,Jordan,Value of mobile money transactions (during the reference year),0.198,6.460061,75.902824,161.0,1082.62,2112.00215075602,1037.0,3108.38396
85,Ghana,Value of mobile money transactions (during the reference year),35.75174509964283,59.30214845753329,72.33193354954646,86.76405143675939,143.9390836961367,179.55579222554,174.5461048875522,228.1129848042983
86,South Africa,Value of mobile money transactions (during the reference year),1229.0,,,,24.0,887.072763,1712.44089197,7131.23940134
87,"Madagascar, Republic of",Value of mobile money transactions (during the reference year),4804222.0,7330802.28394,1236173.458713,21158544.0,24516015.0,33054905.7936041,45022415.6281672,
88,Uganda,Value of mobile money transactions (during the reference year),43.58930519044301,52.08183871412438,59.26121903759526,55.33498130840647,67.09804010412901,93.66901674439832,,
89,Pakistan,Value of mobile money transactions (during the reference year),2169541.0,2804008.0,3659074.17241285,4504780.09076812,6785763.87623521,8971352.49127806,12601738.6668542,18182312.2252573
90,Botswana,Value of mobile money transactions (during the reference year),4092.175341,5670.0,9866.469554,12716.045275,18773.28804021,29550.22764099,34777.019814023,40593.91883478
91,Malawi,Value of mobile money transactions (during the reference year),5.34933268250278,7.98205665584276,13.1683651329337,20.3529187200793,27.890468367605,,54.0299699388191,
92,Ghana,Value of mobile money transactions (during the reference year),78508.9,155844.84,223207.23,309352.25,564155.9,829000.0,1072300.0,1919874.0
93,"Palau, Republic of",Value of mobile money transactions (during the reference year),,,,,,,,
94,"Estonia, Republic of",Value of mobile money transactions (during the reference year),,,,,,,,
95,"Estonia, Republic of",Value of mobile money transactions (during the reference year),,,,,,,,
96,Denmark,Value of mobile money transactions (during the reference year),,,,,,,,
97,Denmark,Value of mobile money transactions (during the reference year),,,,,,,,
98,Iceland,Value of mobile money transactions (during the reference year),,,,,,,,
99,"Palau, Republic of",Value of mobile money transactions (during the reference year),,,,,,,,
100,Iceland,Value of mobile money transactions (during the reference year),,,,,,,,
101,France,Value of mobile money transactions (during the reference year),,,,,,,,
102,France,Value of mobile money transactions (during the reference year),,,,,,,,
103,Mauritius,Value of mobile money transactions (during the reference year),0.0046914793798311,0.0052171779867656,0.0062194153749547,0.0365938434861396,0.1751048178330667,0.6068752839077123,0.7556544520863314,1.01700752163359
104,Mauritius,Value of mobile money transactions (during the reference year),21.0,24.67,31.1,187.4,786.0,2905.76134062,4316.25289105,6628.02107984
105,"Kazakhstan, Republic of",Value of mobile money transactions (during the reference year),,,,,,,,
106,"Kazakhstan, Republic of",Value of mobile money transactions (during the reference year),,,,,,,,
107,"Equatorial Guinea, Republic of",Value of mobile money transactions (during the reference year),,,,,,,,
108,West Bank and Gaza,Value of mobile money transactions (during the reference year),,,,,,55.3,,
109,West Bank and Gaza,Value of mobile money transactions (during the reference year),,,,,,0.3053730189408581,,
110,"Equatorial Guinea, Republic of",Value of mobile money transactions (during the reference year),,,,,,,,
111,"Aruba, Kingdom of the Netherlands",Value of mobile money transactions (during the reference year),,,,,,,,
112,"Aruba, Kingdom of the Netherlands",Value of mobile money transactions (during the reference year),,,,,,,,
113,Bosnia and Herzegovina,Value of mobile money transactions (during the reference year),,,,,,,,
114,Seychelles,Value of mobile money transactions (during the reference year),16.0,22.0,10.0,26.0,47.0,42.0,45.0,
115,Seychelles,Value of mobile money transactions (during the reference year),0.0823384956139312,0.1053735550962588,0.045272928369313,0.112622528546259,0.2254259221354308,0.1929133625353945,0.1984914709957227,
116,Bosnia and Herzegovina,Value of mobile money transactions (during the reference year),,,,,,,,
117,Italy,Value of mobile money transactions (during the reference year),,,,,,,,
118,"Moldova, Republic of",Value of mobile money transactions (during the reference year),,,,,,,,
119,Belize,Value of mobile money transactions (during the reference year),,,,,,,,
120,"Moldova, Republic of",Value of mobile money transactions (during the reference year),,,,,,,,
121,Italy,Value of mobile money transactions (during the reference year),,,,,,,,
122,"Serbia, Republic of",Value of mobile money transactions (during the reference year),,,,,,,,
123,"Poland, Republic of",Value of mobile money transactions (during the reference year),,,,,,,,
124,Germany,Value of mobile money transactions (during the reference year),,,,,,,,
125,"Poland, Republic of",Value of mobile money transactions (during the reference year),,,,,,,,
126,Spain,Value of mobile money transactions (during the reference year),,,,,,,,
127,Finland,Value of mobile money transactions (during the reference year),,,,,,,,
128,Spain,Value of mobile money transactions (during the reference year),,,,,,,,
129,Russian Federation,Value of mobile money transactions (during the reference year),,,,,,,,
130,Russian Federation,Value of mobile money transactions (during the reference year),,,,,,,,
131,Finland,Value of mobile money transactions (during the reference year),,,,,,,,
132,Albania,Value of mobile money transactions (during the reference year),0.0289018497984214,0.1652290217794649,0.2797475287616446,0.4571487643555577,0.6551389920434155,0.8419685861854267,2.120688453127278,3.961951481117834
133,Slovak Republic,Value of mobile money transactions (during the reference year),,,,,,,,
134,Slovak Republic,Value of mobile money transactions (during the reference year),,,,,,,,
135,Ireland,Value of mobile money transactions (during the reference year),,,,,,,,
136,"Iran, Islamic Republic of",Value of mobile money transactions (during the reference year),,,,,,,,
137,Albania,Value of mobile money transactions (during the reference year),425.573668893298,2562.11636762,4578.71061998,7734.51562342,10792.96331578,15628.3859968,45347.5082617173,91623.6299024109
138,Ireland,Value of mobile money transactions (during the reference year),,,,,,,,
139,"Iran, Islamic Republic of",Value of mobile money transactions (during the reference year),,,,,,,,
140,Belize,Value of mobile money transactions (during the reference year),,,,,,,,
141,Ukraine,Value of mobile money transactions (during the reference year),,,,,,,,
142,Ukraine,Value of mobile money transactions (during the reference year),,,,,,,,
143,Luxembourg,Value of mobile money transactions (during the reference year),,,,,,,,
144,Peru,Value of mobile money transactions (during the reference year),,,,,,,,
145,New Zealand,Value of mobile money transactions (during the reference year),,,,,,,,
146,Luxembourg,Value of mobile money transactions (during the reference year),,,,,,,,
147,"Uzbekistan, Republic of",Value of mobile money transactions (during the reference year),,,,,,,,
148,"Uzbekistan, Republic of",Value of mobile money transactions (during the reference year),,,,,,,,
149,New Zealand,Value of mobile money transactions (during the reference year),,,,,,,,
150,Lebanon,Value of mobile money transactions (during the reference year),,,,,,,,
151,"Gambia, The",Value of mobile money transactions (during the reference year),,,,49.0,53.0,67.0,91.0,1829.0
152,St. Kitts and Nevis,Value of mobile money transactions (during the reference year),,,,,,,,
153,Lebanon,Value of mobile money transactions (during the reference year),,,,,,,,
154,Dominican Republic,Value of mobile money transactions (during the reference year),,,,,,,,
155,Dominican Republic,Value of mobile money transactions (during the reference year),,,,,,,,
156,St. Kitts and Nevis,Value of mobile money transactions (during the reference year),,,,,,,,
157,"Kosovo, Republic of",Value of mobile money transactions (during the reference year),,,,,,,,
158,"China, People's Republic of",Value of mobile money transactions (during the reference year),,,,,,,,
159,"China, People's Republic of",Value of mobile money transactions (during the reference year),,,,,,,,
160,United Kingdom,Value of mobile money transactions (during the reference year),,,,,,,,
161,United Kingdom,Value of mobile money transactions (during the reference year),,,,,,,,
162,"Kosovo, Republic of",Value of mobile money transactions (during the reference year),,,,,,,,
163,Brunei Darussalam,Value of mobile money transactions (during the reference year),,,,,,,,
164,Brunei Darussalam,Value of mobile money transactions (during the reference year),,,,,,,,
165,"Slovenia, Republic of",Value of mobile money transactions (during the reference year),,,,,,,,
166,Uruguay,Value of mobile money transactions (during the reference year),,,11811.0,14537.0,20296.0,29408.0,42796.0,51633.0
167,Uruguay,Value of mobile money transactions (during the reference year),,,0.5882781213727912,0.6626783432401598,0.9001257366771148,1.111276030083666,1.481593487993559,1.721906808667222
168,Montenegro,Value of mobile money transactions (during the reference year),,,,,,,,
169,Montenegro,Value of mobile money transactions (during the reference year),,,,,,,,
170,"Slovenia, Republic of",Value of mobile money transactions (during the reference year),,,,,,,,
171,Kuwait,Value of mobile money transactions (during the reference year),,,,,,,,
172,Thailand,Value of mobile money transactions (during the reference year),43280.28,68063.36,114091.67,170587.92,260622.62,413014.712947,527863.301662,608616.561053351
173,Kuwait,Value of mobile money transactions (during the reference year),,,,,,,,
174,"Macao Special Administrative Region, People's Republic of China",Value of mobile money transactions (during the reference year),,,,,,,,
175,Singapore,Value of mobile money transactions (during the reference year),,,,,,,,
176,St. Lucia,Value of mobile money transactions (during the reference year),,,,,,,,
177,"Montserrat, United Kingdom-British Overseas Territory",Value of mobile money transactions (during the reference year),,,,,,,,
178,Kyrgyz Republic,Value of mobile money transactions (during the reference year),,,,,,,,
179,"Macao Special Administrative Region, People's Republic of China",Value of mobile money transactions (during the reference year),,,,,,,,
180,Singapore,Value of mobile money transactions (during the reference year),,,,,,,,
181,"Montserrat, United Kingdom-British Overseas Territory",Value of mobile money transactions (during the reference year),,,,,,,,
182,Kyrgyz Republic,Value of mobile money transactions (during the reference year),,,,,,,,
183,"Anguilla, United Kingdom-British Overseas Territory",Value of mobile money transactions (during the reference year),,,,,,,,
184,Antigua and Barbuda,Value of mobile money transactions (during the reference year),,,,,,,,
185,St. Lucia,Value of mobile money transactions (during the reference year),,,,,,,,
186,"Anguilla, United Kingdom-British Overseas Territory",Value of mobile money transactions (during the reference year),,,,,,,,
187,Antigua and Barbuda,Value of mobile money transactions (during the reference year),,,,,,,,
188,Grenada,Value of mobile money transactions (during the reference year),,,,,,,,
189,Grenada,Value of mobile money transactions (during the reference year),,,,,,,,
190,St. Vincent and the Grenadines,Value of mobile money transactions (during the reference year),,,,,,,,
191,St. Vincent and the Grenadines,Value of mobile money transactions (during the reference year),,,,,,,,
192,Maldives,Value of mobile money transactions (during the reference year),,,37.40201909,117.44329163,181.81255239,193.96725757,399.04269771,419.32016118
193,"Croatia, Republic of",Value of mobile money transactions (during the reference year),,,,,,,,
194,Peru,Value of mobile money transactions (during the reference year),,,,,,,,
195,Maldives,Value of mobile money transactions (during the reference year),,,0.0449665751013477,0.1333385377843401,0.3183852732741275,0.2401363932220758,0.4202869222777488,0.412908353452613
196,"Lithuania, Republic of",Value of mobile money transactions (during the reference year),,,,,,,,
197,"Türkiye, Republic of",Value of mobile money transactions (during the reference year),989.0,4064.0,6106.0,6012.0,5807.0,7370.0,11881.0,9402.0
198,"Croatia, Republic of",Value of mobile money transactions (during the reference year),,,,,,,,
199,"Lithuania, Republic of",Value of mobile money transactions (during the reference year),,,,,,,,
200,"Türkiye, Republic of",Value of mobile money transactions (during the reference year),0.0376538175159404,0.1296867749225059,0.1623432733359814,0.1392372522181384,0.1150227153521553,0.101569125852278,0.0791445329320128,0.0357812833689741
201,Nicaragua,Value of mobile money transactions (during the reference year),,,0.2587452791852001,0.3958057856554608,0.5947469442752009,1.166532825417263,0.9354650251499737,0.8965428078027698
202,Nicaragua,Value of mobile money transactions (during the reference year),,,1063.41204801767,1664.81454727686,2590.18836448237,5803.04585864897,5252.0,5825.0
203,Romania,Value of mobile money transactions (during the reference year),20.46906481,2.59396982,,,,,,
204,Switzerland,Value of mobile money transactions (during the reference year),,,,,,,,
205,Jamaica,Value of mobile money transactions (during the reference year),,889.891,1566.153714,11687.2662,21293.0,26859.0,4396.0,2617.0
206,Switzerland,Value of mobile money transactions (during the reference year),,,,,,,,
207,Argentina,Value of mobile money transactions (during the reference year),,,,,,,,
208,Jamaica,Value of mobile money transactions (during the reference year),,0.0469593277133547,0.0772550470563339,0.5537852279603285,1.082551064400934,1.215218944367051,0.1675780661811376,0.0873999467651833
209,Argentina,Value of mobile money transactions (during the reference year),,,,,,,,
210,Burundi,Value of mobile money transactions (during the reference year),,,,,,,,
211,Chile,Value of mobile money transactions (during the reference year),,,,,,,,
212,Chile,Value of mobile money transactions (during the reference year),,,,,,,,
213,Malta,Value of mobile money transactions (during the reference year),,,,,,,,
214,Cyprus,Value of mobile money transactions (during the reference year),,,,,,,,
215,Hungary,Value of mobile money transactions (during the reference year),0.0545405154702727,0.0557643661499929,0.0561512292612184,0.0571678168858967,0.0465614275386703,0.0389826201521649,0.0426650589265673,0.0456175826889372
216,Hungary,Value of mobile money transactions (during the reference year),19747.302271,21901.319298,24362.171001,27254.291926,22556.438658,21520.346489,28138.351294,34209.558138
217,Malta,Value of mobile money transactions (during the reference year),,,,,,,,
218,Bhutan,Value of mobile money transactions (during the reference year),,,,,,,,
219,Czech Republic,Value of mobile money transactions (during the reference year),,,,,,,,
220,Costa Rica,Value of mobile money transactions (during the reference year),,,,,,,,
221,Costa Rica,Value of mobile money transactions (during the reference year),,,,,,,,
222,Bhutan,Value of mobile money transactions (during the reference year),,,,,,,,
223,Czech Republic,Value of mobile money transactions (during the reference year),,,,,,,,
224,Cyprus,Value of mobile money transactions (during the reference year),,,,,,,,
225,"Egypt, Arab Republic of",Value of mobile money transactions (during the reference year),2283.0,8600.0,12000.0,23400.0,88231.0,267528.104784431,612475.40920653,1277606.92257825
226,Israel,Value of mobile money transactions (during the reference year),,,,,,,,
227,United States,Value of mobile money transactions (during the reference year),,,,,,,,
228,"Egypt, Arab Republic of",Value of mobile money transactions (during the reference year),0.0842621982726803,0.2352361935501518,0.2571685740002572,0.4181558255897069,1.434044143939148,4.015069634020666,7.809696005183679,12.58056721131861
229,Israel,Value of mobile money transactions (during the reference year),,,,,,,,
230,Nepal,Value of mobile money transactions (during the reference year),,,,56861.77563897,147467.836443478,114432.0,184293.0,219807.0
231,Trinidad and Tobago,Value of mobile money transactions (during the reference year),,,,,,,,
232,"Timor-Leste, Democratic Republic of",Value of mobile money transactions (during the reference year),,,,,,,,
233,"Azerbaijan, Republic of",Value of mobile money transactions (during the reference year),,,,,,,,
234,"Timor-Leste, Democratic Republic of",Value of mobile money transactions (during the reference year),,,,,,,,
235,Trinidad and Tobago,Value of mobile money transactions (during the reference year),,,,,,,,
236,Dominica,Value of mobile money transactions (during the reference year),,,,,,,,
237,Angola,Value of mobile money transactions (during the reference year),0.000235663481185155,0.0171546167069121,0.1004217770763417,0.2931709274537462,0.0338405197929097,,,
238,"Netherlands, The",Value of mobile money transactions (during the reference year),,,,,,,,
239,Angola,Value of mobile money transactions (during the reference year),39.001281,3475.91921482,25735.83394094,88920.0,10727.70568476,,,
240,"Netherlands, The",Value of mobile money transactions (during the reference year),,,,,,,,
241,Dominica,Value of mobile money transactions (during the reference year),,,,,,,,
242,Brazil,Value of mobile money transactions (during the reference year),,,,,,,,
243,Suriname,Value of mobile money transactions (during the reference year),,,,,,,,
244,Suriname,Value of mobile money transactions (during the reference year),,,,,,,,
245,Iraq,Value of mobile money transactions (during the reference year),3083000.0,30515000.0,86153000.0,399194528.0,103885310.0,,,
246,"Bahamas, The",Value of mobile money transactions (during the reference year),,,,,,0.5259963584867489,0.4689260375749825,0.4212435052481082
247,Djibouti,Value of mobile money transactions (during the reference year),,,,,,,,
248,Lao People's Democratic Republic,Value of mobile money transactions (during the reference year),,,,,,,,
249,"Bahamas, The",Value of mobile money transactions (during the reference year),,,,,,59.8,61.6,60.4
250,Tunisia,Value of mobile money transactions (during the reference year),,,,,,,3.0,48.4
251,Iraq,Value of mobile money transactions (during the reference year),1.565577472312528,13.7662248567138,32.03679932112166,144.553016529738,48.17053660992285,,,
252,Sudan,Value of mobile money transactions (during the reference year),110.0,673.0,2135.593993,,,,,
253,Cambodia,Value of mobile money transactions (during the reference year),95928340.0227929,67738231.0,90104550.0,144476129.0,174506277.0,196234240.0,257161168.0,303366557.455648
254,Cambodia,Value of mobile money transactions (during the reference year),118.0774700575664,75.40669623673932,90.51705905565689,131.3251637507417,164.796853381095,177.5780403847903,212.4773386462428,232.2747334927716
255,Sudan,Value of mobile money transactions (during the reference year),0.01816954813349,0.0824901007567829,0.162036723967967,,,,,
256,Bolivia,Value of mobile money transactions (during the reference year),639.0,943.0,1257.4900450104,1503.0,2269.0,3313.0,4518.5830543127,12349.1600051461
257,Honduras,Value of mobile money transactions (during the reference year),,,,,,12870.9451011321,13209.5087150927,11243.4271107
258,Barbados,Value of mobile money transactions (during the reference year),,,,,,,,
259,Panama,Value of mobile money transactions (during the reference year),,,,,,,,
260,Paraguay,Value of mobile money transactions (during the reference year),,8727096.0428742,9279642.8577489,10169984.0,16316191.993854,14743675.0,13854010.497773,13234853.0
261,Paraguay,Value of mobile money transactions (during the reference year),,3.982751618995443,4.024540126362267,4.296907078203827,6.800829643050932,5.447830152544903,4.729190084639738,4.227000477702769
262,El Salvador,Value of mobile money transactions (during the reference year),,,,,46.2682209269188,527.521953174146,777.6,525.59118943
263,"Mauritania, Islamic Republic of",Value of mobile money transactions (during the reference year),732.173444,,,,897.72852927,30283.16887164,,
264,"South Sudan, Republic of",Value of mobile money transactions (during the reference year),,,,,,,,
265,Cabo Verde,Value of mobile money transactions (during the reference year),,,,,,,,
266,Sweden,Value of mobile money transactions (during the reference year),,,,,,,,
267,India,Value of mobile money transactions (during the reference year),0.1337356954603751,0.3115362944979666,0.5750088432431318,0.9117527707982483,0.9136799227783436,0.6444135311222923,0.8170175217100247,0.7550124934302901
268,Central African Republic,Value of mobile money transactions (during the reference year),76.0,191.0,,,,,,
269,India,Value of mobile money transactions (during the reference year),205841.556,532416.847,1086747.649,1832950.649,1814028.890605,1520648.29109156,2201833.28717426,2218958.0
270,Portugal,Value of mobile money transactions (during the reference year),,,,,,,,
271,Colombia,Value of mobile money transactions (during the reference year),,,1806.0,104958.0,,,,
272,Sweden,Value of mobile money transactions (during the reference year),,,,,,,,
273,Vietnam,Value of mobile money transactions (during the reference year),,,,,,,19000000.0,
274,"Marshall Islands, Republic of the",Value of mobile money transactions (during the reference year),,,,,,,,
275,Colombia,Value of mobile money transactions (during the reference year),,,0.0001828321983091567,0.0099010629506786,,,,
276,"Micronesia, Federated States of",Value of mobile money transactions (during the reference year),,,,,,,,
277,Algeria,Value of mobile money transactions (during the reference year),,,,,,,,
278,Portugal,Value of mobile money transactions (during the reference year),,,,,,,,
279,United Arab Emirates,Value of mobile money transactions (during the reference year),,,,,,,,
280,United States,Value of mobile money transactions (during the reference year),,,,,,,,
281,Djibouti,Value of mobile money transactions (during the reference year),,,,,,,,
282,Vietnam,Value of mobile money transactions (during the reference year),,,,,,,0.198979180878471,
283,"Micronesia, Federated States of",Value of mobile money transactions (during the reference year),,,,,,,,
284,"South Sudan, Republic of",Value of mobile money transactions (during the reference year),,,,,,,,
285,Nepal,Value of mobile money transactions (during the reference year),,,,1.473511302603585,3.792210712928667,2.629079359545984,3.703222413336403,4.109673070644483
286,"Gambia, The",Value of mobile money transactions (during the reference year),,,,0.0539684638805785,0.0567878585749727,0.0635149128944895,0.0756822737916203,1.279305969206582
287,El Salvador,Value of mobile money transactions (during the reference year),,,,,0.1856581524675138,1.816339256616695,2.43084167893133,1.545146580982502
288,Algeria,Value of mobile money transactions (during the reference year),,,,,,,,
289,Lao People's Democratic Republic,Value of mobile money transactions (during the reference year),,,,,,,,
290,"Marshall Islands, Republic of the",Value of mobile money transactions (during the reference year),,,,,,,,
291,Honduras,Value of mobile money transactions (during the reference year),,,,,,1.904175534211039,1.716648472690395,1.328524741394753
292,Thailand,Value of mobile money transactions (during the reference year),0.2966366027049272,0.4394398380647937,0.6968135340473842,1.010043001510909,1.664119643776493,2.551267140503901,3.037535079017943,3.396067894809079
293,Cabo Verde,Value of mobile money transactions (during the reference year),,,,,,,,
294,Barbados,Value of mobile money transactions (during the reference year),,,,,,,,
295,United Arab Emirates,Value of mobile money transactions (during the reference year),,,,,,,,
296,"Serbia, Republic of",Value of mobile money transactions (during the reference year),,,,,,,,
297,Burundi,Value of mobile money transactions (during the reference year),,,,,,,,
298,Germany,Value of mobile money transactions (during the reference year),,,,,,,,
299,Central African Republic,Value of mobile money transactions (during the reference year),0.0070271729683148,0.0158726992896344,,,,,,
300,Bolivia,Value of mobile money transactions (during the reference year),0.2724561166786199,0.3638331802351862,0.4517046850527066,0.5318722011996992,0.8964403195250382,1.186578099866036,1.485900737890761,3.897818504627564
301,Romania,Value of mobile money transactions (during the reference year),0.0027215288497897,0.0003045925100135659,,,,,,
302,"Azerbaijan, Republic of",Value of mobile money transactions (during the reference year),,,,,,,,
303,Panama,Value of mobile money transactions (during the reference year),,,,,,,,
304,Brazil,Value of mobile money transactions (during the reference year),,,,,,,,
305,Tunisia,Value of mobile money transactions (during the reference year),,,,,,,0.0021673841912442,0.0321004718238771
306,"Ethiopia, The Federal Democratic Republic of",Value of mobile money transactions (during the reference year),,,,,,,0.3956399326621748,
307,Libya,Value of mobile money transactions (during the reference year),,128385.415,199029956.608,99711811.166,84502160.888,82524669.562,41806076.458,
308,"Ethiopia, The Federal Democratic Republic of",Value of mobile money transactions (during the reference year),,,,,,,24359.61,
309,Libya,Value of mobile money transactions (during the reference year),,137.155992068834,190142.869051406,102970.306515689,130001.324422701,45932.0128693639,18984.2954843925,
310,Sierra Leone,Value of mobile money transactions (during the reference year),,,,,,,19878618461.0,39295169906.0
311,Sierra Leone,Value of mobile money transactions (during the reference year),,,,,,,34560090.5109616,48412145.06455746
312,Australia,Value of mobile money transactions (during the reference year),,,,,,,,
313,Belgium,Value of mobile money transactions (during the reference year),,,,,,,,
314,Canada,Value of mobile money transactions (during the reference year),,,,,,,,
315,"Korea, Republic of",Value of mobile money transactions (during the reference year),,,,,,,,
316,Ecuador,Value of mobile money transactions (during the reference year),,,,,,,,
317,Japan,Value of mobile money transactions (during the reference year),,,,,,,,
318,"Bahrain, Kingdom of",Value of mobile money transactions (during the reference year),,,,,,,394.0,749.84451
319,"Bahrain, Kingdom of",Value of mobile money transactions (during the reference year),,,,,,,2.36096097103808,4.61582528371667
320,"Belarus, Republic of",Value of mobile money transactions (during the reference year),,,,,,,,
321,Saudi Arabia,Value of mobile money transactions (during the reference year),,,,,,,,
322,Oman,Value of mobile money transactions (during the reference year),,,,,,,,
323,"Andorra, Principality of",Value of mobile money transactions (during the reference year),,,,,,,,
324,"Andorra, Principality of",Value of mobile money transactions (during the reference year),,,,,,,,
325,Sri Lanka,Value of mobile money transactions (during the reference year),,,,,,,,
326,"Congo, Republic of",Value of mobile money transactions (during the reference year),60524.81548563878,49989.67344882571,8716.637090068132,3099525.636495763,2721306.656620595,843946.2273849634,108117.6319725896,
327,"Congo, Republic of",Value of mobile money transactions (during the reference year),3920777236.0,3435173710.0,715296879.0,253822191945.0,179639340873.0,69383351192.0,10666913681.0,
328,Nigeria,Value of mobile money transactions (during the reference year),756897.48365281,1103386.01047,1974251.41954225,4428106.41651107,14987738.8658316,15395017.340242,32599014.78538,97163887.0253867
329,Zambia,Value of mobile money transactions (during the reference year),777.0,1285.0,18445.5339289346,43840.0,95443.32,169402.43,295828.1,451984.60278049
330,"Tanzania, United Republic of",Value of mobile money transactions (during the reference year),,,,,,,,15270854.6956165
331,Namibia,Value of mobile money transactions (during the reference year),1.859135894573674,5.974702033425505,2.992839498705992,4.84781828172995,,6.159563865243939,5.958994037806163,
332,Nigeria,Value of mobile money transactions (during the reference year),0.737893637861112,0.9603074096918016,1.529397100404585,3.040464558745644,9.716378316197618,8.743418122759884,16.10901611927684,41.44758802801652
333,"Tanzania, United Republic of",Value of mobile money transactions (during the reference year),,,,,,,,8.095339786106207
334,Zambia,Value of mobile money transactions (during the reference year),0.3595590889318735,0.5218231730097624,6.703213272734342,14.59150795398758,28.6857048313366,38.2971565010413,59.88855857833454,79.40370054588215
335,Guyana,Value of mobile money transactions (during the reference year),2840.905904,4904.495921,6955.794928,9601.0,23771.74746,56895.57116,15082.0,32516.0
336,Guyana,Value of mobile money transactions (during the reference year),0.3069003447206747,0.5002045818553429,0.6994460304563628,0.8900289136567201,2.083857250930742,3.393460379906288,0.4914650232795791,0.9290434361235494
337,"Eswatini, Kingdom of",Value of mobile money transactions (during the reference year),2.362282245343716,3.637823536694428,4.683891957178902,5.473745767532435,6.867061905517163,8.122755781933048,11.52946792251802,10.4765099410205
338,"Eswatini, Kingdom of",Value of mobile money transactions (during the reference year),1326.0,2135.0,2894.0,3556.0,4504.0,5825.0,9038.0,8889.0
339,"São Tomé and Príncipe, Democratic Republic of",Value of mobile money transactions (during the reference year),,,,,,,,
340,"São Tomé and Príncipe, Democratic Republic of",Value of mobile money transactions (during the reference year),,,,,,,,
341,"Mauritania, Islamic Republic of",Value of mobile money transactions (during the reference year),0.3247274815809595,,,,0.2922193509889799,9.105107548583051,,
342,"Nauru, Republic of",Value of mobile money transactions (during the reference year),,,,,,,,
