country,year,Account (% age 15+),Account ownership at a financial institution or with a mobile-money-service provider (% of population ages 15+),"Account ownership at a financial institution or with a mobile-money-service provider, female (% of population ages 15+)","Account ownership at a financial institution or with a mobile-money-service provider, male (% of population ages 15+)","Account ownership at a financial institution or with a mobile-money-service provider, older adults (% of population ages 25+)","Account ownership at a financial institution or with a mobile-money-service provider, poorest 40% (% of population ages 15+)","Account ownership at a financial institution or with a mobile-money-service provider, primary education or less (% of population ages 15+)","Account ownership at a financial institution or with a mobile-money-service provider, richest 60% (% of population ages 15+)","Account ownership at a financial institution or with a mobile-money-service provider, secondary education or more (% of population ages 15+)","Account ownership at a financial institution or with a mobile-money-service provider, young adults (% of population ages 15-24)","Account, female (% age 15+)","Account, male (% age 15+)","Account, rural (% age 15+)","Account, urban (% age 15+)",Current account balance (% of GDP),"Current account balance (BoP, current US$)",Financial institution account (% age 15+),"Financial institution account, female (% age 15+)","Financial institution account, male (% age 15+)","Financial institution account, rural (% age 15+)","Financial institution account, urban (% age 15+)","Made a deposit (% with a financial institution account, age 15+)",Made a digital in-store merchant payment (age 15+),Made a digital in-store merchant payment: using a mobile phone (% age 15+),"Made a digital in-store merchant payment: using a mobile phone, female (% age 15+)","Made a digital in-store merchant payment: using a mobile phone, male (% age 15+)","Made a digital in-store merchant payment: using a mobile phone, rural (% age 15+)","Made a digital in-store merchant payment: using a mobile phone, urban (% age 15+)",Made a digital merchant payment (% age 15+),"Made a digital merchant payment, female (% age 15+)","Made a digital merchant payment, male (% age 15+)","Made a digital merchant payment, rural (% age 15+)","Made a digital merchant payment, urban (% age 15+)",Made a digital online merchant payment for an online purchase (% age 15+),Made a digital payment (% age 15+),"Made a digital payment, female (% age 15+)","Made a digital payment, male (% age 15+)","Made a digital payment, rural (% age 15+)","Made a digital payment, urban (% age 15+)",Made a utility payment (% age 15+),"Made a utility payment, female (% age 15+)","Made a utility payment, male (% age 15+)","Made a utility payment, rural (% age 15+)","Made a utility payment, urban (% age 15+)",Made a utility payment: using a financial institution account (% age 15+),Made a utility payment: using a mobile phone (% age 15+),"Made a withdrawal (% with a financial institution account, age 15+)",Made or received a digital payment (% age 15+),"Made or received a digital payment, female (% age 15+)","Made or received a digital payment, male (% age 15+)","Made or received a digital payment, rural (% age 15+)","Made or received a digital payment, urban (% age 15+)",Mobile money account (% age 15+),"Mobile money account, female (% age 15+)","Mobile money account, male (% age 15+)","Mobile money account, rural (% age 15+)","Mobile money account, urban (% age 15+)",Own a mobile phone (% age 15+),Owns a debit or credit card (% age 15+),"Owns a debit or credit card, female (% age 15+)","Owns a debit or credit card, male (% age 15+)","Owns a debit or credit card, rural (% age 15+)","Owns a debit or credit card, urban (% age 15+)",Received digital payments (% age 15+),"Received digital payments, female (% age 15+)","Received digital payments, male (% age 15+)","Received digital payments, rural (% age 15+)","Received digital payments, urban (% age 15+)",Saved at a financial institution or using a mobile money account (% age 15+),"Saved at a financial institution or using a mobile money account, female (% age 15+)","Saved at a financial institution or using a mobile money account, male (% age 15+)","Saved at a financial institution or using a mobile money account, rural (% age 15+)","Saved at a financial institution or using a mobile money account, urban (% age 15+)",Saved money using a mobile money account (% age 15+),"Saved money using a mobile money account, female (% age 15+)","Saved money using a mobile money account, male (% age 15+)","Saved money using a mobile money account, rural (% age 15+)","Saved money using a mobile money account, urban (% age 15+)",Store money using a financial institution or a mobile money account (% age 15+),"Store money using a financial institution or a mobile money account (% with an account,  age 15+)",Store money using a mobile money account (% age 15+),"Store money using a mobile money account (% with a mobile money account acount, age 15+)","Use a mobile phone or the internet to make payments, buy things, or to send or receive money using a financial institution account (% age 15+)","Use a mobile phone or the internet to make payments, buy things, or to send or receive money using a financial institution account (% with a financial institution account, age 15+)",Used a mobile phone or the internet to access a financial institution account (% age 15+),"Used a mobile phone or the internet to access a financial institution account (% with a financial institution account, age 15+)","Used a mobile phone or the internet to access an account (% with an account, age 15+)",Used a mobile phone or the internet to access an account(% age 15+),"Used a mobile phone or the internet to access an account, female (% age 15+)","Used a mobile phone or the internet to access an account, male (% age 15+)","Used a mobile phone or the internet to access an account, rural (% age 15+)","Used a mobile phone or the internet to access an account, urban (% age 15+)",Used a mobile phone or the internet to buy something online (% age 15+),"Used a mobile phone or the internet to buy something online, female (% age 15+)","Used a mobile phone or the internet to buy something online, male (% age 15+)","Used a mobile phone or the internet to buy something online, rural (% age 15+)","Used a mobile phone or the internet to buy something online, urban (% age 15+)",Used a mobile phone or the internet to check account balance(% age 15+),"Used a mobile phone or the internet to check account balance(% with a financial institution account, age 15+)","Used a mobile phone or the internet to pay bills, female (% age 15+)","Used a mobile phone or the internet to pay bills, male (% age 15+)","Used a mobile phone or the internet to pay bills, rural (% age 15+)","Used a mobile phone or the internet to pay bills, urban (% age 15+)",Used a mobile phone or the internet to send money (% age 15+),"Used a mobile phone or the internet to send money, female (% age 15+)","Used a mobile phone or the internet to send money, male (% age 15+)","Used a mobile phone or the internet to send money, rural (% age 15+)","Used a mobile phone or the internet to send money, urban (% age 15+)"
BGD,2024,,..,..,..,..,..,..,..,..,..,,,,,..,..,,,,,,,,,,,,,,,,,,,,,,,,,,,,,,,,,,,,,,,,,,,,,,,,,,,,,,,,,,,,,,,,,,,,,,,,,,,,,,,,,,,,,,,,,,,,
BGD,2023,,..,..,..,..,..,..,..,..,..,,,,,-1.64602615306365,-7199970746.44472,,,,,,,,,,,,,,,,,,,,,,,,,,,,,,,,,,,,,,,,,,,,,,,,,,,,,,,,,,,,,,,,,,,,,,,,,,,,,,,,,,,,,,,,,,,,
BGD,2022,..,..,..,..,..,..,..,..,..,..,..,..,..,..,-3.81010813185136,-17531514896.3583,..,..,..,..,..,..,..,..,..,..,..,..,..,..,..,..,..,..,..,..,..,..,..,..,..,..,..,..,..,..,..,..,..,..,..,..,..,..,..,..,..,..,..,..,..,..,..,..,..,..,..,..,..,..,..,..,..,..,..,..,..,..,..,..,..,..,..,..,..,..,..,..,..,..,..,..,..,..,..,..,..,..,..,..,..,..,..,..,..,..,..,..
BGD,2021,52.81,52.81,43.46,62.86,54.55,48.65,46.57,55.57,56.63,47.8,43.46,62.86,49.99,53.7,-3.78969259910934,-15775415833.0742,37.69,30.58,45.33,30.1,40.08,24.91,2.74,2.43,0.82,4.16,2.15,2.52,2.78,1.32,4.35,2.15,2.98,..,40.58,28.04,54.06,39.62,40.88,38.39,27.3,50.31,32.49,40.25,17.57,10.86,28.04,45.26,33.56,57.86,44.7,45.44,29.01,20.28,38.39,34.06,27.41,78.94,4.94,2.45,7.61,3.96,5.24,26.28,18.36,34.81,27.6,25.87,7.25,5.9,8.69,6.86,7.37,1.73,1.23,2.27,2.88,1.37,14.66,27.77,5.67,19.55,4.35,11.53,..,..,..,..,..,..,..,..,3.05,2.44,3.69,2.26,3.29,6.14,16.3,4.72,16.77,8.75,11.08,17.58,7.64,28.28,19.96,16.83
BGD,2020,,..,..,..,..,..,..,..,..,..,,,,,0.31894044196432,1192771686.32568,,,,,,,,,,,,,,,,,,,,,,,,,,,,,,,,,,,,,,,,,,,,,,,,,,,,,,,,,,,,,,,,,,,,,,,,,,,,,,,,,,,,,,,,,,,,
BGD,2019,,..,..,..,..,..,..,..,..,..,,,,,-0.839485005371137,-2948537074.51494,,,,,,,,,,,,,,,,,,,,,,,,,,,,,,,,,,,,,,,,,,,,,,,,,,,,,,,,,,,,,,,,,,,,,,,,,,,,,,,,,,,,,,,,,,,,
BGD,2018,,..,..,..,..,..,..,..,..,..,,,,,-2.20783912081883,-7095172568.14978,,,,,,,,,,,,,,,,,,,,,,,,,,,,,,,,,,,,,,,,,,,,,,,,,,,,,,,,,,,,,,,,,,,,,,,,,,,,,,,,,,,,,,,,,,,,
BGD,2017,50.05,50.05,35.84,64.59,53.53,40.08,39.84,56.68,57.23,40.99,35.84,64.59,..,..,-2.03756600416726,-5984992475.63152,40.97,31.91,50.24,..,..,43.5,..,..,..,..,..,..,..,..,..,..,..,..,30.13,17.28,43.28,..,..,31.48,23.9,39.23,..,..,9.76,2.37,45.17,34.11,21.21,47.31,..,..,21.25,10.27,32.47,..,..,..,6.2,3.7,8.75,..,..,15.6,10.34,20.99,..,..,..,..,..,..,..,..,..,..,..,..,..,..,..,..,..,..,5.36,13.07,44.79,22.41,11.53,33.55,..,..,1.27,1.62,0.91,..,..,4.48,10.63,1.54,3.36,..,..,..,..,..,..,..
BGD,2016,,..,..,..,..,..,..,..,..,..,,,,,0.351171861174517,931393867.987116,,,,,,,,,,,,,,,,,,,,,,,,,,,,,,,,,,,,,,,,,,,,,,,,,,,,,,,,,,,,,,,,,,,,,,,,,,,,,,,,,,,,,,,,,,,,
BGD,2015,,..,..,..,..,..,..,..,..,..,,,,,1.32188871858147,2579621008.77621,,,,,,,,,,,,,,,,,,,,,,,,,,,,,,,,,,,,,,,,,,,,,,,,,,,,,,,,,,,,,,,,,,,,,,,,,,,,,,,,,,,,,,,,,,,,
BGD,2014,30.99,30.99,26.45,35.37,35.44,23.03,24.9,36.29,37.21,20.83,26.45,35.37,..,..,0.437159797644511,755790761.660141,29.14,25.22,32.93,..,..,58.9,..,..,..,..,..,..,..,..,..,..,..,..,5.94,2.96,8.81,..,..,18.34,12.92,23.58,..,..,0.72,0.73,53.23,7.68,4.58,10.67,..,..,2.69,2.12,3.24,..,..,..,5.17,2.41,7.83,..,..,2.79,2.21,3.36,..,..,..,..,..,..,..,..,..,..,..,..,..,..,..,..,..,..,..,..,..,..,..,..,..,..,..,..,..,..,..,..,..,..,..,..,..,..,..,..,..,..
BGD,2013,,..,..,..,..,..,..,..,..,..,,,,,1.3723251518825,2058473420.43086,,,,,,,,,,,,,,,,,,,,,,,,,,,,,,,,,,,,,,,,,,,,,,,,,,,,,,,,,,,,,,,,,,,,,,,,,,,,,,,,,,,,,,,,,,,,
BGD,2012,,..,..,..,..,..,..,..,..,..,,,,,1.93195276968292,2575500680.61049,,,,,,,,,,,,,,,,,,,,,,,,,,,,,,,,,,,,,,,,,,,,,,,,,,,,,,,,,,,,,,,,,,,,,,,,,,,,,,,,,,,,,,,,,,,,
BGD,2011,31.74,31.74,26.01,37.29,36.76,19.06,21.06,40.18,42.51,20.32,26.01,37.29,..,..,-0.125842241657655,-161842538.678825,31.74,26.01,37.29,..,..,..,..,..,..,..,..,..,..,..,..,..,..,..,..,..,..,..,..,..,..,..,..,..,..,..,..,..,..,..,..,..,..,..,..,..,..,..,2.49,0.86,4.06,..,..,..,..,..,..,..,..,..,..,..,..,..,..,..,..,..,..,..,..,..,..,..,..,..,..,..,..,..,..,..,..,..,..,..,..,..,..,..,..,..,..,..,..,..,..,..
BRN,2024,,..,..,..,..,..,..,..,..,..,,,,,..,..,,,,,,,,,,,,,,,,,,,,,,,,,,,,,,,,,,,,,,,,,,,,,,,,,,,,,,,,,,,,,,,,,,,,,,,,,,,,,,,,,,,,,,,,,,,,
BRN,2023,,..,..,..,..,..,..,..,..,..,,,,,12.8504475659062,1944053357.12257,,,,,,,,,,,,,,,,,,,,,,,,,,,,,,,,,,,,,,,,,,,,,,,,,,,,,,,,,,,,,,,,,,,,,,,,,,,,,,,,,,,,,,,,,,,,
BRN,2022,,..,..,..,..,..,..,..,..,..,,,,,19.5667136669754,3264028470.96588,,,,,,,,,,,,,,,,,,,,,,,,,,,,,,,,,,,,,,,,,,,,,,,,,,,,,,,,,,,,,,,,,,,,,,,,,,,,,,,,,,,,,,,,,,,,
BRN,2021,,..,..,..,..,..,..,..,..,..,,,,,11.2102930222649,1570169312.61882,,,,,,,,,,,,,,,,,,,,,,,,,,,,,,,,,,,,,,,,,,,,,,,,,,,,,,,,,,,,,,,,,,,,,,,,,,,,,,,,,,,,,,,,,,,,
BRN,2020,,..,..,..,..,..,..,..,..,..,,,,,4.27887461849894,513713114.582243,,,,,,,,,,,,,,,,,,,,,,,,,,,,,,,,,,,,,,,,,,,,,,,,,,,,,,,,,,,,,,,,,,,,,,,,,,,,,,,,,,,,,,,,,,,,
BRN,2019,,..,..,..,..,..,..,..,..,..,,,,,6.6355550353942,893758524.377979,,,,,,,,,,,,,,,,,,,,,,,,,,,,,,,,,,,,,,,,,,,,,,,,,,,,,,,,,,,,,,,,,,,,,,,,,,,,,,,,,,,,,,,,,,,,
BRN,2018,,..,..,..,..,..,..,..,..,..,,,,,6.92823103255275,939946758.009005,,,,,,,,,,,,,,,,,,,,,,,,,,,,,,,,,,,,,,,,,,,,,,,,,,,,,,,,,,,,,,,,,,,,,,,,,,,,,,,,,,,,,,,,,,,,
BRN,2017,,..,..,..,..,..,..,..,..,..,,,,,16.362218549166,1984437361.8247,,,,,,,,,,,,,,,,,,,,,,,,,,,,,,,,,,,,,,,,,,,,,,,,,,,,,,,,,,,,,,,,,,,,,,,,,,,,,,,,,,,,,,,,,,,,
BRN,2016,,..,..,..,..,..,..,..,..,..,,,,,12.8939057283535,1469939557.95486,,,,,,,,,,,,,,,,,,,,,,,,,,,,,,,,,,,,,,,,,,,,,,,,,,,,,,,,,,,,,,,,,,,,,,,,,,,,,,,,,,,,,,,,,,,,
BRN,2015,,..,..,..,..,..,..,..,..,..,,,,,16.6790433078393,2156649811.85869,,,,,,,,,,,,,,,,,,,,,,,,,,,,,,,,,,,,,,,,,,,,,,,,,,,,,,,,,,,,,,,,,,,,,,,,,,,,,,,,,,,,,,,,,,,,
BRN,2014,,..,..,..,..,..,..,..,..,..,,,,,30.7091836772045,5250593999.71505,,,,,,,,,,,,,,,,,,,,,,,,,,,,,,,,,,,,,,,,,,,,,,,,,,,,,,,,,,,,,,,,,,,,,,,,,,,,,,,,,,,,,,,,,,,,
BRN,2013,,..,..,..,..,..,..,..,..,..,,,,,20.8809881751641,3778236925.05165,,,,,,,,,,,,,,,,,,,,,,,,,,,,,,,,,,,,,,,,,,,,,,,,,,,,,,,,,,,,,,,,,,,,,,,,,,,,,,,,,,,,,,,,,,,,
BRN,2012,,..,..,..,..,..,..,..,..,..,,,,,29.8383189696267,5683735282.5216,,,,,,,,,,,,,,,,,,,,,,,,,,,,,,,,,,,,,,,,,,,,,,,,,,,,,,,,,,,,,,,,,,,,,,,,,,,,,,,,,,,,,,,,,,,,
BRN,2011,,..,..,..,..,..,..,..,..,..,,,,,34.7106649473496,6430078160.74035,,,,,,,,,,,,,,,,,,,,,,,,,,,,,,,,,,,,,,,,,,,,,,,,,,,,,,,,,,,,,,,,,,,,,,,,,,,,,,,,,,,,,,,,,,,,
BTN,2024,,..,..,..,..,..,..,..,..,..,,,,,..,-669766413.910606,,,,,,,,,,,,,,,,,,,,,,,,,,,,,,,,,,,,,,,,,,,,,,,,,,,,,,,,,,,,,,,,,,,,,,,,,,,,,,,,,,,,,,,,,,,,
BTN,2023,,..,..,..,..,..,..,..,..,..,,,,,-31.8999932885676,-963121731.41516,,,,,,,,,,,,,,,,,,,,,,,,,,,,,,,,,,,,,,,,,,,,,,,,,,,,,,,,,,,,,,,,,,,,,,,,,,,,,,,,,,,,,,,,,,,,
BTN,2022,..,..,..,..,..,..,..,..,..,..,..,..,..,..,-27.8005472550438,-805723173.28916,..,..,..,..,..,..,..,..,..,..,..,..,..,..,..,..,..,..,..,..,..,..,..,..,..,..,..,..,..,..,..,..,..,..,..,..,..,..,..,..,..,..,..,..,..,..,..,..,..,..,..,..,..,..,..,..,..,..,..,..,..,..,..,..,..,..,..,..,..,..,..,..,..,..,..,..,..,..,..,..,..,..,..,..,..,..,..,..,..,..,..,..
BTN,2021,..,..,..,..,..,..,..,..,..,..,..,..,..,..,-11.5313120563647,-319279309.498254,..,..,..,..,..,..,..,..,..,..,..,..,..,..,..,..,..,..,..,..,..,..,..,..,..,..,..,..,..,..,..,..,..,..,..,..,..,..,..,..,..,..,..,..,..,..,..,..,..,..,..,..,..,..,..,..,..,..,..,..,..,..,..,..,..,..,..,..,..,..,..,..,..,..,..,..,..,..,..,..,..,..,..,..,..,..,..,..,..,..,..,..
BTN,2020,,..,..,..,..,..,..,..,..,..,,,,,-15.5091108675254,-381152580.869852,,,,,,,,,,,,,,,,,,,,,,,,,,,,,,,,,,,,,,,,,,,,,,,,,,,,,,,,,,,,,,,,,,,,,,,,,,,,,,,,,,,,,,,,,,,,
BTN,2019,,..,..,..,..,..,..,..,..,..,,,,,-18.3062679873896,-500801565.664002,,,,,,,,,,,,,,,,,,,,,,,,,,,,,,,,,,,,,,,,,,,,,,,,,,,,,,,,,,,,,,,,,,,,,,,,,,,,,,,,,,,,,,,,,,,,
BTN,2018,,..,..,..,..,..,..,..,..,..,,,,,-18.5091514022686,-478153519.866952,,,,,,,,,,,,,,,,,,,,,,,,,,,,,,,,,,,,,,,,,,,,,,,,,,,,,,,,,,,,,,,,,,,,,,,,,,,,,,,,,,,,,,,,,,,,
BTN,2017,..,..,..,..,..,..,..,..,..,..,..,..,..,..,-20.8546965569122,-540419849.646596,..,..,..,..,..,..,..,..,..,..,..,..,..,..,..,..,..,..,..,..,..,..,..,..,..,..,..,..,..,..,..,..,..,..,..,..,..,..,..,..,..,..,..,..,..,..,..,..,..,..,..,..,..,..,..,..,..,..,..,..,..,..,..,..,..,..,..,..,..,..,..,..,..,..,..,..,..,..,..,..,..,..,..,..,..,..,..,..,..,..,..,..
BTN,2016,,..,..,..,..,..,..,..,..,..,,,,,-26.4131091663954,-622690306.019587,,,,,,,,,,,,,,,,,,,,,,,,,,,,,,,,,,,,,,,,,,,,,,,,,,,,,,,,,,,,,,,,,,,,,,,,,,,,,,,,,,,,,,,,,,,,
BTN,2015,,..,..,..,..,..,..,..,..,..,,,,,-25.0627177300499,-548326099.367138,,,,,,,,,,,,,,,,,,,,,,,,,,,,,,,,,,,,,,,,,,,,,,,,,,,,,,,,,,,,,,,,,,,,,,,,,,,,,,,,,,,,,,,,,,,,
BTN,2014,33.67,33.67,27.68,38.99,38.01,24.9,29.21,39.49,46.38,22.18,27.68,38.99,..,..,-23.4688052609704,-490282016.18854,33.67,27.68,38.99,..,..,79,..,..,..,..,..,..,..,..,..,..,..,..,12.91,9.58,15.88,..,..,63.01,64.68,61.51,..,..,1.07,0.4,59.83,17.23,12.81,21.16,..,..,..,..,..,..,..,..,17.45,15.31,19.36,..,..,9.66,6.52,12.46,..,..,..,..,..,..,..,..,..,..,..,..,..,..,..,..,..,..,..,..,..,..,..,..,..,..,..,..,..,..,..,..,..,..,..,..,..,..,..,..,..,..
BTN,2013,,..,..,..,..,..,..,..,..,..,,,,,-24.293493246944,-472191887.71836,,,,,,,,,,,,,,,,,,,,,,,,,,,,,,,,,,,,,,,,,,,,,,,,,,,,,,,,,,,,,,,,,,,,,,,,,,,,,,,,,,,,,,,,,,,,
BTN,2012,,..,..,..,..,..,..,..,..,..,,,,,-19.1060720871467,-377036786.347723,,,,,,,,,,,,,,,,,,,,,,,,,,,,,,,,,,,,,,,,,,,,,,,,,,,,,,,,,,,,,,,,,,,,,,,,,,,,,,,,,,,,,,,,,,,,
BTN,2011,..,..,..,..,..,..,..,..,..,..,..,..,..,..,-26.6070201962457,-526214663.79524,..,..,..,..,..,..,..,..,..,..,..,..,..,..,..,..,..,..,..,..,..,..,..,..,..,..,..,..,..,..,..,..,..,..,..,..,..,..,..,..,..,..,..,..,..,..,..,..,..,..,..,..,..,..,..,..,..,..,..,..,..,..,..,..,..,..,..,..,..,..,..,..,..,..,..,..,..,..,..,..,..,..,..,..,..,..,..,..,..,..,..,..
IDN,2024,,..,..,..,..,..,..,..,..,..,,,,,..,-8855790838.55682,,,,,,,,,,,,,,,,,,,,,,,,,,,,,,,,,,,,,,,,,,,,,,,,,,,,,,,,,,,,,,,,,,,,,,,,,,,,,,,,,,,,,,,,,,,,
IDN,2023,,..,..,..,..,..,..,..,..,..,,,,,-0.148899137539572,-2041662020.0125,,,,,,,,,,,,,,,,,,,,,,,,,,,,,,,,,,,,,,,,,,,,,,,,,,,,,,,,,,,,,,,,,,,,,,,,,,,,,,,,,,,,,,,,,,,,
IDN,2022,..,..,..,..,..,..,..,..,..,..,..,..,..,..,1.00184767462664,13215134910.4119,..,..,..,..,..,..,..,..,..,..,..,..,..,..,..,..,..,..,..,..,..,..,..,..,..,..,..,..,..,..,..,..,..,..,..,..,..,..,..,..,..,..,..,..,..,..,..,..,..,..,..,..,..,..,..,..,..,..,..,..,..,..,..,..,..,..,..,..,..,..,..,..,..,..,..,..,..,..,..,..,..,..,..,..,..,..,..,..,..,..,..,..
IDN,2021,51.76,51.76,52.3,51.18,50.95,46.93,40.49,54.97,61.89,54.64,52.3,51.18,45.86,54.58,0.295885914530007,3510715050.41252,50.51,51.67,49.29,45.21,53.04,42.69,10.44,6.24,6.7,5.76,4.68,6.99,12.95,13.59,12.3,10.08,14.33,5.88,29.13,29.04,29.21,19.7,33.64,73.06,76.51,69.46,74.27,72.48,10.22,5.7,46.5,37.19,38.7,35.6,28.99,41.11,9.29,9.91,8.65,4.44,11.62,73.17,35.25,36.71,33.74,29.8,37.87,23,24.28,21.67,20.74,24.08,20.5,18.89,22.18,14.76,23.25,3.3,3.6,2.98,2.03,3.9,26.01,50.26,..,..,11.79,23.34,..,..,..,..,..,..,..,..,18.22,21.47,14.82,11.61,21.39,9,17.83,7.84,7.56,3.67,9.64,8.12,7.46,8.81,3.37,10.4
IDN,2020,,..,..,..,..,..,..,..,..,..,,,,,-0.418606247730959,-4433269738.48785,,,,,,,,,,,,,,,,,,,,,,,,,,,,,,,,,,,,,,,,,,,,,,,,,,,,,,,,,,,,,,,,,,,,,,,,,,,,,,,,,,,,,,,,,,,,
IDN,2019,,..,..,..,..,..,..,..,..,..,,,,,-2.70566198130944,-30279059752.9683,,,,,,,,,,,,,,,,,,,,,,,,,,,,,,,,,,,,,,,,,,,,,,,,,,,,,,,,,,,,,,,,,,,,,,,,,,,,,,,,,,,,,,,,,,,,
IDN,2018,,..,..,..,..,..,..,..,..,..,,,,,-2.93907291486926,-30633120324.4287,,,,,,,,,,,,,,,,,,,,,,,,,,,,,,,,,,,,,,,,,,,,,,,,,,,,,,,,,,,,,,,,,,,,,,,,,,,,,,,,,,,,,,,,,,,,
IDN,2017,48.86,48.86,51.35,46.25,49.5,36.6,33.6,57.02,62.72,46.77,51.35,46.25,..,..,-1.59465689988054,-16195634380.3564,48.39,51.14,45.52,..,..,44.36,..,..,..,..,..,..,..,..,..,..,..,..,26.76,28.52,24.91,..,..,73.97,76.91,70.9,..,..,11.85,3.22,48.05,34.61,35.49,33.69,..,..,3.12,2.73,3.53,..,..,..,30.85,32.52,29.1,..,..,21.4,21.06,21.76,..,..,..,..,..,..,..,..,..,..,..,..,..,..,..,..,..,..,6.69,13.82,15.78,7.71,8.3,7.1,..,..,9.88,11.23,8.47,..,..,6.63,13.69,5.72,2.7,..,..,..,..,..,..,..
IDN,2016,,..,..,..,..,..,..,..,..,..,,,,,-1.81915089252068,-16952255385.0263,,,,,,,,,,,,,,,,,,,,,,,,,,,,,,,,,,,,,,,,,,,,,,,,,,,,,,,,,,,,,,,,,,,,,,,,,,,,,,,,,,,,,,,,,,,,
IDN,2015,,..,..,..,..,..,..,..,..,..,,,,,-2.03504192738521,-17518744569.4758,,,,,,,,,,,,,,,,,,,,,,,,,,,,,,,,,,,,,,,,,,,,,,,,,,,,,,,,,,,,,,,,,,,,,,,,,,,,,,,,,,,,,,,,,,,,
IDN,2014,36.06,36.06,37.46,34.62,36.32,22.13,15.78,45.27,53.7,35.17,37.46,34.62,..,..,-3.08816907533729,-27509865798.2326,35.95,37.24,34.62,..,..,78.9,..,..,..,..,..,..,..,..,..,..,..,..,16.39,16.71,16.07,..,..,60,62.51,57.42,..,..,2.91,0.44,77.89,23.31,24.16,22.45,..,..,0.45,0.66,0.23,..,..,..,26.21,26.79,25.62,..,..,17.73,17.65,17.82,..,..,..,..,..,..,..,..,..,..,..,..,..,..,..,..,..,..,..,..,..,..,..,..,..,..,..,..,..,..,..,..,..,..,..,..,..,..,..,..,..,..
IDN,2013,,..,..,..,..,..,..,..,..,..,,,,,-3.1899648289581,-29109199017.0583,,,,,,,,,,,,,,,,,,,,,,,,,,,,,,,,,,,,,,,,,,,,,,,,,,,,,,,,,,,,,,,,,,,,,,,,,,,,,,,,,,,,,,,,,,,,
IDN,2012,,..,..,..,..,..,..,..,..,..,,,,,-2.66027359462061,-24417850938.214,,,,,,,,,,,,,,,,,,,,,,,,,,,,,,,,,,,,,,,,,,,,,,,,,,,,,,,,,,,,,,,,,,,,,,,,,,,,,,,,,,,,,,,,,,,,
IDN,2011,19.58,19.58,19.21,19.97,21.62,10.97,10.19,25.29,29.38,12.82,19.21,19.97,..,..,0.188703954019704,1685068008.42165,19.58,19.21,19.97,..,..,..,..,..,..,..,..,..,..,..,..,..,..,..,..,..,..,..,..,..,..,..,..,..,..,..,..,..,..,..,..,..,..,..,..,..,..,..,10.68,9.52,11.88,..,..,..,..,..,..,..,..,..,..,..,..,..,..,..,..,..,..,..,..,..,..,..,..,..,..,..,..,..,..,..,..,..,..,..,..,..,..,..,..,..,..,..,..,..,..,..
IND,2024,,..,..,..,..,..,..,..,..,..,,,,,..,..,,,,,,,,,,,,,,,,,,,,,,,,,,,,,,,,,,,,,,,,,,,,,,,,,,,,,,,,,,,,,,,,,,,,,,,,,,,,,,,,,,,,,,,,,,,,
IND,2023,,..,..,..,..,..,..,..,..,..,,,,,-0.895916592872975,-31962287412.2652,,,,,,,,,,,,,,,,,,,,,,,,,,,,,,,,,,,,,,,,,,,,,,,,,,,,,,,,,,,,,,,,,,,,,,,,,,,,,,,,,,,,,,,,,,,,
IND,2022,..,..,..,..,..,..,..,..,..,..,..,..,..,..,-2.35728753316071,-79050941951.3239,..,..,..,..,..,..,..,..,..,..,..,..,..,..,..,..,..,..,..,..,..,..,..,..,..,..,..,..,..,..,..,..,..,..,..,..,..,..,..,..,..,..,..,..,..,..,..,..,..,..,..,..,..,..,..,..,..,..,..,..,..,..,..,..,..,..,..,..,..,..,..,..,..,..,..,..,..,..,..,..,..,..,..,..,..,..,..,..,..,..,..,..
IND,2021,77.53,77.53,77.55,77.51,81.3,78.25,75.9,77.05,81.3,67.5,77.55,77.51,77.26,77.83,-1.05524166809384,-33422359357.9398,77.3,77.47,77.15,77.03,77.62,28.89,11.39,8.31,4.39,11.96,5.14,11.95,11.9,5.68,17.71,7.72,16.73,..,24.69,15.75,33.03,18.5,31.82,33.67,33.65,33.68,31.11,36.61,7.38,5.25,39.22,34.93,27.98,41.42,30.39,40.16,10.44,5.12,15.41,7.2,14.17,65.57,27.83,19.74,35.38,20.72,36.02,19.4,17.48,21.19,18.33,20.64,14.09,12.74,15.35,11.58,16.98,3.48,1.87,4.98,1.98,5.21,34.52,44.53,5.97,57.19,12.07,15.61,..,..,..,..,..,..,..,..,8.28,5.09,11.26,5.79,11.16,15.52,20.08,5.98,13.5,7.03,13.15,10.24,4.6,15.51,6.59,14.46
IND,2020,,..,..,..,..,..,..,..,..,..,,,,,1.22362111042791,32730048588.208,,,,,,,,,,,,,,,,,,,,,,,,,,,,,,,,,,,,,,,,,,,,,,,,,,,,,,,,,,,,,,,,,,,,,,,,,,,,,,,,,,,,,,,,,,,,
IND,2019,,..,..,..,..,..,..,..,..,..,,,,,-1.04961203910072,-29762864650.3282,,,,,,,,,,,,,,,,,,,,,,,,,,,,,,,,,,,,,,,,,,,,,,,,,,,,,,,,,,,,,,,,,,,,,,,,,,,,,,,,,,,,,,,,,,,,
IND,2018,,..,..,..,..,..,..,..,..,..,,,,,-2.42697545810527,-65599439052.6676,,,,,,,,,,,,,,,,,,,,,,,,,,,,,,,,,,,,,,,,,,,,,,,,,,,,,,,,,,,,,,,,,,,,,,,,,,,,,,,,,,,,,,,,,,,,
IND,2017,79.88,79.88,76.64,83.01,83.08,77.08,75.37,81.74,84.94,71.4,76.64,83.01,..,..,-1.43948820320988,-38167659223.511,79.84,76.64,82.94,..,..,41.63,..,..,..,..,..,..,..,..,..,..,..,..,19.97,13.52,26.22,..,..,41.82,33.93,49.47,..,..,6.36,1.33,42.4,28.69,22.44,34.75,..,..,1.99,0.86,3.1,..,..,..,33.5,23.24,43.44,..,..,16.46,13.5,19.32,..,..,..,..,..,..,..,..,..,..,..,..,..,..,..,..,..,..,5,6.27,6.63,5.3,3.75,6.8,..,..,2.86,1.93,3.75,..,..,6.72,8.42,1.88,3.49,..,..,..,..,..,..,..
IND,2016,,..,..,..,..,..,..,..,..,..,,,,,-0.527880606037518,-12113787707.3688,,,,,,,,,,,,,,,,,,,,,,,,,,,,,,,,,,,,,,,,,,,,,,,,,,,,,,,,,,,,,,,,,,,,,,,,,,,,,,,,,,,,,,,,,,,,
IND,2015,,..,..,..,..,..,..,..,..,..,,,,,-1.06754907167965,-22456838009.6209,,,,,,,,,,,,,,,,,,,,,,,,,,,,,,,,,,,,,,,,,,,,,,,,,,,,,,,,,,,,,,,,,,,,,,,,,,,,,,,,,,,,,,,,,,,,
IND,2014,53.14,53.14,43.13,62.76,56.81,43.61,43.35,59.48,64.23,43.23,43.13,62.76,..,..,-1.33950896483453,-27314281992.5894,52.75,42.64,62.47,..,..,46.63,..,..,..,..,..,..,..,..,..,..,..,..,15.72,7.87,23.28,..,..,39.4,29.27,49.14,..,..,3.41,0.18,40.2,22.24,14.19,29.98,..,..,2.35,1.17,3.49,..,..,..,22.26,11.61,32.5,..,..,11.61,8.32,14.77,..,..,..,..,..,..,..,..,..,..,..,..,..,..,..,..,..,..,..,..,..,..,..,..,..,..,..,..,..,..,..,..,..,..,..,..,..,..,..,..,..,..
IND,2013,,..,..,..,..,..,..,..,..,..,,,,,-2.64566711733893,-49122670387.7036,,,,,,,,,,,,,,,,,,,,,,,,,,,,,,,,,,,,,,,,,,,,,,,,,,,,,,,,,,,,,,,,,,,,,,,,,,,,,,,,,,,,,,,,,,,,
IND,2012,,..,..,..,..,..,..,..,..,..,,,,,-5.00488971805304,-91471245845.7231,,,,,,,,,,,,,,,,,,,,,,,,,,,,,,,,,,,,,,,,,,,,,,,,,,,,,,,,,,,,,,,,,,,,,,,,,,,,,,,,,,,,,,,,,,,,
IND,2011,35.23,35.23,26.49,43.74,38.03,26.97,30.51,40.73,59.47,27.3,26.49,43.74,..,..,-3.42928468606061,-62517637221.5214,35.23,26.49,43.74,..,..,..,..,..,..,..,..,..,..,..,..,..,..,..,..,..,..,..,..,..,..,..,..,..,..,..,..,..,..,..,..,..,..,..,..,..,..,..,9.13,4.94,13.2,..,..,..,..,..,..,..,..,..,..,..,..,..,..,..,..,..,..,..,..,..,..,..,..,..,..,..,..,..,..,..,..,..,..,..,..,..,..,..,..,..,..,..,..,..,..,..
KHM,2024,,..,..,..,..,..,..,..,..,..,,,,,..,..,,,,,,,,,,,,,,,,,,,,,,,,,,,,,,,,,,,,,,,,,,,,,,,,,,,,,,,,,,,,,,,,,,,,,,,,,,,,,,,,,,,,,,,,,,,,
KHM,2023,,..,..,..,..,..,..,..,..,..,,,,,1.30468362030439,552346250.599386,,,,,,,,,,,,,,,,,,,,,,,,,,,,,,,,,,,,,,,,,,,,,,,,,,,,,,,,,,,,,,,,,,,,,,,,,,,,,,,,,,,,,,,,,,,,
KHM,2022,..,..,..,..,..,..,..,..,..,..,..,..,..,..,-18.9575920517337,-7582000401.47854,..,..,..,..,..,..,..,..,..,..,..,..,..,..,..,..,..,..,..,..,..,..,..,..,..,..,..,..,..,..,..,..,..,..,..,..,..,..,..,..,..,..,..,..,..,..,..,..,..,..,..,..,..,..,..,..,..,..,..,..,..,..,..,..,..,..,..,..,..,..,..,..,..,..,..,..,..,..,..,..,..,..,..,..,..,..,..,..,..,..,..,..
KHM,2021,33.39,33.39,32.52,34.41,35.19,23.35,28.77,40.09,61.43,27.65,32.52,34.41,27.7,52.56,-29.6082488651911,-10892923222.489,32.6,31.3,34.12,27.26,50.54,42.95,1.78,1.24,0.74,1.83,0.08,5.17,2.75,2.56,2.98,1.48,7.03,..,19.06,17.95,20.35,13.89,36.46,81.22,83.5,78.56,81.95,78.76,14.51,1.26,42.46,26.08,23.9,28.62,20.52,44.77,6.6,5.16,8.28,4.31,14.31,81.44,14.79,11.2,18.98,10.59,28.9,15.1,12.78,17.81,10.79,29.61,6.67,4.09,9.67,6.1,8.56,0.98,0.32,1.75,1.05,0.74,13.08,39.16,..,..,5,15.35,..,..,..,..,..,..,..,..,4.38,4.73,3.96,2.68,10.06,9.78,30,1.9,3.13,0.89,7.78,3.94,2.3,5.86,2,10.48
KHM,2020,,..,..,..,..,..,..,..,..,..,,,,,-1.00006150750614,-348202154.743794,,,,,,,,,,,,,,,,,,,,,,,,,,,,,,,,,,,,,,,,,,,,,,,,,,,,,,,,,,,,,,,,,,,,,,,,,,,,,,,,,,,,,,,,,,,,
KHM,2019,,..,..,..,..,..,..,..,..,..,,,,,-7.99991923360397,-2934798883.17741,,,,,,,,,,,,,,,,,,,,,,,,,,,,,,,,,,,,,,,,,,,,,,,,,,,,,,,,,,,,,,,,,,,,,,,,,,,,,,,,,,,,,,,,,,,,
KHM,2018,,..,..,..,..,..,..,..,..,..,,,,,-8.73582304512043,-2895566486.60117,,,,,,,,,,,,,,,,,,,,,,,,,,,,,,,,,,,,,,,,,,,,,,,,,,,,,,,,,,,,,,,,,,,,,,,,,,,,,,,,,,,,,,,,,,,,
KHM,2017,21.67,21.67,21.53,21.85,22.59,14.3,18.88,26.57,52.7,19.68,21.53,21.85,..,..,-6.15664205071234,-1807323271.66879,17.8,17.24,18.48,..,..,33.03,..,..,..,..,..,..,..,..,..,..,..,..,12.47,12.11,12.89,..,..,52.69,55.98,48.76,..,..,5.49,0.87,38.52,15.57,15.14,16.08,..,..,5.66,5.34,6.04,..,..,..,7.56,6.93,8.31,..,..,6.51,6.24,6.82,..,..,..,..,..,..,..,..,..,..,..,..,..,..,..,..,..,..,1.01,5.67,27.28,5.91,5.46,6.45,..,..,3.05,4.17,1.72,..,..,1.41,7.91,0.16,1.78,..,..,..,..,..,..,..
KHM,2016,,..,..,..,..,..,..,..,..,..,,,,,-6.52773923371679,-1733542017.09542,,,,,,,,,,,,,,,,,,,,,,,,,,,,,,,,,,,,,,,,,,,,,,,,,,,,,,,,,,,,,,,,,,,,,,,,,,,,,,,,,,,,,,,,,,,,
KHM,2015,,..,..,..,..,..,..,..,..,..,,,,,-6.61221348694343,-1598447753.50058,,,,,,,,,,,,,,,,,,,,,,,,,,,,,,,,,,,,,,,,,,,,,,,,,,,,,,,,,,,,,,,,,,,,,,,,,,,,,,,,,,,,,,,,,,,,
KHM,2014,22.17,22.17,20.5,24.29,20.53,16.31,20.02,26.05,38.92,26.33,20.5,24.29,..,..,-6.55176399019618,-1444104699.161,12.56,10.68,14.94,..,..,32.37,..,..,..,..,..,..,..,..,..,..,..,..,15.61,14.63,16.86,..,..,60.31,64.33,55.19,..,..,1.67,1.65,37.69,17.65,16.39,19.25,..,..,13.29,12.8,13.92,..,..,..,7.4,6.28,8.84,..,..,9.26,7.83,11.09,..,..,..,..,..,..,..,..,..,..,..,..,..,..,..,..,..,..,..,..,..,..,..,..,..,..,..,..,..,..,..,..,..,..,..,..,..,..,..,..,..,..
KHM,2013,,..,..,..,..,..,..,..,..,..,,,,,-6.54160754946616,-1295705055.03438,,,,,,,,,,,,,,,,,,,,,,,,,,,,,,,,,,,,,,,,,,,,,,,,,,,,,,,,,,,,,,,,,,,,,,,,,,,,,,,,,,,,,,,,,,,,
KHM,2012,,..,..,..,..,..,..,..,..,..,,,,,-6.80261456302101,-1212670581.62299,,,,,,,,,,,,,,,,,,,,,,,,,,,,,,,,,,,,,,,,,,,,,,,,,,,,,,,,,,,,,,,,,,,,,,,,,,,,,,,,,,,,,,,,,,,,
KHM,2011,3.66,3.66,3.71,3.6,3.3,0.82,2.17,5.55,15.54,4.52,3.71,3.6,..,..,-6.39866172664646,-1025873249.21648,3.66,3.71,3.6,..,..,..,..,..,..,..,..,..,..,..,..,..,..,..,..,..,..,..,..,..,..,..,..,..,..,..,..,..,..,..,..,..,..,..,..,..,..,..,2.95,3.17,2.69,..,..,..,..,..,..,..,..,..,..,..,..,..,..,..,..,..,..,..,..,..,..,..,..,..,..,..,..,..,..,..,..,..,..,..,..,..,..,..,..,..,..,..,..,..,..,..
LAO,2024,,..,..,..,..,..,..,..,..,..,,,,,..,..,,,,,,,,,,,,,,,,,,,,,,,,,,,,,,,,,,,,,,,,,,,,,,,,,,,,,,,,,,,,,,,,,,,,,,,,,,,,,,,,,,,,,,,,,,,,
LAO,2023,,..,..,..,..,..,..,..,..,..,,,,,2.55329592767601,404522650.101507,,,,,,,,,,,,,,,,,,,,,,,,,,,,,,,,,,,,,,,,,,,,,,,,,,,,,,,,,,,,,,,,,,,,,,,,,,,,,,,,,,,,,,,,,,,,
LAO,2022,..,..,..,..,..,..,..,..,..,..,..,..,..,..,-2.96567805589965,-458754368.30196,..,..,..,..,..,..,..,..,..,..,..,..,..,..,..,..,..,..,..,..,..,..,..,..,..,..,..,..,..,..,..,..,..,..,..,..,..,..,..,..,..,..,..,..,..,..,..,..,..,..,..,..,..,..,..,..,..,..,..,..,..,..,..,..,..,..,..,..,..,..,..,..,..,..,..,..,..,..,..,..,..,..,..,..,..,..,..,..,..,..,..,..
LAO,2021,37.32,37.32,37.85,36.75,41.92,22.8,28.72,46.99,57.9,26.38,37.85,36.75,30.08,68.84,2.29262780940357,431636442.937926,37.32,37.85,36.75,30.08,68.84,49.36,7.22,6.15,5.89,6.43,3.15,19.23,8.96,9.92,7.94,5.7,23.17,..,15.9,16.57,15.18,11.71,34.15,62.15,70.09,53.72,63.95,54.34,3.1,3.34,59.99,21.25,20.22,22.34,15.95,44.31,5.48,4.32,6.71,3.62,13.59,82.8,23.45,22.43,24.54,16.02,55.82,13.33,11.18,15.61,9.81,28.66,17.21,18.75,15.57,15.06,26.55,1.53,1.24,1.84,1.43,1.96,21.9,58.68,..,..,8.73,23.39,..,..,..,..,..,..,..,..,9.66,12.12,7.04,6.96,21.41,12.15,32.56,9.32,8.32,5.62,22.86,8.28,7.18,9.45,5.75,19.28
LAO,2020,,..,..,..,..,..,..,..,..,..,,,,,-1.60378619154944,-304427571.510195,,,,,,,,,,,,,,,,,,,,,,,,,,,,,,,,,,,,,,,,,,,,,,,,,,,,,,,,,,,,,,,,,,,,,,,,,,,,,,,,,,,,,,,,,,,,
LAO,2019,,..,..,..,..,..,..,..,..,..,,,,,-7.04124343564555,-1319568557.30593,,,,,,,,,,,,,,,,,,,,,,,,,,,,,,,,,,,,,,,,,,,,,,,,,,,,,,,,,,,,,,,,,,,,,,,,,,,,,,,,,,,,,,,,,,,,
LAO,2018,,..,..,..,..,..,..,..,..,..,,,,,-9.08923603390857,-1648936579.07613,,,,,,,,,,,,,,,,,,,,,,,,,,,,,,,,,,,,,,,,,,,,,,,,,,,,,,,,,,,,,,,,,,,,,,,,,,,,,,,,,,,,,,,,,,,,
LAO,2017,29.06,29.06,31.87,26.12,31.73,17.37,22.12,36.79,41.85,24,31.87,26.12,..,..,-7.37970657985854,-1259801184.32609,29.06,31.87,26.12,..,..,57.8,..,..,..,..,..,..,..,..,..,..,..,..,7.55,9.43,5.58,..,..,60.4,68.93,51.49,..,..,0.64,0.54,49.61,13.35,14.72,11.91,..,..,..,..,..,..,..,..,12.81,13.65,11.93,..,..,9.64,9.87,9.4,..,..,..,..,..,..,..,..,..,..,..,..,..,..,..,..,..,..,1.61,5.54,5.54,1.61,2.04,1.16,..,..,5.57,6.67,4.43,..,..,2.57,8.86,2.72,3.34,..,..,..,..,..,..,..
LAO,2016,,..,..,..,..,..,..,..,..,..,,,,,-8.70224068894505,-1384744199.53442,,,,,,,,,,,,,,,,,,,,,,,,,,,,,,,,,,,,,,,,,,,,,,,,,,,,,,,,,,,,,,,,,,,,,,,,,,,,,,,,,,,,,,,,,,,,
LAO,2015,,..,..,..,..,..,..,..,..,..,,,,,-15.7184889292204,-2267608962.93737,,,,,,,,,,,,,,,,,,,,,,,,,,,,,,,,,,,,,,,,,,,,,,,,,,,,,,,,,,,,,,,,,,,,,,,,,,,,,,,,,,,,,,,,,,,,
LAO,2014,..,..,..,..,..,..,..,..,..,..,..,..,..,..,-14.4922715355557,-1924464371.72909,..,..,..,..,..,..,..,..,..,..,..,..,..,..,..,..,..,..,..,..,..,..,..,..,..,..,..,..,..,..,..,..,..,..,..,..,..,..,..,..,..,..,..,..,..,..,..,..,..,..,..,..,..,..,..,..,..,..,..,..,..,..,..,..,..,..,..,..,..,..,..,..,..,..,..,..,..,..,..,..,..,..,..,..,..,..,..,..,..,..,..,..
LAO,2013,,..,..,..,..,..,..,..,..,..,,,,,-7.81092232090561,-936002554.177325,,,,,,,,,,,,,,,,,,,,,,,,,,,,,,,,,,,,,,,,,,,,,,,,,,,,,,,,,,,,,,,,,,,,,,,,,,,,,,,,,,,,,,,,,,,,
LAO,2012,,..,..,..,..,..,..,..,..,..,,,,,-7.31300411617256,-745403272.355676,,,,,,,,,,,,,,,,,,,,,,,,,,,,,,,,,,,,,,,,,,,,,,,,,,,,,,,,,,,,,,,,,,,,,,,,,,,,,,,,,,,,,,,,,,,,
LAO,2011,26.77,26.77,26.16,27.44,28.48,20.68,21.95,30.83,34.67,22.97,26.16,27.44,..,..,-2.35798203498442,-206325894.915282,26.77,26.16,27.44,..,..,..,..,..,..,..,..,..,..,..,..,..,..,..,..,..,..,..,..,..,..,..,..,..,..,..,..,..,..,..,..,..,..,..,..,..,..,..,8.31,8.35,8.27,..,..,..,..,..,..,..,..,..,..,..,..,..,..,..,..,..,..,..,..,..,..,..,..,..,..,..,..,..,..,..,..,..,..,..,..,..,..,..,..,..,..,..,..,..,..,..
LKA,2024,,..,..,..,..,..,..,..,..,..,,,,,..,..,,,,,,,,,,,,,,,,,,,,,,,,,,,,,,,,,,,,,,,,,,,,,,,,,,,,,,,,,,,,,,,,,,,,,,,,,,,,,,,,,,,,,,,,,,,,
LKA,2023,,..,..,..,..,..,..,..,..,..,,,,,1.84799342605644,1558909296.40974,,,,,,,,,,,,,,,,,,,,,,,,,,,,,,,,,,,,,,,,,,,,,,,,,,,,,,,,,,,,,,,,,,,,,,,,,,,,,,,,,,,,,,,,,,,,
LKA,2022,..,..,..,..,..,..,..,..,..,..,..,..,..,..,-1.95354537364034,-1448453678.13425,..,..,..,..,..,..,..,..,..,..,..,..,..,..,..,..,..,..,..,..,..,..,..,..,..,..,..,..,..,..,..,..,..,..,..,..,..,..,..,..,..,..,..,..,..,..,..,..,..,..,..,..,..,..,..,..,..,..,..,..,..,..,..,..,..,..,..,..,..,..,..,..,..,..,..,..,..,..,..,..,..,..,..,..,..,..,..,..,..,..,..,..
LKA,2021,89.27,89.27,89.28,89.26,90.05,87.08,76.93,90.72,92.98,86.4,89.28,89.26,..,..,-3.7064634239359,-3284272217.68832,88.93,89.24,88.58,..,..,49.94,17.21,4.8,3.78,5.91,..,..,18.09,13.68,22.83,..,..,3.96,43.49,37.71,49.72,..,..,47.26,44.65,50.08,..,..,18.96,3.29,57.33,55.06,47.51,63.21,..,..,3.13,1.83,4.53,..,..,95.94,52.85,44.47,61.89,..,..,29.74,22.61,37.43,..,..,33.91,31.52,36.49,..,..,0.59,0.81,0.36,..,..,50.96,57.09,..,..,12.81,14.41,..,..,..,..,..,..,..,..,11.11,9.08,13.29,..,..,19.99,22.47,5.99,11.9,..,..,6.84,4.21,9.67,..,..
LKA,2020,,..,..,..,..,..,..,..,..,..,,,,,-1.40813715376196,-1187120153.20636,,,,,,,,,,,,,,,,,,,,,,,,,,,,,,,,,,,,,,,,,,,,,,,,,,,,,,,,,,,,,,,,,,,,,,,,,,,,,,,,,,,,,,,,,,,,
LKA,2019,,..,..,..,..,..,..,..,..,..,,,,,-2.07088768368178,-1843400223.16081,,,,,,,,,,,,,,,,,,,,,,,,,,,,,,,,,,,,,,,,,,,,,,,,,,,,,,,,,,,,,,,,,,,,,,,,,,,,,,,,,,,,,,,,,,,,
LKA,2018,,..,..,..,..,..,..,..,..,..,,,,,-2.96215302641473,-2799053065.55055,,,,,,,,,,,,,,,,,,,,,,,,,,,,,,,,,,,,,,,,,,,,,,,,,,,,,,,,,,,,,,,,,,,,,,,,,,,,,,,,,,,,,,,,,,,,
LKA,2017,73.65,73.65,73.44,73.89,72.82,70.58,62.43,75.68,85.35,76.61,73.44,73.89,..,..,-2.44658578991858,-2308995623.00696,73.59,73.44,73.77,..,..,47.92,..,..,..,..,..,..,..,..,..,..,..,..,37.35,34.84,40.32,..,..,41.43,38.23,45.22,..,..,21.04,1.42,44.48,47.16,44.2,50.66,..,..,2.42,0.96,4.15,..,..,..,32.44,31.06,34.07,..,..,21.59,20.29,23.13,..,..,..,..,..,..,..,..,..,..,..,..,..,..,..,..,..,..,6.94,9.44,10.42,7.67,5.89,9.78,..,..,2.72,2.07,3.49,..,..,6.66,9.05,2.86,6.98,..,..,..,..,..,..,..
LKA,2016,,..,..,..,..,..,..,..,..,..,,,,,-1.97972336537526,-1742399715.22894,,,,,,,,,,,,,,,,,,,,,,,,,,,,,,,,,,,,,,,,,,,,,,,,,,,,,,,,,,,,,,,,,,,,,,,,,,,,,,,,,,,,,,,,,,,,
LKA,2015,,..,..,..,..,..,..,..,..,..,,,,,-2.21136123658296,-1882774083.92544,,,,,,,,,,,,,,,,,,,,,,,,,,,,,,,,,,,,,,,,,,,,,,,,,,,,,,,,,,,,,,,,,,,,,,,,,,,,,,,,,,,,,,,,,,,,
LKA,2014,82.69,82.69,83.11,82.23,81.99,78.7,74,85.35,91.32,85.2,83.11,82.23,..,..,-2.40848114779964,-1987684224.225,82.69,83.11,82.23,..,..,51.09,..,..,..,..,..,..,..,..,..,..,..,..,13.79,12.34,15.42,..,..,62.87,60.53,65.49,..,..,1.14,0.07,55.6,25.24,23.57,27.11,..,..,0.08,0.05,0.11,..,..,..,24.94,22.29,27.89,..,..,17.62,16.41,18.96,..,..,..,..,..,..,..,..,..,..,..,..,..,..,..,..,..,..,..,..,..,..,..,..,..,..,..,..,..,..,..,..,..,..,..,..,..,..,..,..,..,..
LKA,2013,,..,..,..,..,..,..,..,..,..,,,,,-3.29942347704936,-2540575153.51739,,,,,,,,,,,,,,,,,,,,,,,,,,,,,,,,,,,,,,,,,,,,,,,,,,,,,,,,,,,,,,,,,,,,,,,,,,,,,,,,,,,,,,,,,,,,
LKA,2012,,..,..,..,..,..,..,..,..,..,,,,,-5.69099820826854,-4009149851.06102,,,,,,,,,,,,,,,,,,,,,,,,,,,,,,,,,,,,,,,,,,,,,,,,,,,,,,,,,,,,,,,,,,,,,,,,,,,,,,,,,,,,,,,,,,,,
LKA,2011,68.53,68.53,67.24,69.99,68.47,59.13,62.88,74.76,76.42,68.72,67.24,69.99,..,..,-6.81209784164494,-4615420000,68.53,67.24,69.99,..,..,..,..,..,..,..,..,..,..,..,..,..,..,..,..,..,..,..,..,..,..,..,..,..,..,..,..,..,..,..,..,..,..,..,..,..,..,..,10.97,8.87,13.36,..,..,..,..,..,..,..,..,..,..,..,..,..,..,..,..,..,..,..,..,..,..,..,..,..,..,..,..,..,..,..,..,..,..,..,..,..,..,..,..,..,..,..,..,..,..,..
MMR,2024,,..,..,..,..,..,..,..,..,..,,,,,..,..,,,,,,,,,,,,,,,,,,,,,,,,,,,,,,,,,,,,,,,,,,,,,,,,,,,,,,,,,,,,,,,,,,,,,,,,,,,,,,,,,,,,,,,,,,,,
MMR,2023,,..,..,..,..,..,..,..,..,..,,,,,..,..,,,,,,,,,,,,,,,,,,,,,,,,,,,,,,,,,,,,,,,,,,,,,,,,,,,,,,,,,,,,,,,,,,,,,,,,,,,,,,,,,,,,,,,,,,,,
MMR,2022,..,..,..,..,..,..,..,..,..,..,..,..,..,..,..,..,..,..,..,..,..,..,..,..,..,..,..,..,..,..,..,..,..,..,..,..,..,..,..,..,..,..,..,..,..,..,..,..,..,..,..,..,..,..,..,..,..,..,..,..,..,..,..,..,..,..,..,..,..,..,..,..,..,..,..,..,..,..,..,..,..,..,..,..,..,..,..,..,..,..,..,..,..,..,..,..,..,..,..,..,..,..,..,..,..,..,..,..
MMR,2021,47.79,47.79,46.15,49.52,44.38,32.99,26.25,57.65,67.7,55.68,46.15,49.52,..,..,..,..,36.14,34.85,37.51,..,..,40.93,11.21,9.62,9.04,10.24,..,..,16.26,17.92,14.51,..,..,10.91,37.25,34.04,40.64,..,..,29.94,28.29,31.68,..,..,1.92,3.08,52.25,39.91,36.66,43.33,..,..,29.03,27.46,30.68,..,..,96.17,25.86,26.58,25.11,..,..,20.83,19.36,22.39,..,..,12.83,12.51,13.16,..,..,6.59,6.07,7.14,..,..,22.74,47.58,11.77,40.55,17.3,47.86,..,..,..,..,..,..,..,..,19.68,21.49,17.78,..,..,19.06,52.72,11.52,21.92,..,..,25.87,22.76,29.16,..,..
MMR,2020,,..,..,..,..,..,..,..,..,..,,,,,..,..,,,,,,,,,,,,,,,,,,,,,,,,,,,,,,,,,,,,,,,,,,,,,,,,,,,,,,,,,,,,,,,,,,,,,,,,,,,,,,,,,,,,,,,,,,,,
MMR,2019,,..,..,..,..,..,..,..,..,..,,,,,0.0902156578672671,67720479.4120727,,,,,,,,,,,,,,,,,,,,,,,,,,,,,,,,,,,,,,,,,,,,,,,,,,,,,,,,,,,,,,,,,,,,,,,,,,,,,,,,,,,,,,,,,,,,
MMR,2018,,..,..,..,..,..,..,..,..,..,,,,,-3.77415133315681,-2561158568.90545,,,,,,,,,,,,,,,,,,,,,,,,,,,,,,,,,,,,,,,,,,,,,,,,,,,,,,,,,,,,,,,,,,,,,,,,,,,,,,,,,,,,,,,,,,,,
MMR,2017,25.99,25.99,25.98,26.01,30.84,22.54,23.61,28.29,30.49,11.26,25.98,26.01,..,..,-7.44369978642156,-4916790033.35814,25.61,25.74,25.46,..,..,38.82,..,..,..,..,..,..,..,..,..,..,..,..,3.56,3.42,3.72,..,..,28.45,29.6,27.15,..,..,0.38,0.14,42.51,7.71,7.44,8.02,..,..,0.69,0.51,0.89,..,..,..,4.88,4.16,5.69,..,..,5.66,5.21,6.17,..,..,..,..,..,..,..,..,..,..,..,..,..,..,..,..,..,..,0.66,2.59,4.22,1.1,0.81,1.42,..,..,2.65,2.34,3,..,..,0.66,2.59,0.79,1.47,..,..,..,..,..,..,..
MMR,2016,,..,..,..,..,..,..,..,..,..,,,,,-3.03174958632843,-1919047827.97293,,,,,,,,,,,,,,,,,,,,,,,,,,,,,,,,,,,,,,,,,,,,,,,,,,,,,,,,,,,,,,,,,,,,,,,,,,,,,,,,,,,,,,,,,,,,
MMR,2015,,..,..,..,..,..,..,..,..,..,,,,,-5.21601722230963,-3109126533.41224,,,,,,,,,,,,,,,,,,,,,,,,,,,,,,,,,,,,,,,,,,,,,,,,,,,,,,,,,,,,,,,,,,,,,,,,,,,,,,,,,,,,,,,,,,,,
MMR,2014,22.78,22.78,17.4,28.6,25.98,19.35,20.74,25.07,26.44,13.46,17.4,28.6,..,..,-3.78673335196155,-2481498402.81779,22.62,17.08,28.6,..,..,53.83,..,..,..,..,..,..,..,..,..,..,..,..,2.02,2.32,1.69,..,..,30.69,32.24,29.01,..,..,0,0,67.43,4.32,4.18,4.46,..,..,0.16,0.32,0,..,..,..,1.7,0.93,2.54,..,..,2.92,2.67,3.18,..,..,..,..,..,..,..,..,..,..,..,..,..,..,..,..,..,..,..,..,..,..,..,..,..,..,..,..,..,..,..,..,..,..,..,..,..,..,..,..,..,..
MMR,2013,,..,..,..,..,..,..,..,..,..,,,,,-0.644739708349136,-388582899.831015,,,,,,,,,,,,,,,,,,,,,,,,,,,,,,,,,,,,,,,,,,,,,,,,,,,,,,,,,,,,,,,,,,,,,,,,,,,,,,,,,,,,,,,,,,,,
MMR,2012,,..,..,..,..,..,..,..,..,..,,,,,-2.1015900196755,-1259646752.3723,,,,,,,,,,,,,,,,,,,,,,,,,,,,,,,,,,,,,,,,,,,,,,,,,,,,,,,,,,,,,,,,,,,,,,,,,,,,,,,,,,,,,,,,,,,,
MMR,2011,..,..,..,..,..,..,..,..,..,..,..,..,..,..,-2.60285417206877,-1561122334.3245,..,..,..,..,..,..,..,..,..,..,..,..,..,..,..,..,..,..,..,..,..,..,..,..,..,..,..,..,..,..,..,..,..,..,..,..,..,..,..,..,..,..,..,..,..,..,..,..,..,..,..,..,..,..,..,..,..,..,..,..,..,..,..,..,..,..,..,..,..,..,..,..,..,..,..,..,..,..,..,..,..,..,..,..,..,..,..,..,..,..,..,..
MYS,2024,,..,..,..,..,..,..,..,..,..,,,,,..,7150093156.3301,,,,,,,,,,,,,,,,,,,,,,,,,,,,,,,,,,,,,,,,,,,,,,,,,,,,,,,,,,,,,,,,,,,,,,,,,,,,,,,,,,,,,,,,,,,,
MYS,2023,,..,..,..,..,..,..,..,..,..,,,,,1.56542803967803,6257096796.55398,,,,,,,,,,,,,,,,,,,,,,,,,,,,,,,,,,,,,,,,,,,,,,,,,,,,,,,,,,,,,,,,,,,,,,,,,,,,,,,,,,,,,,,,,,,,
MYS,2022,..,..,..,..,..,..,..,..,..,..,..,..,..,..,3.12519285726352,12738468639.6039,..,..,..,..,..,..,..,..,..,..,..,..,..,..,..,..,..,..,..,..,..,..,..,..,..,..,..,..,..,..,..,..,..,..,..,..,..,..,..,..,..,..,..,..,..,..,..,..,..,..,..,..,..,..,..,..,..,..,..,..,..,..,..,..,..,..,..,..,..,..,..,..,..,..,..,..,..,..,..,..,..,..,..,..,..,..,..,..,..,..,..,..
MYS,2021,88.37,88.37,87.51,89.23,92.51,82.98,71.67,91.97,92.94,74.27,87.51,89.23,88.1,88.46,3.87747670667502,14493419471.0048,88.17,87.51,88.81,88.1,88.19,77.5,39.45,24.92,26.87,22.99,12.88,28.52,50.31,49.5,51.12,34.57,55.02,43.65,65.51,62.44,68.57,56.2,68.29,59.69,55.08,64.29,62.87,58.75,30.91,23.49,83.79,79.3,75.87,82.71,75.44,80.45,27.98,29,26.96,19.88,30.4,91.69,83.57,82.63,84.51,79.54,84.78,63.23,60.94,65.52,60.22,64.13,49.1,50.18,48.02,37.27,52.63,9.29,10.45,8.14,5.71,10.36,66.22,74.93,12.52,44.74,45.42,51.52,..,..,..,..,..,..,..,..,50.39,50.51,50.27,32.43,55.76,47.64,54.03,34.29,43.92,26.36,42.93,32.71,30.88,34.52,15.98,37.71
MYS,2020,,..,..,..,..,..,..,..,..,..,,,,,4.18956779359845,14137954762.8317,,,,,,,,,,,,,,,,,,,,,,,,,,,,,,,,,,,,,,,,,,,,,,,,,,,,,,,,,,,,,,,,,,,,,,,,,,,,,,,,,,,,,,,,,,,,
MYS,2019,,..,..,..,..,..,..,..,..,..,,,,,3.5038866968342,12795413586.6752,,,,,,,,,,,,,,,,,,,,,,,,,,,,,,,,,,,,,,,,,,,,,,,,,,,,,,,,,,,,,,,,,,,,,,,,,,,,,,,,,,,,,,,,,,,,
MYS,2018,,..,..,..,..,..,..,..,..,..,,,,,2.23708206947011,8026400934.69379,,,,,,,,,,,,,,,,,,,,,,,,,,,,,,,,,,,,,,,,,,,,,,,,,,,,,,,,,,,,,,,,,,,,,,,,,,,,,,,,,,,,,,,,,,,,
MYS,2017,85.34,85.34,82.48,87.92,85.82,80.5,69.99,88.54,87.54,84.06,82.48,87.92,..,..,2.807870911226,8960171430.00506,85.13,82.09,87.86,..,..,65.43,..,..,..,..,..,..,..,..,..,..,..,16.54,60.1,53.5,66.02,..,..,43.84,38.56,48.57,..,..,25.16,9.6,66.16,70.42,64.22,75.99,..,..,10.88,8.74,12.79,..,..,..,75.49,68.76,81.53,..,..,44.34,36.99,50.93,..,..,..,..,..,..,..,..,..,..,..,..,..,..,..,..,..,..,32.12,37.73,38.18,32.58,29.88,35.01,..,..,33.9,35.67,32.31,..,..,35.6,41.82,25.02,24.79,..,..,..,..,..,..,..
MYS,2016,,..,..,..,..,..,..,..,..,..,,,,,2.36768591329055,7132796676.88571,,,,,,,,,,,,,,,,,,,,,,,,,,,,,,,,,,,,,,,,,,,,,,,,,,,,,,,,,,,,,,,,,,,,,,,,,,,,,,,,,,,,,,,,,,,,
MYS,2015,,..,..,..,..,..,..,..,..,..,,,,,3.00891850128321,9067534382.29971,,,,,,,,,,,,,,,,,,,,,,,,,,,,,,,,,,,,,,,,,,,,,,,,,,,,,,,,,,,,,,,,,,,,,,,,,,,,,,,,,,,,,,,,,,,,
MYS,2014,80.67,80.67,78.09,83.01,81.95,75.28,58.6,84.43,84.37,76.2,78.09,83.01,..,..,4.39159166153878,14846482442.7808,80.67,78.09,83.01,..,..,68.59,..,..,..,..,..,..,..,..,..,..,..,..,45.57,42.83,48.05,..,..,54.85,46.1,62.76,..,..,12.69,3.17,68.19,62.6,56.08,68.5,..,..,2.83,2.55,3.08,..,..,..,48.19,44.59,51.44,..,..,51.28,44.59,57.35,..,..,..,..,..,..,..,..,..,..,..,..,..,..,..,..,..,..,..,..,..,..,..,..,..,..,..,..,..,..,..,..,..,..,..,..,..,..,..,..,..,..
MYS,2013,,..,..,..,..,..,..,..,..,..,,,,,3.46614353655814,11205218342.858,,,,,,,,,,,,,,,,,,,,,,,,,,,,,,,,,,,,,,,,,,,,,,,,,,,,,,,,,,,,,,,,,,,,,,,,,,,,,,,,,,,,,,,,,,,,
MYS,2012,,..,..,..,..,..,..,..,..,..,,,,,5.18877994987762,16315757809.838,,,,,,,,,,,,,,,,,,,,,,,,,,,,,,,,,,,,,,,,,,,,,,,,,,,,,,,,,,,,,,,,,,,,,,,,,,,,,,,,,,,,,,,,,,,,
MYS,2011,66.17,66.17,63.1,69.22,70.45,47.81,39.73,78.41,74.11,57.09,63.1,69.22,..,..,10.905001967915,32491635332.4264,66.17,63.1,69.22,..,..,..,..,..,..,..,..,..,..,..,..,..,..,..,..,..,..,..,..,..,..,..,..,..,..,..,..,..,..,..,..,..,..,..,..,..,..,..,27.97,24.8,31.11,..,..,..,..,..,..,..,..,..,..,..,..,..,..,..,..,..,..,..,..,..,..,..,..,..,..,..,..,..,..,..,..,..,..,..,..,..,..,..,..,..,..,..,..,..,..,..
NPL,2024,,..,..,..,..,..,..,..,..,..,,,,,..,1953752173.62912,,,,,,,,,,,,,,,,,,,,,,,,,,,,,,,,,,,,,,,,,,,,,,,,,,,,,,,,,,,,,,,,,,,,,,,,,,,,,,,,,,,,,,,,,,,,
NPL,2023,,..,..,..,..,..,..,..,..,..,,,,,0.358510890863517,146659898.262579,,,,,,,,,,,,,,,,,,,,,,,,,,,,,,,,,,,,,,,,,,,,,,,,,,,,,,,,,,,,,,,,,,,,,,,,,,,,,,,,,,,,,,,,,,,,
NPL,2022,..,..,..,..,..,..,..,..,..,..,..,..,..,..,-7.49867255763833,-3088173790.26421,..,..,..,..,..,..,..,..,..,..,..,..,..,..,..,..,..,..,..,..,..,..,..,..,..,..,..,..,..,..,..,..,..,..,..,..,..,..,..,..,..,..,..,..,..,..,..,..,..,..,..,..,..,..,..,..,..,..,..,..,..,..,..,..,..,..,..,..,..,..,..,..,..,..,..,..,..,..,..,..,..,..,..,..,..,..,..,..,..,..,..,..
NPL,2021,54,54,49.9,58.61,59.02,44.55,51,60.28,63.3,42.23,49.9,58.61,51.59,61.52,-14.5240163530398,-5362970002.43642,52.8,49.66,56.33,50.47,60.06,45.01,4.84,3.7,2.76,4.75,2.64,6.99,5.41,4.07,6.93,3.73,10.68,..,18.78,14.67,23.39,17.21,23.65,43.51,39.29,48.25,46.88,33.03,3.36,3.18,46.33,28.58,22.91,34.95,26.68,34.49,6.09,3.69,8.8,5,9.5,79.57,14.18,11.32,17.39,11.86,21.39,19.43,14.38,25.1,17.67,24.89,16.76,15.42,18.28,15.62,20.32,1.74,1.68,1.82,1.67,1.97,29.83,55.24,..,..,6.81,12.9,..,..,..,..,..,..,..,..,4.41,4.23,4.61,3.26,7.98,9.26,17.53,3.71,9.17,5.28,9.4,8.48,5.69,11.62,6.25,15.43
NPL,2020,,..,..,..,..,..,..,..,..,..,,,,,-0.251653542060189,-84136987.8719229,,,,,,,,,,,,,,,,,,,,,,,,,,,,,,,,,,,,,,,,,,,,,,,,,,,,,,,,,,,,,,,,,,,,,,,,,,,,,,,,,,,,,,,,,,,,
NPL,2019,,..,..,..,..,..,..,..,..,..,,,,,-5.12963069016168,-1753624816.93134,,,,,,,,,,,,,,,,,,,,,,,,,,,,,,,,,,,,,,,,,,,,,,,,,,,,,,,,,,,,,,,,,,,,,,,,,,,,,,,,,,,,,,,,,,,,
NPL,2018,,..,..,..,..,..,..,..,..,..,,,,,-8.30080510271616,-2748523176.47241,,,,,,,,,,,,,,,,,,,,,,,,,,,,,,,,,,,,,,,,,,,,,,,,,,,,,,,,,,,,,,,,,,,,,,,,,,,,,,,,,,,,,,,,,,,,
NPL,2017,45.39,45.39,41.6,49.98,47.72,37.92,41.84,50.33,58.6,39.34,41.6,49.98,..,..,-3.56432924017779,-1032642815.94551,45.39,41.6,49.98,..,..,53.5,..,..,..,..,..,..,..,..,..,..,..,..,9.11,6.65,12.1,..,..,43.06,39.1,47.86,..,..,1.84,0.18,49.26,16.31,13.14,20.15,..,..,..,..,..,..,..,..,9.11,5.98,12.9,..,..,11.08,8.46,14.27,..,..,..,..,..,..,..,..,..,..,..,..,..,..,..,..,..,..,2.98,6.56,6.92,4,3.36,4.77,..,..,1.75,0.51,3.25,..,..,4.4,9.38,0.37,2.05,..,..,..,..,..,..,..
NPL,2016,,..,..,..,..,..,..,..,..,..,,,,,-0.68434663855188,-167829918.885316,,,,,,,,,,,,,,,,,,,,,,,,,,,,,,,,,,,,,,,,,,,,,,,,,,,,,,,,,,,,,,,,,,,,,,,,,,,,,,,,,,,,,,,,,,,,
NPL,2015,,..,..,..,..,..,..,..,..,..,,,,,10.0433083922087,2446630400.04284,,,,,,,,,,,,,,,,,,,,,,,,,,,,,,,,,,,,,,,,,,,,,,,,,,,,,,,,,,,,,,,,,,,,,,,,,,,,,,,,,,,,,,,,,,,,
NPL,2014,33.8,33.8,31.27,36.72,37.34,24.13,29.62,40.21,51.94,25.42,31.27,36.72,..,..,2.18298241690426,496227113.170158,33.8,31.27,36.72,..,..,70.92,..,..,..,..,..,..,..,..,..,..,..,..,5.62,4.01,7.48,..,..,38.07,34.49,42.2,..,..,0.04,0.31,58.54,9.86,7.7,12.36,..,..,0.34,0.28,0.4,..,..,..,6.95,4.61,9.65,..,..,6.57,4.97,8.41,..,..,..,..,..,..,..,..,..,..,..,..,..,..,..,..,..,..,..,..,..,..,..,..,..,..,..,..,..,..,..,..,..,..,..,..,..,..,..,..,..,..
NPL,2013,,..,..,..,..,..,..,..,..,..,,,,,5.23137372695533,1159387765.73809,,,,,,,,,,,,,,,,,,,,,,,,,,,,,,,,,,,,,,,,,,,,,,,,,,,,,,,,,,,,,,,,,,,,,,,,,,,,,,,,,,,,,,,,,,,,
NPL,2012,,..,..,..,..,..,..,..,..,..,,,,,2.66070688066427,577455898.355328,,,,,,,,,,,,,,,,,,,,,,,,,,,,,,,,,,,,,,,,,,,,,,,,,,,,,,,,,,,,,,,,,,,,,,,,,,,,,,,,,,,,,,,,,,,,
NPL,2011,25.31,25.31,21.22,29.56,26.57,14.44,18.97,32.54,41.53,23.65,21.22,29.56,..,..,1.33775079697372,288604650.246019,25.31,21.22,29.56,..,..,..,..,..,..,..,..,..,..,..,..,..,..,..,..,..,..,..,..,..,..,..,..,..,..,..,..,..,..,..,..,..,..,..,..,..,..,..,4.07,2.02,6.2,..,..,..,..,..,..,..,..,..,..,..,..,..,..,..,..,..,..,..,..,..,..,..,..,..,..,..,..,..,..,..,..,..,..,..,..,..,..,..,..,..,..,..,..,..,..,..
PAK,2024,,..,..,..,..,..,..,..,..,..,,,,,..,803956957.243333,,,,,,,,,,,,,,,,,,,,,,,,,,,,,,,,,,,,,,,,,,,,,,,,,,,,,,,,,,,,,,,,,,,,,,,,,,,,,,,,,,,,,,,,,,,,
PAK,2023,,..,..,..,..,..,..,..,..,..,,,,,-0.244214768763813,-825231745.482939,,,,,,,,,,,,,,,,,,,,,,,,,,,,,,,,,,,,,,,,,,,,,,,,,,,,,,,,,,,,,,,,,,,,,,,,,,,,,,,,,,,,,,,,,,,,
PAK,2022,..,..,..,..,..,..,..,..,..,..,..,..,..,..,-3.25858181478804,-12216107000,..,..,..,..,..,..,..,..,..,..,..,..,..,..,..,..,..,..,..,..,..,..,..,..,..,..,..,..,..,..,..,..,..,..,..,..,..,..,..,..,..,..,..,..,..,..,..,..,..,..,..,..,..,..,..,..,..,..,..,..,..,..,..,..,..,..,..,..,..,..,..,..,..,..,..,..,..,..,..,..,..,..,..,..,..,..,..,..,..,..,..,..
PAK,2021,20.98,20.98,13.48,28.18,22.54,17.61,15.31,23.21,35.3,18.1,13.48,28.18,15.56,24.51,-3.52439577565177,-12283106000,16.29,11.48,20.9,11.93,19.13,34.04,0.81,0.34,0.2,0.48,0.25,0.41,1.07,0.45,1.67,1,1.12,..,14.9,10.43,19.18,9.83,18.19,52.94,34.73,70.41,44.79,58.25,5.34,3.02,45.55,17.62,11.35,23.65,11.53,21.59,8.54,2.98,13.87,6.06,10.15,62.99,7.74,2.04,13.21,5.26,9.36,8.13,3.55,12.52,3.99,10.82,2.83,0.48,5.08,2.52,3.02,0.81,0.06,1.54,0.49,1.02,7.89,37.6,..,..,2.44,14.98,..,..,..,..,..,..,..,..,0.64,0.75,0.54,0,1.06,1.96,12.01,3.04,8.33,4.07,6.83,5.97,2.06,9.71,3.94,7.29
PAK,2020,,..,..,..,..,..,..,..,..,..,,,,,-0.216650637871501,-650874000.000002,,,,,,,,,,,,,,,,,,,,,,,,,,,,,,,,,,,,,,,,,,,,,,,,,,,,,,,,,,,,,,,,,,,,,,,,,,,,,,,,,,,,,,,,,,,,
PAK,2019,,..,..,..,..,..,..,..,..,..,,,,,-2.66677325730292,-8557928000,,,,,,,,,,,,,,,,,,,,,,,,,,,,,,,,,,,,,,,,,,,,,,,,,,,,,,,,,,,,,,,,,,,,,,,,,,,,,,,,,,,,,,,,,,,,
PAK,2018,,..,..,..,..,..,..,..,..,..,,,,,-5.29556175645778,-18858987000,,,,,,,,,,,,,,,,,,,,,,,,,,,,,,,,,,,,,,,,,,,,,,,,,,,,,,,,,,,,,,,,,,,,,,,,,,,,,,,,,,,,,,,,,,,,
PAK,2017,21.29,21.29,7.03,34.61,24.58,14.22,15.92,26,34.03,14.89,7.03,34.61,..,..,-4.76985760466006,-16179621000,18.05,6.28,29.03,..,..,36.84,..,..,..,..,..,..,..,..,..,..,..,..,14.32,4.5,23.48,..,..,31.14,14.54,46.64,..,..,7.36,3.48,42.96,17.69,5.34,29.22,..,..,6.89,0.79,12.57,..,..,..,8.44,2.93,13.57,..,..,8.51,1.34,15.2,..,..,..,..,..,..,..,..,..,..,..,..,..,..,..,..,..,..,1.97,10.91,35.62,7.59,0.95,13.78,..,..,0.85,0.49,1.19,..,..,1.41,7.82,2.77,11.54,..,..,..,..,..,..,..
PAK,2016,,..,..,..,..,..,..,..,..,..,,,,,-2.29279660651385,-7190898000,,,,,,,,,,,,,,,,,,,,,,,,,,,,,,,,,,,,,,,,,,,,,,,,,,,,,,,,,,,,,,,,,,,,,,,,,,,,,,,,,,,,,,,,,,,,
PAK,2015,,..,..,..,..,..,..,..,..,..,,,,,-0.934446742353906,-2803000000,,,,,,,,,,,,,,,,,,,,,,,,,,,,,,,,,,,,,,,,,,,,,,,,,,,,,,,,,,,,,,,,,,,,,,,,,,,,,,,,,,,,,,,,,,,,
PAK,2014,13.04,13.04,4.84,20.97,12.96,9.75,10.03,15.21,25.19,13.2,4.84,20.97,..,..,-1.34787339235798,-3658000000,8.71,3.02,14.21,..,..,..,..,..,..,..,..,..,..,..,..,..,..,..,6.19,1.47,10.76,..,..,36.04,15.6,55.84,..,..,0.41,0.29,..,9.45,3.91,14.83,..,..,5.8,2.17,9.32,..,..,..,3.03,0.45,5.53,..,..,6.11,2.74,9.38,..,..,..,..,..,..,..,..,..,..,..,..,..,..,..,..,..,..,..,..,..,..,..,..,..,..,..,..,..,..,..,..,..,..,..,..,..,..,..,..,..,..
PAK,2013,,..,..,..,..,..,..,..,..,..,,,,,-1.70727876868057,-4416000000,,,,,,,,,,,,,,,,,,,,,,,,,,,,,,,,,,,,,,,,,,,,,,,,,,,,,,,,,,,,,,,,,,,,,,,,,,,,,,,,,,,,,,,,,,,,
PAK,2012,,..,..,..,..,..,..,..,..,..,,,,,-0.936399348037174,-2342000000,,,,,,,,,,,,,,,,,,,,,,,,,,,,,,,,,,,,,,,,,,,,,,,,,,,,,,,,,,,,,,,,,,,,,,,,,,,,,,,,,,,,,,,,,,,,
PAK,2011,10.31,10.31,2.95,17.28,11.45,4.81,3.75,13.94,24.46,7.95,2.95,17.28,..,..,-0.957124213324854,-2207000000,10.31,2.95,17.28,..,..,..,..,..,..,..,..,..,..,..,..,..,..,..,..,..,..,..,..,..,..,..,..,..,..,..,..,..,..,..,..,..,..,..,..,..,..,..,3.17,1.34,4.9,..,..,..,..,..,..,..,..,..,..,..,..,..,..,..,..,..,..,..,..,..,..,..,..,..,..,..,..,..,..,..,..,..,..,..,..,..,..,..,..,..,..,..,..,..,..,..
PHL,2024,,..,..,..,..,..,..,..,..,..,,,,,..,-17514262287.96,,,,,,,,,,,,,,,,,,,,,,,,,,,,,,,,,,,,,,,,,,,,,,,,,,,,,,,,,,,,,,,,,,,,,,,,,,,,,,,,,,,,,,,,,,,,
PHL,2023,,..,..,..,..,..,..,..,..,..,,,,,-2.83353281449545,-12386685918.6795,,,,,,,,,,,,,,,,,,,,,,,,,,,,,,,,,,,,,,,,,,,,,,,,,,,,,,,,,,,,,,,,,,,,,,,,,,,,,,,,,,,,,,,,,,,,
PHL,2022,..,..,..,..,..,..,..,..,..,..,..,..,..,..,-4.51605763317135,-18260831213.0155,..,..,..,..,..,..,..,..,..,..,..,..,..,..,..,..,..,..,..,..,..,..,..,..,..,..,..,..,..,..,..,..,..,..,..,..,..,..,..,..,..,..,..,..,..,..,..,..,..,..,..,..,..,..,..,..,..,..,..,..,..,..,..,..,..,..,..,..,..,..,..,..,..,..,..,..,..,..,..,..,..,..,..,..,..,..,..,..,..,..,..,..
PHL,2021,51.37,51.37,47.42,55.59,55.53,33.99,32.77,62.8,61.18,40.17,47.42,55.59,..,..,-1.50797765976295,-5942749346.45914,45.98,40.91,51.4,..,..,53.51,17.27,12.21,8.85,15.8,..,..,18.48,13.68,23.61,..,..,8.28,38.53,34.02,43.35,..,..,62.8,59.34,66.49,..,..,14.41,11.72,52.79,43.45,39.31,47.88,..,..,21.74,18.91,24.76,..,..,92.11,30.05,24.21,36.29,..,..,28.5,24.73,32.52,..,..,20.77,16.65,25.17,..,..,8.46,6.39,10.68,..,..,24.88,48.43,11.13,51.19,17.99,39.11,..,..,..,..,..,..,..,..,35.91,31.91,40.19,..,..,18.72,40.7,17.71,23.64,..,..,27.05,24.04,30.26,..,..
PHL,2020,,..,..,..,..,..,..,..,..,..,,,,,3.20065009232564,11578388370.8856,,,,,,,,,,,,,,,,,,,,,,,,,,,,,,,,,,,,,,,,,,,,,,,,,,,,,,,,,,,,,,,,,,,,,,,,,,,,,,,,,,,,,,,,,,,,
PHL,2019,,..,..,..,..,..,..,..,..,..,,,,,-0.808557862517338,-3046835246.6567,,,,,,,,,,,,,,,,,,,,,,,,,,,,,,,,,,,,,,,,,,,,,,,,,,,,,,,,,,,,,,,,,,,,,,,,,,,,,,,,,,,,,,,,,,,,
PHL,2018,,..,..,..,..,..,..,..,..,..,,,,,-2.55939306315271,-8877047441.26577,,,,,,,,,,,,,,,,,,,,,,,,,,,,,,,,,,,,,,,,,,,,,,,,,,,,,,,,,,,,,,,,,,,,,,,,,,,,,,,,,,,,,,,,,,,,
PHL,2017,34.5,34.5,38.85,30.02,38.83,18.03,18,45.36,41.35,23.52,38.85,30.02,..,..,-0.652387929430577,-2142968677.37994,31.8,35.47,28.02,..,..,68.88,..,..,..,..,..,..,..,..,..,..,..,..,13.64,15.62,11.61,..,..,53.05,58.93,47,..,..,2.14,0.28,65.46,25.09,26.7,23.44,..,..,4.52,4.33,4.72,..,..,..,21.28,18.88,23.75,..,..,20.13,20.33,19.92,..,..,..,..,..,..,..,..,..,..,..,..,..,..,..,..,..,..,4.01,12.62,20.24,6.98,6.98,6.98,..,..,9.09,10.76,7.37,..,..,4.14,13.02,3.29,3.38,..,..,..,..,..,..,..
PHL,2016,,..,..,..,..,..,..,..,..,..,,,,,-0.376262661570348,-1198874442.01674,,,,,,,,,,,,,,,,,,,,,,,,,,,,,,,,,,,,,,,,,,,,,,,,,,,,,,,,,,,,,,,,,,,,,,,,,,,,,,,,,,,,,,,,,,,,
PHL,2015,,..,..,..,..,..,..,..,..,..,,,,,2.37094985952193,7265677953.83482,,,,,,,,,,,,,,,,,,,,,,,,,,,,,,,,,,,,,,,,,,,,,,,,,,,,,,,,,,,,,,,,,,,,,,,,,,,,,,,,,,,,,,,,,,,,
PHL,2014,31.29,31.29,37.85,24.4,35.85,18.04,18.07,40.1,36.83,19.05,37.85,24.4,..,..,3.61563913350118,10755931842.7773,28.07,33.88,21.97,..,..,63.21,..,..,..,..,..,..,..,..,..,..,..,..,17.55,21.31,13.61,..,..,55.21,62,48.09,..,..,1.04,0.31,60.98,21.36,25.53,16.98,..,..,4.23,4.92,3.49,..,..,..,21.08,26.02,15.91,..,..,13.84,15.87,11.71,..,..,..,..,..,..,..,..,..,..,..,..,..,..,..,..,..,..,..,..,..,..,..,..,..,..,..,..,..,..,..,..,..,..,..,..,..,..,..,..,..,..
PHL,2013,,..,..,..,..,..,..,..,..,..,,,,,4.00964958379015,11383508584.5926,,,,,,,,,,,,,,,,,,,,,,,,,,,,,,,,,,,,,,,,,,,,,,,,,,,,,,,,,,,,,,,,,,,,,,,,,,,,,,,,,,,,,,,,,,,,
PHL,2012,,..,..,..,..,..,..,..,..,..,,,,,2.65327822076163,6949480669.31383,,,,,,,,,,,,,,,,,,,,,,,,,,,,,,,,,,,,,,,,,,,,,,,,,,,,,,,,,,,,,,,,,,,,,,,,,,,,,,,,,,,,,,,,,,,,
PHL,2011,26.56,26.56,33.71,19,29.68,9.89,12.26,37.67,33.06,18.34,33.71,19,..,..,2.40919069908821,5642727681.99825,26.56,33.71,19,..,..,..,..,..,..,..,..,..,..,..,..,..,..,..,..,..,..,..,..,..,..,..,..,..,..,..,..,..,..,..,..,..,..,..,..,..,..,..,14.77,18.5,10.83,..,..,..,..,..,..,..,..,..,..,..,..,..,..,..,..,..,..,..,..,..,..,..,..,..,..,..,..,..,..,..,..,..,..,..,..,..,..,..,..,..,..,..,..,..,..,..
SGP,2024,,..,..,..,..,..,..,..,..,..,,,,,..,96015191957.4927,,,,,,,,,,,,,,,,,,,,,,,,,,,,,,,,,,,,,,,,,,,,,,,,,,,,,,,,,,,,,,,,,,,,,,,,,,,,,,,,,,,,,,,,,,,,
SGP,2023,,..,..,..,..,..,..,..,..,..,,,,,17.8297603314757,89403321500.3846,,,,,,,,,,,,,,,,,,,,,,,,,,,,,,,,,,,,,,,,,,,,,,,,,,,,,,,,,,,,,,,,,,,,,,,,,,,,,,,,,,,,,,,,,,,,
SGP,2022,..,..,..,..,..,..,..,..,..,..,..,..,..,..,18.8115123045876,93770599613.1526,..,..,..,..,..,..,..,..,..,..,..,..,..,..,..,..,..,..,..,..,..,..,..,..,..,..,..,..,..,..,..,..,..,..,..,..,..,..,..,..,..,..,..,..,..,..,..,..,..,..,..,..,..,..,..,..,..,..,..,..,..,..,..,..,..,..,..,..,..,..,..,..,..,..,..,..,..,..,..,..,..,..,..,..,..,..,..,..,..,..,..,..
SGP,2021,97.55,97.55,96.87,98.27,98.07,95.55,92.44,98.88,98.96,94.36,96.87,98.27,..,97.55,19.9108522556576,86435311193.5394,97.19,96.87,97.53,..,97.19,88.18,80.88,49.87,45.5,54.52,..,49.87,82.98,78.72,87.52,..,82.98,56.63,91.04,87.97,94.31,..,91.04,62.25,61.14,63.43,..,62.25,47.15,17.53,93.54,94.84,93.04,96.76,..,94.84,30.6,27.07,34.37,..,30.6,96.81,93.72,93.08,94.4,..,93.72,77.68,76.2,79.26,..,77.68,60.47,59.54,61.47,..,60.47,2.27,2.67,1.85,..,2.27,93.05,95.38,10.65,34.8,67.51,69.46,..,..,..,..,..,..,..,..,58.41,55.23,61.81,..,58.41,69.1,71.1,54.31,62.17,..,58.11,53.95,50.96,57.12,..,53.95
SGP,2020,,..,..,..,..,..,..,..,..,..,,,,,17.4848519172132,61107526167.3379,,,,,,,,,,,,,,,,,,,,,,,,,,,,,,,,,,,,,,,,,,,,,,,,,,,,,,,,,,,,,,,,,,,,,,,,,,,,,,,,,,,,,,,,,,,,
SGP,2019,,..,..,..,..,..,..,..,..,..,,,,,15.3540131622503,57869528830.3534,,,,,,,,,,,,,,,,,,,,,,,,,,,,,,,,,,,,,,,,,,,,,,,,,,,,,,,,,,,,,,,,,,,,,,,,,,,,,,,,,,,,,,,,,,,,
SGP,2018,,..,..,..,..,..,..,..,..,..,,,,,15.7021310963339,59180185467.7778,,,,,,,,,,,,,,,,,,,,,,,,,,,,,,,,,,,,,,,,,,,,,,,,,,,,,,,,,,,,,,,,,,,,,,,,,,,,,,,,,,,,,,,,,,,,
SGP,2017,97.93,97.93,96.31,99.68,97.95,96.38,93.19,98.96,99.06,97.84,96.31,99.68,..,..,18.6260950135482,63935405615.801,97.81,96.31,99.44,..,..,89.9,..,..,..,..,..,..,..,..,..,..,..,42.92,84.44,83.81,85.11,..,..,55.77,48.48,63.66,..,..,44.12,8.34,91.1,90.1,88.79,91.52,..,..,9.55,7.86,11.38,..,..,..,92.1,92.14,92.05,..,..,69.35,67.98,70.84,..,..,..,..,..,..,..,..,..,..,..,..,..,..,..,..,..,..,48.03,49.11,49.73,48.71,48.57,48.85,..,..,48.03,48.79,47.2,..,..,59.22,60.54,48.86,50.58,..,..,..,..,..,..,..
SGP,2016,,..,..,..,..,..,..,..,..,..,,,,,18.0392463471499,57554926923.1252,,,,,,,,,,,,,,,,,,,,,,,,,,,,,,,,,,,,,,,,,,,,,,,,,,,,,,,,,,,,,,,,,,,,,,,,,,,,,,,,,,,,,,,,,,,,
SGP,2015,,..,..,..,..,..,..,..,..,..,,,,,18.6930222903094,57574236721.0372,,,,,,,,,,,,,,,,,,,,,,,,,,,,,,,,,,,,,,,,,,,,,,,,,,,,,,,,,,,,,,,,,,,,,,,,,,,,,,,,,,,,,,,,,,,,
SGP,2014,96.35,96.35,96.07,96.64,97.03,96.27,94.58,96.4,96.75,92.94,96.07,96.64,..,..,17.9502135491878,56518685134.7619,96.35,96.07,96.64,..,..,85.14,..,..,..,..,..,..,..,..,..,..,..,..,85.44,83.46,87.49,..,..,52.24,46.65,58.04,..,..,37.89,2.53,83.79,90.16,88.37,92.01,..,..,6.15,5.19,7.14,..,..,..,89.99,89.32,90.68,..,..,67.3,63.11,71.64,..,..,..,..,..,..,..,..,..,..,..,..,..,..,..,..,..,..,..,..,..,..,..,..,..,..,..,..,..,..,..,..,..,..,..,..,..,..,..,..,..,..
SGP,2013,,..,..,..,..,..,..,..,..,..,,,,,15.707187590209,48311595940.2222,,,,,,,,,,,,,,,,,,,,,,,,,,,,,,,,,,,,,,,,,,,,,,,,,,,,,,,,,,,,,,,,,,,,,,,,,,,,,,,,,,,,,,,,,,,,
SGP,2012,,..,..,..,..,..,..,..,..,..,,,,,17.6432739045995,52064046516.3459,,,,,,,,,,,,,,,,,,,,,,,,,,,,,,,,,,,,,,,,,,,,,,,,,,,,,,,,,,,,,,,,,,,,,,,,,,,,,,,,,,,,,,,,,,,,
SGP,2011,98.22,98.22,98.21,98.23,98.95,..,94.36,..,99.92,94.71,98.21,98.23,..,..,22.2184518342372,62068689196.2247,98.22,98.21,98.23,..,..,..,..,..,..,..,..,..,..,..,..,..,..,..,..,..,..,..,..,..,..,..,..,..,..,..,..,..,..,..,..,..,..,..,..,..,..,..,48.9,47.96,49.87,..,..,..,..,..,..,..,..,..,..,..,..,..,..,..,..,..,..,..,..,..,..,..,..,..,..,..,..,..,..,..,..,..,..,..,..,..,..,..,..,..,..,..,..,..,..,..
THA,2024,,..,..,..,..,..,..,..,..,..,,,,,..,..,,,,,,,,,,,,,,,,,,,,,,,,,,,,,,,,,,,,,,,,,,,,,,,,,,,,,,,,,,,,,,,,,,,,,,,,,,,,,,,,,,,,,,,,,,,,
THA,2023,,..,..,..,..,..,..,..,..,..,,,,,1.43923468240437,7411608122.97439,,,,,,,,,,,,,,,,,,,,,,,,,,,,,,,,,,,,,,,,,,,,,,,,,,,,,,,,,,,,,,,,,,,,,,,,,,,,,,,,,,,,,,,,,,,,
THA,2022,..,..,..,..,..,..,..,..,..,..,..,..,..,..,-3.46252016627717,-17161815383.1185,..,..,..,..,..,..,..,..,..,..,..,..,..,..,..,..,..,..,..,..,..,..,..,..,..,..,..,..,..,..,..,..,..,..,..,..,..,..,..,..,..,..,..,..,..,..,..,..,..,..,..,..,..,..,..,..,..,..,..,..,..,..,..,..,..,..,..,..,..,..,..,..,..,..,..,..,..,..,..,..,..,..,..,..,..,..,..,..,..,..,..,..
THA,2021,95.58,95.58,92.7,98.61,95.18,97.68,93.47,94.15,97.31,97,92.7,98.61,..,..,-2.11799444006618,-10722484401.6916,94.15,92.09,96.31,..,..,80.6,60.51,57.22,58.23,56.16,..,..,63.27,63.23,63.31,..,..,38.96,80.13,77.95,82.42,..,..,64.89,66.59,63.1,..,..,23.09,27.25,85.87,92.03,88.1,96.17,..,..,60,56.61,63.57,..,..,100,67.67,61.46,74.23,..,..,83.53,78.6,88.72,..,..,54.23,53.45,55.05,..,..,17.09,17.66,16.49,..,..,67.49,70.62,22.56,37.59,65.67,69.75,..,..,..,..,..,..,..,..,50.97,49.74,52.28,..,..,61.96,65.81,46.18,47.73,..,..,59.72,59.32,60.14,..,..
THA,2020,,..,..,..,..,..,..,..,..,..,,,,,4.18282861454669,20933463494.5353,,,,,,,,,,,,,,,,,,,,,,,,,,,,,,,,,,,,,,,,,,,,,,,,,,,,,,,,,,,,,,,,,,,,,,,,,,,,,,,,,,,,,,,,,,,,
THA,2019,,..,..,..,..,..,..,..,..,..,,,,,7.03272640328298,38256392431.4939,,,,,,,,,,,,,,,,,,,,,,,,,,,,,,,,,,,,,,,,,,,,,,,,,,,,,,,,,,,,,,,,,,,,,,,,,,,,,,,,,,,,,,,,,,,,
THA,2018,,..,..,..,..,..,..,..,..,..,,,,,5.61986314598972,28478892998.8756,,,,,,,,,,,,,,,,,,,,,,,,,,,,,,,,,,,,,,,,,,,,,,,,,,,,,,,,,,,,,,,,,,,,,,,,,,,,,,,,,,,,,,,,,,,,
THA,2017,81.59,81.59,79.78,83.69,83.17,77.55,77,84.29,86.63,73.34,79.78,83.69,..,..,9.63103019182142,43951862494.1599,80.96,79.48,82.66,..,..,67.69,..,..,..,..,..,..,..,..,..,..,..,8.36,43.15,39.14,47.79,..,..,80.27,80.68,79.8,..,..,9.98,4.19,69.76,62.27,62.16,62.41,..,..,8.26,5.63,11.29,..,..,..,60.64,59.08,62.44,..,..,47.93,49.27,46.39,..,..,..,..,..,..,..,..,..,..,..,..,..,..,..,..,..,..,16.33,20.17,21.28,17.36,14.89,20.22,..,..,16.82,17.41,16.13,..,..,19.26,23.79,8.8,11.51,..,..,..,..,..,..,..
THA,2016,,..,..,..,..,..,..,..,..,..,,,,,10.5083543932086,43438000973.7382,,,,,,,,,,,,,,,,,,,,,,,,,,,,,,,,,,,,,,,,,,,,,,,,,,,,,,,,,,,,,,,,,,,,,,,,,,,,,,,,,,,,,,,,,,,,
THA,2015,,..,..,..,..,..,..,..,..,..,,,,,6.91581517168622,27752906126.7839,,,,,,,,,,,,,,,,,,,,,,,,,,,,,,,,,,,,,,,,,,,,,,,,,,,,,,,,,,,,,,,,,,,,,,,,,,,,,,,,,,,,,,,,,,,,
THA,2014,78.14,78.14,75.44,81.24,79.76,71.36,73.2,82.64,85.36,70.55,75.44,81.24,..,..,2.8582840987004,11642907013.7683,78.14,75.44,81.24,..,..,89.29,..,..,..,..,..,..,..,..,..,..,..,..,21.94,18.77,25.58,..,..,86.15,87.54,84.56,..,..,1.74,0.78,91.03,36.77,31.01,43.42,..,..,1.3,1.73,0.81,..,..,..,55.16,52.34,58.41,..,..,27.3,23.33,31.87,..,..,..,..,..,..,..,..,..,..,..,..,..,..,..,..,..,..,..,..,..,..,..,..,..,..,..,..,..,..,..,..,..,..,..,..,..,..,..,..,..,..
THA,2013,,..,..,..,..,..,..,..,..,..,,,,,-2.10153458942232,-8833457142.2453,,,,,,,,,,,,,,,,,,,,,,,,,,,,,,,,,,,,,,,,,,,,,,,,,,,,,,,,,,,,,,,,,,,,,,,,,,,,,,,,,,,,,,,,,,,,
THA,2012,,..,..,..,..,..,..,..,..,..,,,,,-1.23233637957653,-4899255872.44313,,,,,,,,,,,,,,,,,,,,,,,,,,,,,,,,,,,,,,,,,,,,,,,,,,,,,,,,,,,,,,,,,,,,,,,,,,,,,,,,,,,,,,,,,,,,
THA,2011,72.67,72.67,72.64,72.7,75.44,64.53,63.84,78.06,91.05,59.34,72.64,72.7,..,..,2.54217096328341,9426846325.12522,72.67,72.64,72.7,..,..,..,..,..,..,..,..,..,..,..,..,..,..,..,..,..,..,..,..,..,..,..,..,..,..,..,..,..,..,..,..,..,..,..,..,..,..,..,43.43,44.98,41.62,..,..,..,..,..,..,..,..,..,..,..,..,..,..,..,..,..,..,..,..,..,..,..,..,..,..,..,..,..,..,..,..,..,..,..,..,..,..,..,..,..,..,..,..,..,..,..
VNM,2024,,..,..,..,..,..,..,..,..,..,,,,,..,..,,,,,,,,,,,,,,,,,,,,,,,,,,,,,,,,,,,,,,,,,,,,,,,,,,,,,,,,,,,,,,,,,,,,,,,,,,,,,,,,,,,,,,,,,,,,
VNM,2023,,..,..,..,..,..,..,..,..,..,,,,,6.01163134364857,25833000000,,,,,,,,,,,,,,,,,,,,,,,,,,,,,,,,,,,,,,,,,,,,,,,,,,,,,,,,,,,,,,,,,,,,,,,,,,,,,,,,,,,,,,,,,,,,
VNM,2022,56.27,56.27,52.78,59.96,56.67,40.69,21.77,66.63,60.69,54.56,52.78,59.96,..,..,0.341681183969525,1402000000,56.06,52.46,59.88,..,..,77.21,21.17,18.14,16.94,19.41,..,..,24.26,22.77,25.84,..,..,16.02,41.98,40.29,43.77,..,..,55.99,72.16,38.87,..,..,11.75,12.19,81.06,45.98,43.69,48.41,..,..,16.47,14.74,18.29,..,..,95.74,49.24,45.81,52.86,..,..,30.82,27.01,34.85,..,..,20.71,19.7,21.78,..,..,4.6,1.69,7.68,..,..,40.6,71.5,8.56,51.98,32.23,57.48,..,..,..,..,..,..,..,..,40.35,42.06,38.54,..,..,41.82,74.6,24.5,25.57,..,..,31.6,29.92,33.38,..,..
VNM,2021,..,..,..,..,..,..,..,..,..,..,..,..,..,..,-1.26284279203588,-4628000000,..,..,..,..,..,..,..,..,..,..,..,..,..,..,..,..,..,..,..,..,..,..,..,..,..,..,..,..,..,..,..,..,..,..,..,..,..,..,..,..,..,..,..,..,..,..,..,..,..,..,..,..,..,..,..,..,..,..,..,..,..,..,..,..,..,..,..,..,..,..,..,..,..,..,..,..,..,..,..,..,..,..,..,..,..,..,..,..,..,..,..,..
VNM,2020,,..,..,..,..,..,..,..,..,..,,,,,4.34486906553373,15060000000,,,,,,,,,,,,,,,,,,,,,,,,,,,,,,,,,,,,,,,,,,,,,,,,,,,,,,,,,,,,,,,,,,,,,,,,,,,,,,,,,,,,,,,,,,,,
VNM,2019,,..,..,..,..,..,..,..,..,..,,,,,3.91824395534242,13101247000,,,,,,,,,,,,,,,,,,,,,,,,,,,,,,,,,,,,,,,,,,,,,,,,,,,,,,,,,,,,,,,,,,,,,,,,,,,,,,,,,,,,,,,,,,,,
VNM,2018,,..,..,..,..,..,..,..,..,..,,,,,1.90236367538642,5899353000.00003,,,,,,,,,,,,,,,,,,,,,,,,,,,,,,,,,,,,,,,,,,,,,,,,,,,,,,,,,,,,,,,,,,,,,,,,,,,,,,,,,,,,,,,,,,,,
VNM,2017,30.8,30.8,30.42,31.21,29.92,20.28,13.05,37.81,42.43,34.22,30.42,31.21,..,..,-0.586095207209378,-1649000000,30.02,29.45,30.64,..,..,64.01,..,..,..,..,..,..,..,..,..,..,..,1.69,16.1,16.16,16.03,..,..,73.88,81.1,66.02,..,..,2.81,1.58,73.24,22.74,22.99,22.46,..,..,3.5,3.63,3.36,..,..,..,27.44,28.15,26.67,..,..,14.92,13.66,16.3,..,..,..,..,..,..,..,..,..,..,..,..,..,..,..,..,..,..,7.51,25.02,29.94,9.22,8.25,10.27,..,..,18.74,19.75,17.63,..,..,15.16,50.41,5.4,7.77,..,..,..,..,..,..,..
VNM,2016,,..,..,..,..,..,..,..,..,..,,,,,0.243099852637275,625000000,,,,,,,,,,,,,,,,,,,,,,,,,,,,,,,,,,,,,,,,,,,,,,,,,,,,,,,,,,,,,,,,,,,,,,,,,,,,,,,,,,,,,,,,,,,,
VNM,2015,,..,..,..,..,..,..,..,..,..,,,,,-0.853052854546214,-2041000000,,,,,,,,,,,,,,,,,,,,,,,,,,,,,,,,,,,,,,,,,,,,,,,,,,,,,,,,,,,,,,,,,,,,,,,,,,,,,,,,,,,,,,,,,,,,
VNM,2014,30.95,30.95,32.03,29.82,29.02,18.71,15.34,39.06,40.16,37.44,32.03,29.82,..,..,4.00897026449707,9359000000,30.86,31.86,29.82,..,..,67.66,..,..,..,..,..,..,..,..,..,..,..,..,10.59,9.91,11.31,..,..,87.98,89.37,86.52,..,..,0.49,0.19,67.07,19.38,17.65,21.2,..,..,0.5,0.52,0.48,..,..,..,26.75,29.02,24.37,..,..,15.67,13.2,18.26,..,..,..,..,..,..,..,..,..,..,..,..,..,..,..,..,..,..,..,..,..,..,..,..,..,..,..,..,..,..,..,..,..,..,..,..,..,..,..,..,..,..
VNM,2013,,..,..,..,..,..,..,..,..,..,,,,,3.62409015316054,7745000000,,,,,,,,,,,,,,,,,,,,,,,,,,,,,,,,,,,,,,,,,,,,,,,,,,,,,,,,,,,,,,,,,,,,,,,,,,,,,,,,,,,,,,,,,,,,
VNM,2012,,..,..,..,..,..,..,..,..,..,,,,,4.82078231422777,9429000000,,,,,,,,,,,,,,,,,,,,,,,,,,,,,,,,,,,,,,,,,,,,,,,,,,,,,,,,,,,,,,,,,,,,,,,,,,,,,,,,,,,,,,,,,,,,
VNM,2011,21.37,21.37,18.91,24,21.06,11.05,4.51,28.24,32.26,22.65,18.91,24,..,..,0.136736251193688,236000000,21.37,18.91,24,..,..,..,..,..,..,..,..,..,..,..,..,..,..,..,..,..,..,..,..,..,..,..,..,..,..,..,..,..,..,..,..,..,..,..,..,..,..,..,14.96,13.82,16.18,..,..,..,..,..,..,..,..,..,..,..,..,..,..,..,..,..,..,..,..,..,..,..,..,..,..,..,..,..,..,..,..,..,..,..,..,..,..,..,..,..,..,..,..,..,..,..
WLD,2024,,..,..,..,..,..,..,..,..,..,,,,,..,..,,,,,,,,,,,,,,,,,,,,,,,,,,,,,,,,,,,,,,,,,,,,,,,,,,,,,,,,,,,,,,,,,,,,,,,,,,,,,,,,,,,,,,,,,,,,
WLD,2023,,..,..,..,..,..,..,..,..,..,,,,,..,..,,,,,,,,,,,,,,,,,,,,,,,,,,,,,,,,,,,,,,,,,,,,,,,,,,,,,,,,,,,,,,,,,,,,,,,,,,,,,,,,,,,,,,,,,,,,
WLD,2022,..,..,..,..,..,..,..,..,..,..,..,..,..,..,..,..,..,..,..,..,..,..,..,..,..,..,..,..,..,..,..,..,..,..,..,..,..,..,..,..,..,..,..,..,..,..,..,..,..,..,..,..,..,..,..,..,..,..,..,..,..,..,..,..,..,..,..,..,..,..,..,..,..,..,..,..,..,..,..,..,..,..,..,..,..,..,..,..,..,..,..,..,..,..,..,..,..,..,..,..,..,..,..,..,..,..,..,..
WLD,2021,76.2,76.2,73.99,78.35,79.07,71.91,66.01,79.05,84.62,65.52,73.99,78.35,..,..,..,..,73.97,71.9,76,..,..,64.8,..,30.16,28.22,32.04,..,..,38.29,..,..,..,..,..,58.84,55.19,62.42,..,..,54.28,52.43,56.08,..,..,24.94,10.45,67.49,64.11,60.62,67.52,..,..,10.24,8.35,12.09,..,..,85.64,54.67,51.01,58.25,..,..,42.59,39.59,45.52,..,..,30.84,29.25,32.4,..,..,5.25,4.06,6.43,..,..,47.95,62.92,7.75,42.31,38.56,52.13,..,..,..,..,..,..,..,..,38.97,38.07,39.85,..,..,40.54,54.8,31.84,37.04,..,..,35.17,31.68,38.58,..,..
WLD,2020,,..,..,..,..,..,..,..,..,..,,,,,..,..,,,,,,,,,,,,,,,,,,,,,,,,,,,,,,,,,,,,,,,,,,,,,,,,,,,,,,,,,,,,,,,,,,,,,,,,,,,,,,,,,,,,,,,,,,,,
WLD,2019,,..,..,..,..,..,..,..,..,..,,,,,..,..,,,,,,,,,,,,,,,,,,,,,,,,,,,,,,,,,,,,,,,,,,,,,,,,,,,,,,,,,,,,,,,,,,,,,,,,,,,,,,,,,,,,,,,,,,,,
WLD,2018,,..,..,..,..,..,..,..,..,..,,,,,..,..,,,,,,,,,,,,,,,,,,,,,,,,,,,,,,,,,,,,,,,,,,,,,,,,,,,,,,,,,,,,,,,,,,,,,,,,,,,,,,,,,,,,,,,,,,,,
WLD,2017,68.5,68.5,64.85,72.24,71.91,60.89,56.34,73.73,78.6,56.3,64.85,72.24,..,..,..,..,67.1,63.69,70.61,..,..,64.23,..,..,..,..,..,..,..,..,..,..,..,..,44.9,41.41,48.48,..,..,57.16,54.5,59.89,..,..,21.5,8.24,66.93,52.1,48.42,55.89,..,..,4.35,3.29,5.43,..,..,..,49.49,45.31,53.77,..,..,34.1,31.53,36.72,..,..,..,..,..,..,..,..,..,..,..,..,..,..,..,..,..,..,22.64,33.7,36.09,24.74,22.87,26.66,..,..,24.39,23.95,24.84,..,..,24.77,36.85,20.44,23.69,..,..,..,..,..,..,..
WLD,2016,,..,..,..,..,..,..,..,..,..,,,,,..,..,,,,,,,,,,,,,,,,,,,,,,,,,,,,,,,,,,,,,,,,,,,,,,,,,,,,,,,,,,,,,,,,,,,,,,,,,,,,,,,,,,,,,,,,,,,,
WLD,2015,,..,..,..,..,..,..,..,..,..,,,,,..,..,,,,,,,,,,,,,,,,,,,,,,,,,,,,,,,,,,,,,,,,,,,,,,,,,,,,,,,,,,,,,,,,,,,,,,,,,,,,,,,,,,,,,,,,,,,,
WLD,2014,61.92,61.92,58.4,65.49,66.12,54.62,48.4,66.86,73.22,46.9,58.4,65.49,..,..,..,..,61.12,57.68,64.59,..,..,74.35,..,..,..,..,..,..,..,..,..,..,..,..,36.46,33.86,39.09,..,..,60.21,58.31,62.13,..,..,16.92,2.2,73.07,44.35,41.44,47.3,..,..,2.06,1.6,2.53,..,..,..,43.01,39.6,46.47,..,..,33.22,31.06,35.41,..,..,..,..,..,..,..,..,..,..,..,..,..,..,..,..,..,..,..,..,..,..,..,..,..,..,..,..,..,..,..,..,..,..,..,..,..,..,..,..,..,..
WLD,2013,,..,..,..,..,..,..,..,..,..,,,,,..,..,,,,,,,,,,,,,,,,,,,,,,,,,,,,,,,,,,,,,,,,,,,,,,,,,,,,,,,,,,,,,,,,,,,,,,,,,,,,,,,,,,,,,,,,,,,,
WLD,2012,,..,..,..,..,..,..,..,..,..,,,,,..,..,,,,,,,,,,,,,,,,,,,,,,,,,,,,,,,,,,,,,,,,,,,,,,,,,,,,,,,,,,,,,,,,,,,,,,,,,,,,,,,,,,,,,,,,,,,,
WLD,2011,50.63,50.63,46.62,54.75,54.45,41.38,36.99,57.06,66.12,37.08,46.62,54.75,..,..,..,..,50.63,46.62,54.75,..,..,..,..,..,..,..,..,..,..,..,..,..,..,..,..,..,..,..,..,..,..,..,..,..,..,..,..,..,..,..,..,..,..,..,..,..,..,..,34.59,31.89,37.37,..,..,..,..,..,..,..,..,..,..,..,..,..,..,..,..,..,..,..,..,..,..,..,..,..,..,..,..,..,..,..,..,..,..,..,..,..,..,..,..,..,..,..,..,..,..,..
