"","code","year","mobile_money_transactions"
"1","ZWE","2016",28.30352382
"2","ZWE","2017",81.76162552
"3","ZWE","2018",63.41012708
"4","ZWE","2019",54.13707044
"5","ZWE","2020",25.05382727
"6","ZWE","2021",20.36137456
"7","ZWE","2022",14.18105264
"8","ZWE","2023",1.49456167
"9","BGR","2016",NA
"10","BGR","2017",NA
"11","BGR","2018",NA
"12","BGR","2019",NA
"13","BGR","2020",NA
"14","BGR","2021",NA
"15","BGR","2022",NA
"16","BGR","2023",NA
"17","CMR","2016",4.341682933
"18","CMR","2017",16.44890609
"19","CMR","2018",29.1378045
"20","CMR","2019",39.8879316
"21","CMR","2020",53.4095997
"22","CMR","2021",NA
"23","CMR","2022",NA
"24","CMR","2023",NA
"25","LVA","2016",NA
"26","LVA","2017",NA
"27","LVA","2018",NA
"28","LVA","2019",NA
"29","LVA","2020",NA
"30","LVA","2021",NA
"31","LVA","2022",NA
"32","LVA","2023",NA
"33","COM","2016",NA
"34","COM","2017",NA
"35","COM","2018",NA
"36","COM","2019",NA
"37","COM","2020",NA
"38","COM","2021",NA
"39","COM","2022",NA
"40","COM","2023",NA
"41","TON","2016",3.645761122
"42","TON","2017",3.635762976
"43","TON","2018",5.12445484
"44","TON","2019",NA
"45","TON","2020",NA
"46","TON","2021",NA
"47","TON","2022",NA
"48","TON","2023",NA
"49","SLB","2016",NA
"50","SLB","2017",NA
"51","SLB","2018",NA
"52","SLB","2019",NA
"53","SLB","2020",NA
"54","SLB","2021",NA
"55","SLB","2022",NA
"56","SLB","2023",NA
"57","AUT","2016",NA
"58","AUT","2017",NA
"59","AUT","2018",NA
"60","AUT","2019",NA
"61","AUT","2020",NA
"62","AUT","2021",NA
"63","AUT","2022",NA
"64","AUT","2023",NA
"65","SMR","2016",NA
"66","SMR","2017",NA
"67","SMR","2018",NA
"68","SMR","2019",NA
"69","SMR","2020",NA
"70","SMR","2021",NA
"71","SMR","2022",NA
"72","SMR","2023",NA
"73","NOR","2016",NA
"74","NOR","2017",NA
"75","NOR","2018",NA
"76","NOR","2019",NA
"77","NOR","2020",NA
"78","NOR","2021",NA
"79","NOR","2022",NA
"80","NOR","2023",NA
"81","IDN","2016",7063688.969
"82","IDN","2017",12375468.72
"83","IDN","2018",47198616.11
"84","IDN","2019",145165467.6
"85","IDN","2020",204909170
"86","IDN","2021",305435828.5
"87","IDN","2022",407534241.5
"88","IDN","2023",457729193.8
"89","SMR","2016",NA
"90","SMR","2017",NA
"91","SMR","2018",NA
"92","SMR","2019",NA
"93","SMR","2020",NA
"94","SMR","2021",NA
"95","SMR","2022",NA
"96","SMR","2023",NA
"97","MLI","2016",26.38260858
"98","MLI","2017",30.4022268
"99","MLI","2018",34.10440888
"100","MLI","2019",37.31950585
"101","MLI","2020",37.58625061
"102","MLI","2021",64.47882884
"103","MLI","2022",102.8111265
"104","MLI","2023",124.6652466
"105","BWA","2016",2.48888205
"106","BWA","2017",3.402406312
"107","BWA","2018",5.679347899
"108","BWA","2019",7.06833191
"109","BWA","2020",10.95363134
"110","BWA","2021",14.21390735
"111","BWA","2022",13.83563025
"112","BWA","2023",15.39326203
"113","TCD","2016",2854
"114","TCD","2017",77975
"115","TCD","2018",NA
"116","TCD","2019",NA
"117","TCD","2020",183
"118","TCD","2021",NA
"119","TCD","2022",2840
"120","TCD","2023",NA
"121","NER","2016",215519
"122","NER","2017",224890
"123","NER","2018",196431
"124","NER","2019",200009
"125","NER","2020",177958
"126","NER","2021",345901
"127","NER","2022",205248
"128","NER","2023",222831
"129","NOR","2016",NA
"130","NOR","2017",NA
"131","NOR","2018",NA
"132","NOR","2019",NA
"133","NOR","2020",NA
"134","NOR","2021",NA
"135","NOR","2022",NA
"136","NOR","2023",NA
"137","BGR","2016",NA
"138","BGR","2017",NA
"139","BGR","2018",NA
"140","BGR","2019",NA
"141","BGR","2020",NA
"142","BGR","2021",NA
"143","BGR","2022",NA
"144","BGR","2023",NA
"145","MOZ","2016",0.993402794
"146","MOZ","2017",17.50328112
"147","MOZ","2018",15.90927652
"148","MOZ","2019",37.94155988
"149","MOZ","2020",54.09400497
"150","MOZ","2021",66.67905301
"151","MOZ","2022",71.70553904
"152","MOZ","2023",89.87832419
"153","MMR","2016",1536799
"154","MMR","2017",2079070.414
"155","MMR","2018",618959
"156","MMR","2019",3760753.939
"157","MMR","2020",NA
"158","MMR","2021",NA
"159","MMR","2022",NA
"160","MMR","2023",NA
"161","BEN","2016",13.12622141
"162","BEN","2017",25.47694928
"163","BEN","2018",30.12466269
"164","BEN","2019",33.43031615
"165","BEN","2020",48.25380734
"166","BEN","2021",62.4200615
"167","BEN","2022",74.4915748
"168","BEN","2023",90.60760851
"169","GNB","2016",0.080234415
"170","GNB","2017",0.366702478
"171","GNB","2018",1.728144498
"172","GNB","2019",5.992355412
"173","GNB","2020",16.73463465
"174","GNB","2021",29.68434173
"175","GNB","2022",20.71999611
"176","GNB","2023",46.89544566
"177","BFA","2016",31.75126819
"178","BFA","2017",48.01869642
"179","BFA","2018",52.93463769
"180","BFA","2019",59.02836785
"181","BFA","2020",72.84302863
"182","BFA","2021",86.26720393
"183","BFA","2022",114.5297542
"184","BFA","2023",134.947391
"185","BGD","2016",2343400.004
"186","BGD","2017",3146580.359
"187","BGD","2018",3789756.422
"188","BGD","2019",4343184.004
"189","BGD","2020",5613958.775
"190","BGD","2021",8850898.558
"191","BGD","2022",10759944.26
"192","BGD","2023",13529071.07
"193","LSO","2016",4211.99
"194","LSO","2017",5941.1
"195","LSO","2018",8075
"196","LSO","2019",10658
"197","LSO","2020",13388
"198","LSO","2021",13567
"199","LSO","2022",23983.17329
"200","LSO","2023",28922
"201","ARM","2016",NA
"202","ARM","2017",NA
"203","ARM","2018",NA
"204","ARM","2019",NA
"205","ARM","2020",NA
"206","ARM","2021",NA
"207","ARM","2022",NA
"208","ARM","2023",NA
"209","NAM","2016",2932
"210","NAM","2017",10250.79704
"211","NAM","2018",5419.046
"212","NAM","2019",8784.77
"213","NAM","2020",NA
"214","NAM","2021",11290.00705
"215","NAM","2022",12248.62286
"216","NAM","2023",NA
"217","FJI","2016",38.8
"218","FJI","2017",71.36
"219","FJI","2018",294
"220","FJI","2019",95
"221","FJI","2020",192.3278105
"222","FJI","2021",NA
"223","FJI","2022",1760
"224","FJI","2023",NA
"225","BFA","2016",2414723
"226","BFA","2017",3933355
"227","BFA","2018",4672054
"228","BFA","2019",5545008
"229","BFA","2020",7431641
"230","BFA","2021",9396861
"231","BFA","2022",13444985
"232","BFA","2023",16636717
"233","WSM","2016",22.135
"234","WSM","2017",22.513
"235","WSM","2018",21.137
"236","WSM","2019",23.215
"237","WSM","2020",22.939
"238","WSM","2021",24.635
"239","WSM","2022",44.562
"240","WSM","2023",37.76
"241","TGO","2016",263122
"242","TGO","2017",394346
"243","TGO","2018",607839
"244","TGO","2019",910665
"245","TGO","2020",1488691
"246","TGO","2021",1942871
"247","TGO","2022",2890176
"248","TGO","2023",3540863
"249","LBR","2016",NA
"250","LBR","2017",20.445593
"251","LBR","2018",42.333266
"252","LBR","2019",82
"253","LBR","2020",495
"254","LBR","2021",421
"255","LBR","2022",549
"256","LBR","2023",584
"257","CIV","2016",17.16258096
"258","CIV","2017",21.4277602
"259","CIV","2018",29.85089292
"260","CIV","2019",30.45595717
"261","CIV","2020",38.41691441
"262","CIV","2021",53.26880152
"263","CIV","2022",73.67418537
"264","CIV","2023",NA
"265","BEN","2016",919522
"266","BEN","2017",1879002
"267","BEN","2018",2386477
"268","BEN","2019",2818927
"269","BEN","2020",4347094
"270","BEN","2021",6123217
"271","BEN","2022",8085694
"272","BEN","2023",10813924
"273","KEN","2016",3355577
"274","KEN","2017",3638474
"275","KEN","2018",3984370
"276","KEN","2019",4345761.397
"277","KEN","2020",5213548.514
"278","KEN","2021",6868770
"279","KEN","2022",7908830
"280","KEN","2023",7883500
"281","MDG","2016",12.7644265
"282","MDG","2017",17.85438124
"283","MDG","2018",2.693992334
"284","MDG","2019",41.45871312
"285","MDG","2020",49.59177295
"286","MDG","2021",59.29728219
"287","MDG","2022",71.82801093
"288","MDG","2023",NA
"289","LVA","2016",NA
"290","LVA","2017",NA
"291","LVA","2018",NA
"292","LVA","2019",NA
"293","LVA","2020",NA
"294","LVA","2021",NA
"295","LVA","2022",NA
"296","LVA","2023",NA
"297","GRC","2016",NA
"298","GRC","2017",NA
"299","GRC","2018",NA
"300","GRC","2019",NA
"301","GRC","2020",NA
"302","GRC","2021",NA
"303","GRC","2022",NA
"304","GRC","2023",NA
"305","AUT","2016",NA
"306","AUT","2017",NA
"307","AUT","2018",NA
"308","AUT","2019",NA
"309","AUT","2020",NA
"310","AUT","2021",NA
"311","AUT","2022",NA
"312","AUT","2023",NA
"313","GEO","2016",NA
"314","GEO","2017",NA
"315","GEO","2018",NA
"316","GEO","2019",NA
"317","GEO","2020",NA
"318","GEO","2021",NA
"319","GEO","2022",NA
"320","GEO","2023",NA
"321","COD","2016",NA
"322","COD","2017",NA
"323","COD","2018",9972222.973
"324","COD","2019",12067964.16
"325","COD","2020",20038939.64
"326","COD","2021",NA
"327","COD","2022",NA
"328","COD","2023",NA
"329","PAK","2016",6.629603519
"330","PAK","2017",7.886879519
"331","PAK","2018",9.33679998
"332","PAK","2019",10.28526153
"333","PAK","2020",14.27367585
"334","PAK","2021",16.06726187
"335","PAK","2022",18.91026518
"336","PAK","2023",21.62790715
"337","MWI","2016",303806
"338","MWI","2017",521326
"339","MWI","2018",952855
"340","MWI","2019",1672980
"341","MWI","2020",2520290.1
"342","MWI","2021",NA
"343","MWI","2022",6750387.199
"344","MWI","2023",NA
"345","SLB","2016",NA
"346","SLB","2017",NA
"347","SLB","2018",NA
"348","SLB","2019",NA
"349","SLB","2020",NA
"350","SLB","2021",NA
"351","SLB","2022",NA
"352","SLB","2023",NA
"353","RWA","2016",1040459
"354","RWA","2017",1384685.534
"355","RWA","2018",1808943.337
"356","RWA","2019",2349788
"357","RWA","2020",7176619.577
"358","RWA","2021",10439128.98
"359","RWA","2022",14602901
"360","RWA","2023",20776838
"361","SEN","2016",5.061835993
"362","SEN","2017",10.34795858
"363","SEN","2018",21.17519425
"364","SEN","2019",33.96951678
"365","SEN","2020",65.01667916
"366","SEN","2021",113.9839287
"367","SEN","2022",155.5757289
"368","SEN","2023",207.1386858
"369","MAR","2016",NA
"370","MAR","2017",NA
"371","MAR","2018",NA
"372","MAR","2019",NA
"373","MAR","2020",445.3113051
"374","MAR","2021",1116.5835
"375","MAR","2022",1739.425315
"376","MAR","2023",2119.415043
"377","TGO","2016",7.313393425
"378","TGO","2017",10.63242471
"379","TGO","2018",15.56805143
"380","TGO","2019",22.22706304
"381","TGO","2020",34.94990022
"382","TGO","2021",41.9986684
"383","TGO","2022",56.71693692
"384","TGO","2023",63.65012826
"385","SEN","2016",571147
"386","SEN","2017",1261602
"387","SEN","2018",2718914
"388","SEN","2019",4658124
"389","SEN","2020",9179978
"390","SEN","2021",17395223
"391","SEN","2022",26802459
"392","SEN","2023",38967232
"393","ZWE","2016",5816
"394","ZWE","2017",18021
"395","ZWE","2018",44142
"396","ZWE","2019",114865
"397","ZWE","2020",345441
"398","ZWE","2021",649515.07
"399","ZWE","2022",1756810.89
"400","ZWE","2023",1866524
"401","FJI","2016",0.375703277
"402","FJI","2017",0.644919224
"403","FJI","2018",2.523484803
"404","FJI","2019",0.802187963
"405","FJI","2020",1.980758712
"406","FJI","2021",NA
"407","FJI","2022",16.17334722
"408","FJI","2023",NA
"409","KEN","2016",44.1868412
"410","KEN","2017",42.88935705
"411","KEN","2018",42.65780557
"412","KEN","2019",42.44849855
"413","KEN","2020",48.6562245
"414","KEN","2021",57.1081063
"415","KEN","2022",59.16089806
"416","KEN","2023",52.46860336
"417","PHL","2016",6.318267577
"418","PHL","2017",5.814819301
"419","PHL","2018",6.046238788
"420","PHL","2019",9.908481551
"421","PHL","2020",25.280566
"422","PHL","2021",58.92976956
"423","PHL","2022",86.49603526
"424","PHL","2023",89.90778398
"425","QAT","2016",0.448594411
"426","QAT","2017",0.093110377
"427","QAT","2018",0.173075393
"428","QAT","2019",0.205298696
"429","QAT","2020",NA
"430","QAT","2021",0.502121202
"431","QAT","2022",NA
"432","QAT","2023",NA
"433","LBR","2016",NA
"434","LBR","2017",0.602989722
"435","LBR","2018",1.236818542
"436","LBR","2019",2.470179734
"437","LBR","2020",15.58502235
"438","LBR","2021",11.98389028
"439","LBR","2022",13.72140842
"440","LBR","2023",13.4810711
"441","PHL","2016",956104.3521
"442","PHL","2017",962739.3428
"443","PHL","2018",1104357.018
"444","PHL","2019",1933923.872
"445","PHL","2020",4538259.405
"446","PHL","2021",11438630.39
"447","PHL","2022",19053585.67
"448","PHL","2023",21864324.6
"449","COD","2016",NA
"450","COD","2017",NA
"451","COD","2018",12.92064443
"452","COD","2019",14.14532576
"453","COD","2020",22.22078823
"454","COD","2021",NA
"455","COD","2022",NA
"456","COD","2023",NA
"457","MLI","2016",2192900
"458","MLI","2017",2712549
"459","MLI","2018",3233764
"460","MLI","2019",3778484
"461","MLI","2020",3778484
"462","MLI","2021",6904193
"463","MLI","2022",12043715
"464","MLI","2023",15807901
"465","JOR","2016",0.000699061
"466","JOR","2017",0.021867386
"467","JOR","2018",0.246491271
"468","JOR","2019",0.509542045
"469","JOR","2020",3.489252939
"470","JOR","2021",6.425273203
"471","JOR","2022",3.001977099
"472","JOR","2023",8.615807439
"473","WSM","2016",1.003500396
"474","WSM","2017",1.00342371
"475","WSM","2018",0.937582144
"476","WSM","2019",0.971302824
"477","WSM","2020",0.978571799
"478","WSM","2021",1.135539487
"479","WSM","2022",2.053390267
"480","WSM","2023",1.480459716
"481","MAR","2016",NA
"482","MAR","2017",NA
"483","MAR","2018",NA
"484","MAR","2019",NA
"485","MAR","2020",0.038639496
"486","MAR","2021",0.087593932
"487","MAR","2022",0.130768323
"488","MAR","2023",0.148227298
"489","RWA","2016",15.19946486
"490","RWA","2017",17.99640529
"491","RWA","2018",21.796767
"492","RWA","2019",25.24577638
"493","RWA","2020",74.77767209
"494","RWA","2021",95.39231292
"495","RWA","2022",106.4370702
"496","RWA","2023",127.0381429
"497","CIV","2016",4923380
"498","CIV","2017",6533677
"499","CIV","2018",9703362
"500","CIV","2019",10775014
"501","CIV","2020",13936869
"502","CIV","2021",21502942
"503","CIV","2022",32248058
"504","CIV","2023",NA
"505","BGD","2016",11.2890268
"506","BGD","2017",13.53771291
"507","BGD","2018",14.35922762
"508","BGD","2019",14.71553183
"509","BGD","2020",17.70702715
"510","BGD","2021",25.07205447
"511","BGD","2022",27.09142138
"512","BGD","2023",30.12591397
"513","GIN","2016",6414621
"514","GIN","2017",18470658
"515","GIN","2018",45781799
"516","GIN","2019",48085650
"517","GIN","2020",107172789
"518","GIN","2021",156850197
"519","GIN","2022",182040566
"520","GIN","2023",211204627
"521","GNB","2016",592
"522","GNB","2017",3130
"523","GNB","2018",14918
"524","GNB","2019",52190
"525","GNB","2020",146456
"526","GNB","2021",283877
"527","GNB","2022",221544
"528","GNB","2023",559367
"529","QAT","2016",2477.61
"530","QAT","2017",546
"531","QAT","2018",1155
"532","QAT","2019",1318
"533","QAT","2020",NA
"534","QAT","2021",3285
"535","QAT","2022",NA
"536","QAT","2023",NA
"537","COM","2016",NA
"538","COM","2017",NA
"539","COM","2018",NA
"540","COM","2019",NA
"541","COM","2020",NA
"542","COM","2021",NA
"543","COM","2022",NA
"544","COM","2023",NA
"545","ARM","2016",NA
"546","ARM","2017",NA
"547","ARM","2018",NA
"548","ARM","2019",NA
"549","ARM","2020",NA
"550","ARM","2021",NA
"551","ARM","2022",NA
"552","ARM","2023",NA
"553","GIN","2016",8.321177188
"554","GIN","2017",19.68442233
"555","GIN","2018",42.84868179
"556","GIN","2019",38.94913007
"557","GIN","2020",79.02889022
"558","GIN","2021",99.83803028
"559","GIN","2022",99.71033399
"560","GIN","2023",100.6151634
"561","AFG","2016",9174.785515
"562","AFG","2017",14381.00262
"563","AFG","2018",16399
"564","AFG","2019",2570
"565","AFG","2020",NA
"566","AFG","2021",NA
"567","AFG","2022",NA
"568","AFG","2023",NA
"569","IDN","2016",0.056957294
"570","IDN","2017",0.09106422
"571","IDN","2018",0.318076637
"572","IDN","2019",0.916873686
"573","IDN","2020",1.326843771
"574","IDN","2021",1.799141787
"575","IDN","2022",2.080520579
"576","IDN","2023",2.190890967
"577","UGA","2016",43828404.5
"578","UGA","2017",56518191.05
"579","UGA","2018",71400747.88
"580","UGA","2019",73091852.19
"581","UGA","2020",93728611.51
"582","UGA","2021",138920750.7
"583","UGA","2022",NA
"584","UGA","2023",NA
"585","MOZ","2016",7560.082424
"586","MOZ","2017",147626.7329
"587","MOZ","2018",144128.5506
"588","MOZ","2019",368145.9002
"589","MOZ","2020",534915.8505
"590","MOZ","2021",705758.9367
"591","MOZ","2022",842749.31
"592","MOZ","2023",1184254.434
"593","TON","2016",34
"594","TON","2017",37
"595","TON","2018",55
"596","TON","2019",NA
"597","TON","2020",NA
"598","TON","2021",NA
"599","TON","2022",NA
"600","TON","2023",NA
"601","GEO","2016",NA
"602","GEO","2017",NA
"603","GEO","2018",NA
"604","GEO","2019",NA
"605","GEO","2020",NA
"606","GEO","2021",NA
"607","GEO","2022",NA
"608","GEO","2023",NA
"609","LSO","2016",13.54233522
"610","LSO","2017",19.33035203
"611","LSO","2018",23.86992002
"612","LSO","2019",30.85529119
"613","LSO","2020",39.6140226
"614","LSO","2021",38.14272799
"615","LSO","2022",64.04206443
"616","LSO","2023",76.61473271
"617","GRC","2016",NA
"618","GRC","2017",NA
"619","GRC","2018",NA
"620","GRC","2019",NA
"621","GRC","2020",NA
"622","GRC","2021",NA
"623","GRC","2022",NA
"624","GRC","2023",NA
"625","ZAF","2016",0.025821744
"626","ZAF","2017",NA
"627","ZAF","2018",NA
"628","ZAF","2019",NA
"629","ZAF","2020",0.000431037
"630","ZAF","2021",0.014287379
"631","ZAF","2022",0.025834319
"632","ZAF","2023",0.102310946
"633","NER","2016",3.497308851
"634","NER","2017",3.462666211
"635","NER","2018",2.754824151
"636","NER","2019",2.648377773
"637","NER","2020",2.249435305
"638","NER","2021",4.182181859
"639","NER","2022",2.132000339
"640","NER","2023",2.184189375
"641","MMR","2016",1.858281211
"642","MMR","2017",2.240644279
"643","MMR","2018",0.588037066
"644","MMR","2019",3.225940947
"645","MMR","2020",NA
"646","MMR","2021",NA
"647","MMR","2022",NA
"648","MMR","2023",NA
"649","AFG","2016",0.750237866
"650","AFG","2017",1.118743405
"651","AFG","2018",1.235152417
"652","AFG","2019",0.174877958
"653","AFG","2020",NA
"654","AFG","2021",NA
"655","AFG","2022",NA
"656","AFG","2023",NA
"657","TCD","2016",0.04769385
"658","TCD","2017",1.342823018
"659","TCD","2018",NA
"660","TCD","2019",NA
"661","TCD","2020",0.002967103
"662","TCD","2021",NA
"663","TCD","2022",0.035838962
"664","TCD","2023",NA
"665","CMR","2016",870011
"666","CMR","2017",3447833
"667","CMR","2018",6469562.597
"668","CMR","2019",9271416
"669","CMR","2020",12544029.61
"670","CMR","2021",NA
"671","CMR","2022",NA
"672","CMR","2023",NA
"673","JOR","2016",0.198
"674","JOR","2017",6.460061
"675","JOR","2018",75.902824
"676","JOR","2019",161
"677","JOR","2020",1082.62
"678","JOR","2021",2112.002151
"679","JOR","2022",1037
"680","JOR","2023",3108.38396
"681","GHA","2016",35.7517451
"682","GHA","2017",59.30214846
"683","GHA","2018",72.33193355
"684","GHA","2019",86.76405144
"685","GHA","2020",143.9390837
"686","GHA","2021",179.5557922
"687","GHA","2022",174.5461049
"688","GHA","2023",228.1129848
"689","ZAF","2016",1229
"690","ZAF","2017",NA
"691","ZAF","2018",NA
"692","ZAF","2019",NA
"693","ZAF","2020",24
"694","ZAF","2021",887.072763
"695","ZAF","2022",1712.440892
"696","ZAF","2023",7131.239401
"697","MDG","2016",4804222
"698","MDG","2017",7330802.284
"699","MDG","2018",1236173.459
"700","MDG","2019",21158544
"701","MDG","2020",24516015
"702","MDG","2021",33054905.79
"703","MDG","2022",45022415.63
"704","MDG","2023",NA
"705","UGA","2016",43.58930519
"706","UGA","2017",52.08183871
"707","UGA","2018",59.26121904
"708","UGA","2019",55.33498131
"709","UGA","2020",67.0980401
"710","UGA","2021",93.66901674
"711","UGA","2022",NA
"712","UGA","2023",NA
"713","PAK","2016",2169541
"714","PAK","2017",2804008
"715","PAK","2018",3659074.172
"716","PAK","2019",4504780.091
"717","PAK","2020",6785763.876
"718","PAK","2021",8971352.491
"719","PAK","2022",12601738.67
"720","PAK","2023",18182312.23
"721","BWA","2016",4092.175341
"722","BWA","2017",5670
"723","BWA","2018",9866.469554
"724","BWA","2019",12716.04528
"725","BWA","2020",18773.28804
"726","BWA","2021",29550.22764
"727","BWA","2022",34777.01981
"728","BWA","2023",40593.91883
"729","MWI","2016",5.349332683
"730","MWI","2017",7.982056656
"731","MWI","2018",13.16836513
"732","MWI","2019",20.35291872
"733","MWI","2020",27.89046837
"734","MWI","2021",NA
"735","MWI","2022",54.02996994
"736","MWI","2023",NA
"737","GHA","2016",78508.9
"738","GHA","2017",155844.84
"739","GHA","2018",223207.23
"740","GHA","2019",309352.25
"741","GHA","2020",564155.9
"742","GHA","2021",829000
"743","GHA","2022",1072300
"744","GHA","2023",1919874
"745","PLW","2016",NA
"746","PLW","2017",NA
"747","PLW","2018",NA
"748","PLW","2019",NA
"749","PLW","2020",NA
"750","PLW","2021",NA
"751","PLW","2022",NA
"752","PLW","2023",NA
"753","EST","2016",NA
"754","EST","2017",NA
"755","EST","2018",NA
"756","EST","2019",NA
"757","EST","2020",NA
"758","EST","2021",NA
"759","EST","2022",NA
"760","EST","2023",NA
"761","EST","2016",NA
"762","EST","2017",NA
"763","EST","2018",NA
"764","EST","2019",NA
"765","EST","2020",NA
"766","EST","2021",NA
"767","EST","2022",NA
"768","EST","2023",NA
"769","DNK","2016",NA
"770","DNK","2017",NA
"771","DNK","2018",NA
"772","DNK","2019",NA
"773","DNK","2020",NA
"774","DNK","2021",NA
"775","DNK","2022",NA
"776","DNK","2023",NA
"777","DNK","2016",NA
"778","DNK","2017",NA
"779","DNK","2018",NA
"780","DNK","2019",NA
"781","DNK","2020",NA
"782","DNK","2021",NA
"783","DNK","2022",NA
"784","DNK","2023",NA
"785","ISL","2016",NA
"786","ISL","2017",NA
"787","ISL","2018",NA
"788","ISL","2019",NA
"789","ISL","2020",NA
"790","ISL","2021",NA
"791","ISL","2022",NA
"792","ISL","2023",NA
"793","PLW","2016",NA
"794","PLW","2017",NA
"795","PLW","2018",NA
"796","PLW","2019",NA
"797","PLW","2020",NA
"798","PLW","2021",NA
"799","PLW","2022",NA
"800","PLW","2023",NA
"801","ISL","2016",NA
"802","ISL","2017",NA
"803","ISL","2018",NA
"804","ISL","2019",NA
"805","ISL","2020",NA
"806","ISL","2021",NA
"807","ISL","2022",NA
"808","ISL","2023",NA
"809","FRA","2016",NA
"810","FRA","2017",NA
"811","FRA","2018",NA
"812","FRA","2019",NA
"813","FRA","2020",NA
"814","FRA","2021",NA
"815","FRA","2022",NA
"816","FRA","2023",NA
"817","FRA","2016",NA
"818","FRA","2017",NA
"819","FRA","2018",NA
"820","FRA","2019",NA
"821","FRA","2020",NA
"822","FRA","2021",NA
"823","FRA","2022",NA
"824","FRA","2023",NA
"825","MUS","2016",0.004691479
"826","MUS","2017",0.005217178
"827","MUS","2018",0.006219415
"828","MUS","2019",0.036593843
"829","MUS","2020",0.175104818
"830","MUS","2021",0.606875284
"831","MUS","2022",0.755654452
"832","MUS","2023",1.017007522
"833","MUS","2016",21
"834","MUS","2017",24.67
"835","MUS","2018",31.1
"836","MUS","2019",187.4
"837","MUS","2020",786
"838","MUS","2021",2905.761341
"839","MUS","2022",4316.252891
"840","MUS","2023",6628.02108
"841","KAZ","2016",NA
"842","KAZ","2017",NA
"843","KAZ","2018",NA
"844","KAZ","2019",NA
"845","KAZ","2020",NA
"846","KAZ","2021",NA
"847","KAZ","2022",NA
"848","KAZ","2023",NA
"849","KAZ","2016",NA
"850","KAZ","2017",NA
"851","KAZ","2018",NA
"852","KAZ","2019",NA
"853","KAZ","2020",NA
"854","KAZ","2021",NA
"855","KAZ","2022",NA
"856","KAZ","2023",NA
"857","GNQ","2016",NA
"858","GNQ","2017",NA
"859","GNQ","2018",NA
"860","GNQ","2019",NA
"861","GNQ","2020",NA
"862","GNQ","2021",NA
"863","GNQ","2022",NA
"864","GNQ","2023",NA
"865","PSE","2016",NA
"866","PSE","2017",NA
"867","PSE","2018",NA
"868","PSE","2019",NA
"869","PSE","2020",NA
"870","PSE","2021",55.3
"871","PSE","2022",NA
"872","PSE","2023",NA
"873","PSE","2016",NA
"874","PSE","2017",NA
"875","PSE","2018",NA
"876","PSE","2019",NA
"877","PSE","2020",NA
"878","PSE","2021",0.305373019
"879","PSE","2022",NA
"880","PSE","2023",NA
"881","GNQ","2016",NA
"882","GNQ","2017",NA
"883","GNQ","2018",NA
"884","GNQ","2019",NA
"885","GNQ","2020",NA
"886","GNQ","2021",NA
"887","GNQ","2022",NA
"888","GNQ","2023",NA
"889",NA,"2016",NA
"890",NA,"2017",NA
"891",NA,"2018",NA
"892",NA,"2019",NA
"893",NA,"2020",NA
"894",NA,"2021",NA
"895",NA,"2022",NA
"896",NA,"2023",NA
"897",NA,"2016",NA
"898",NA,"2017",NA
"899",NA,"2018",NA
"900",NA,"2019",NA
"901",NA,"2020",NA
"902",NA,"2021",NA
"903",NA,"2022",NA
"904",NA,"2023",NA
"905","BIH","2016",NA
"906","BIH","2017",NA
"907","BIH","2018",NA
"908","BIH","2019",NA
"909","BIH","2020",NA
"910","BIH","2021",NA
"911","BIH","2022",NA
"912","BIH","2023",NA
"913","SYC","2016",16
"914","SYC","2017",22
"915","SYC","2018",10
"916","SYC","2019",26
"917","SYC","2020",47
"918","SYC","2021",42
"919","SYC","2022",45
"920","SYC","2023",NA
"921","SYC","2016",0.082338496
"922","SYC","2017",0.105373555
"923","SYC","2018",0.045272928
"924","SYC","2019",0.112622529
"925","SYC","2020",0.225425922
"926","SYC","2021",0.192913363
"927","SYC","2022",0.198491471
"928","SYC","2023",NA
"929","BIH","2016",NA
"930","BIH","2017",NA
"931","BIH","2018",NA
"932","BIH","2019",NA
"933","BIH","2020",NA
"934","BIH","2021",NA
"935","BIH","2022",NA
"936","BIH","2023",NA
"937","ITA","2016",NA
"938","ITA","2017",NA
"939","ITA","2018",NA
"940","ITA","2019",NA
"941","ITA","2020",NA
"942","ITA","2021",NA
"943","ITA","2022",NA
"944","ITA","2023",NA
"945","MDA","2016",NA
"946","MDA","2017",NA
"947","MDA","2018",NA
"948","MDA","2019",NA
"949","MDA","2020",NA
"950","MDA","2021",NA
"951","MDA","2022",NA
"952","MDA","2023",NA
"953","BLZ","2016",NA
"954","BLZ","2017",NA
"955","BLZ","2018",NA
"956","BLZ","2019",NA
"957","BLZ","2020",NA
"958","BLZ","2021",NA
"959","BLZ","2022",NA
"960","BLZ","2023",NA
"961","MDA","2016",NA
"962","MDA","2017",NA
"963","MDA","2018",NA
"964","MDA","2019",NA
"965","MDA","2020",NA
"966","MDA","2021",NA
"967","MDA","2022",NA
"968","MDA","2023",NA
"969","ITA","2016",NA
"970","ITA","2017",NA
"971","ITA","2018",NA
"972","ITA","2019",NA
"973","ITA","2020",NA
"974","ITA","2021",NA
"975","ITA","2022",NA
"976","ITA","2023",NA
"977","SRB","2016",NA
"978","SRB","2017",NA
"979","SRB","2018",NA
"980","SRB","2019",NA
"981","SRB","2020",NA
"982","SRB","2021",NA
"983","SRB","2022",NA
"984","SRB","2023",NA
"985","POL","2016",NA
"986","POL","2017",NA
"987","POL","2018",NA
"988","POL","2019",NA
"989","POL","2020",NA
"990","POL","2021",NA
"991","POL","2022",NA
"992","POL","2023",NA
"993","DEU","2016",NA
"994","DEU","2017",NA
"995","DEU","2018",NA
"996","DEU","2019",NA
"997","DEU","2020",NA
"998","DEU","2021",NA
"999","DEU","2022",NA
"1000","DEU","2023",NA
"1001","POL","2016",NA
"1002","POL","2017",NA
"1003","POL","2018",NA
"1004","POL","2019",NA
"1005","POL","2020",NA
"1006","POL","2021",NA
"1007","POL","2022",NA
"1008","POL","2023",NA
"1009","ESP","2016",NA
"1010","ESP","2017",NA
"1011","ESP","2018",NA
"1012","ESP","2019",NA
"1013","ESP","2020",NA
"1014","ESP","2021",NA
"1015","ESP","2022",NA
"1016","ESP","2023",NA
"1017","FIN","2016",NA
"1018","FIN","2017",NA
"1019","FIN","2018",NA
"1020","FIN","2019",NA
"1021","FIN","2020",NA
"1022","FIN","2021",NA
"1023","FIN","2022",NA
"1024","FIN","2023",NA
"1025","ESP","2016",NA
"1026","ESP","2017",NA
"1027","ESP","2018",NA
"1028","ESP","2019",NA
"1029","ESP","2020",NA
"1030","ESP","2021",NA
"1031","ESP","2022",NA
"1032","ESP","2023",NA
"1033","RUS","2016",NA
"1034","RUS","2017",NA
"1035","RUS","2018",NA
"1036","RUS","2019",NA
"1037","RUS","2020",NA
"1038","RUS","2021",NA
"1039","RUS","2022",NA
"1040","RUS","2023",NA
"1041","RUS","2016",NA
"1042","RUS","2017",NA
"1043","RUS","2018",NA
"1044","RUS","2019",NA
"1045","RUS","2020",NA
"1046","RUS","2021",NA
"1047","RUS","2022",NA
"1048","RUS","2023",NA
"1049","FIN","2016",NA
"1050","FIN","2017",NA
"1051","FIN","2018",NA
"1052","FIN","2019",NA
"1053","FIN","2020",NA
"1054","FIN","2021",NA
"1055","FIN","2022",NA
"1056","FIN","2023",NA
"1057","ALB","2016",0.02890185
"1058","ALB","2017",0.165229022
"1059","ALB","2018",0.279747529
"1060","ALB","2019",0.457148764
"1061","ALB","2020",0.655138992
"1062","ALB","2021",0.841968586
"1063","ALB","2022",2.120688453
"1064","ALB","2023",3.961951481
"1065","SVK","2016",NA
"1066","SVK","2017",NA
"1067","SVK","2018",NA
"1068","SVK","2019",NA
"1069","SVK","2020",NA
"1070","SVK","2021",NA
"1071","SVK","2022",NA
"1072","SVK","2023",NA
"1073","SVK","2016",NA
"1074","SVK","2017",NA
"1075","SVK","2018",NA
"1076","SVK","2019",NA
"1077","SVK","2020",NA
"1078","SVK","2021",NA
"1079","SVK","2022",NA
"1080","SVK","2023",NA
"1081","IRL","2016",NA
"1082","IRL","2017",NA
"1083","IRL","2018",NA
"1084","IRL","2019",NA
"1085","IRL","2020",NA
"1086","IRL","2021",NA
"1087","IRL","2022",NA
"1088","IRL","2023",NA
"1089","IRN","2016",NA
"1090","IRN","2017",NA
"1091","IRN","2018",NA
"1092","IRN","2019",NA
"1093","IRN","2020",NA
"1094","IRN","2021",NA
"1095","IRN","2022",NA
"1096","IRN","2023",NA
"1097","ALB","2016",425.5736689
"1098","ALB","2017",2562.116368
"1099","ALB","2018",4578.71062
"1100","ALB","2019",7734.515623
"1101","ALB","2020",10792.96332
"1102","ALB","2021",15628.386
"1103","ALB","2022",45347.50826
"1104","ALB","2023",91623.6299
"1105","IRL","2016",NA
"1106","IRL","2017",NA
"1107","IRL","2018",NA
"1108","IRL","2019",NA
"1109","IRL","2020",NA
"1110","IRL","2021",NA
"1111","IRL","2022",NA
"1112","IRL","2023",NA
"1113","IRN","2016",NA
"1114","IRN","2017",NA
"1115","IRN","2018",NA
"1116","IRN","2019",NA
"1117","IRN","2020",NA
"1118","IRN","2021",NA
"1119","IRN","2022",NA
"1120","IRN","2023",NA
"1121","BLZ","2016",NA
"1122","BLZ","2017",NA
"1123","BLZ","2018",NA
"1124","BLZ","2019",NA
"1125","BLZ","2020",NA
"1126","BLZ","2021",NA
"1127","BLZ","2022",NA
"1128","BLZ","2023",NA
"1129","UKR","2016",NA
"1130","UKR","2017",NA
"1131","UKR","2018",NA
"1132","UKR","2019",NA
"1133","UKR","2020",NA
"1134","UKR","2021",NA
"1135","UKR","2022",NA
"1136","UKR","2023",NA
"1137","UKR","2016",NA
"1138","UKR","2017",NA
"1139","UKR","2018",NA
"1140","UKR","2019",NA
"1141","UKR","2020",NA
"1142","UKR","2021",NA
"1143","UKR","2022",NA
"1144","UKR","2023",NA
"1145","LUX","2016",NA
"1146","LUX","2017",NA
"1147","LUX","2018",NA
"1148","LUX","2019",NA
"1149","LUX","2020",NA
"1150","LUX","2021",NA
"1151","LUX","2022",NA
"1152","LUX","2023",NA
"1153","PER","2016",NA
"1154","PER","2017",NA
"1155","PER","2018",NA
"1156","PER","2019",NA
"1157","PER","2020",NA
"1158","PER","2021",NA
"1159","PER","2022",NA
"1160","PER","2023",NA
"1161","NZL","2016",NA
"1162","NZL","2017",NA
"1163","NZL","2018",NA
"1164","NZL","2019",NA
"1165","NZL","2020",NA
"1166","NZL","2021",NA
"1167","NZL","2022",NA
"1168","NZL","2023",NA
"1169","LUX","2016",NA
"1170","LUX","2017",NA
"1171","LUX","2018",NA
"1172","LUX","2019",NA
"1173","LUX","2020",NA
"1174","LUX","2021",NA
"1175","LUX","2022",NA
"1176","LUX","2023",NA
"1177","UZB","2016",NA
"1178","UZB","2017",NA
"1179","UZB","2018",NA
"1180","UZB","2019",NA
"1181","UZB","2020",NA
"1182","UZB","2021",NA
"1183","UZB","2022",NA
"1184","UZB","2023",NA
"1185","UZB","2016",NA
"1186","UZB","2017",NA
"1187","UZB","2018",NA
"1188","UZB","2019",NA
"1189","UZB","2020",NA
"1190","UZB","2021",NA
"1191","UZB","2022",NA
"1192","UZB","2023",NA
"1193","NZL","2016",NA
"1194","NZL","2017",NA
"1195","NZL","2018",NA
"1196","NZL","2019",NA
"1197","NZL","2020",NA
"1198","NZL","2021",NA
"1199","NZL","2022",NA
"1200","NZL","2023",NA
"1201","LBN","2016",NA
"1202","LBN","2017",NA
"1203","LBN","2018",NA
"1204","LBN","2019",NA
"1205","LBN","2020",NA
"1206","LBN","2021",NA
"1207","LBN","2022",NA
"1208","LBN","2023",NA
"1209","GMB","2016",NA
"1210","GMB","2017",NA
"1211","GMB","2018",NA
"1212","GMB","2019",49
"1213","GMB","2020",53
"1214","GMB","2021",67
"1215","GMB","2022",91
"1216","GMB","2023",1829
"1217","KNA","2016",NA
"1218","KNA","2017",NA
"1219","KNA","2018",NA
"1220","KNA","2019",NA
"1221","KNA","2020",NA
"1222","KNA","2021",NA
"1223","KNA","2022",NA
"1224","KNA","2023",NA
"1225","LBN","2016",NA
"1226","LBN","2017",NA
"1227","LBN","2018",NA
"1228","LBN","2019",NA
"1229","LBN","2020",NA
"1230","LBN","2021",NA
"1231","LBN","2022",NA
"1232","LBN","2023",NA
"1233","DOM","2016",NA
"1234","DOM","2017",NA
"1235","DOM","2018",NA
"1236","DOM","2019",NA
"1237","DOM","2020",NA
"1238","DOM","2021",NA
"1239","DOM","2022",NA
"1240","DOM","2023",NA
"1241","DOM","2016",NA
"1242","DOM","2017",NA
"1243","DOM","2018",NA
"1244","DOM","2019",NA
"1245","DOM","2020",NA
"1246","DOM","2021",NA
"1247","DOM","2022",NA
"1248","DOM","2023",NA
"1249","KNA","2016",NA
"1250","KNA","2017",NA
"1251","KNA","2018",NA
"1252","KNA","2019",NA
"1253","KNA","2020",NA
"1254","KNA","2021",NA
"1255","KNA","2022",NA
"1256","KNA","2023",NA
"1257",NA,"2016",NA
"1258",NA,"2017",NA
"1259",NA,"2018",NA
"1260",NA,"2019",NA
"1261",NA,"2020",NA
"1262",NA,"2021",NA
"1263",NA,"2022",NA
"1264",NA,"2023",NA
"1265","CHN","2016",NA
"1266","CHN","2017",NA
"1267","CHN","2018",NA
"1268","CHN","2019",NA
"1269","CHN","2020",NA
"1270","CHN","2021",NA
"1271","CHN","2022",NA
"1272","CHN","2023",NA
"1273","CHN","2016",NA
"1274","CHN","2017",NA
"1275","CHN","2018",NA
"1276","CHN","2019",NA
"1277","CHN","2020",NA
"1278","CHN","2021",NA
"1279","CHN","2022",NA
"1280","CHN","2023",NA
"1281","GBR","2016",NA
"1282","GBR","2017",NA
"1283","GBR","2018",NA
"1284","GBR","2019",NA
"1285","GBR","2020",NA
"1286","GBR","2021",NA
"1287","GBR","2022",NA
"1288","GBR","2023",NA
"1289","GBR","2016",NA
"1290","GBR","2017",NA
"1291","GBR","2018",NA
"1292","GBR","2019",NA
"1293","GBR","2020",NA
"1294","GBR","2021",NA
"1295","GBR","2022",NA
"1296","GBR","2023",NA
"1297",NA,"2016",NA
"1298",NA,"2017",NA
"1299",NA,"2018",NA
"1300",NA,"2019",NA
"1301",NA,"2020",NA
"1302",NA,"2021",NA
"1303",NA,"2022",NA
"1304",NA,"2023",NA
"1305","BRN","2016",NA
"1306","BRN","2017",NA
"1307","BRN","2018",NA
"1308","BRN","2019",NA
"1309","BRN","2020",NA
"1310","BRN","2021",NA
"1311","BRN","2022",NA
"1312","BRN","2023",NA
"1313","BRN","2016",NA
"1314","BRN","2017",NA
"1315","BRN","2018",NA
"1316","BRN","2019",NA
"1317","BRN","2020",NA
"1318","BRN","2021",NA
"1319","BRN","2022",NA
"1320","BRN","2023",NA
"1321","SVN","2016",NA
"1322","SVN","2017",NA
"1323","SVN","2018",NA
"1324","SVN","2019",NA
"1325","SVN","2020",NA
"1326","SVN","2021",NA
"1327","SVN","2022",NA
"1328","SVN","2023",NA
"1329","URY","2016",NA
"1330","URY","2017",NA
"1331","URY","2018",11811
"1332","URY","2019",14537
"1333","URY","2020",20296
"1334","URY","2021",29408
"1335","URY","2022",42796
"1336","URY","2023",51633
"1337","URY","2016",NA
"1338","URY","2017",NA
"1339","URY","2018",0.588278121
"1340","URY","2019",0.662678343
"1341","URY","2020",0.900125737
"1342","URY","2021",1.11127603
"1343","URY","2022",1.481593488
"1344","URY","2023",1.721906809
"1345","MNE","2016",NA
"1346","MNE","2017",NA
"1347","MNE","2018",NA
"1348","MNE","2019",NA
"1349","MNE","2020",NA
"1350","MNE","2021",NA
"1351","MNE","2022",NA
"1352","MNE","2023",NA
"1353","MNE","2016",NA
"1354","MNE","2017",NA
"1355","MNE","2018",NA
"1356","MNE","2019",NA
"1357","MNE","2020",NA
"1358","MNE","2021",NA
"1359","MNE","2022",NA
"1360","MNE","2023",NA
"1361","SVN","2016",NA
"1362","SVN","2017",NA
"1363","SVN","2018",NA
"1364","SVN","2019",NA
"1365","SVN","2020",NA
"1366","SVN","2021",NA
"1367","SVN","2022",NA
"1368","SVN","2023",NA
"1369","KWT","2016",NA
"1370","KWT","2017",NA
"1371","KWT","2018",NA
"1372","KWT","2019",NA
"1373","KWT","2020",NA
"1374","KWT","2021",NA
"1375","KWT","2022",NA
"1376","KWT","2023",NA
"1377","THA","2016",43280.28
"1378","THA","2017",68063.36
"1379","THA","2018",114091.67
"1380","THA","2019",170587.92
"1381","THA","2020",260622.62
"1382","THA","2021",413014.7129
"1383","THA","2022",527863.3017
"1384","THA","2023",608616.5611
"1385","KWT","2016",NA
"1386","KWT","2017",NA
"1387","KWT","2018",NA
"1388","KWT","2019",NA
"1389","KWT","2020",NA
"1390","KWT","2021",NA
"1391","KWT","2022",NA
"1392","KWT","2023",NA
"1393",NA,"2016",NA
"1394",NA,"2017",NA
"1395",NA,"2018",NA
"1396",NA,"2019",NA
"1397",NA,"2020",NA
"1398",NA,"2021",NA
"1399",NA,"2022",NA
"1400",NA,"2023",NA
"1401","SGP","2016",NA
"1402","SGP","2017",NA
"1403","SGP","2018",NA
"1404","SGP","2019",NA
"1405","SGP","2020",NA
"1406","SGP","2021",NA
"1407","SGP","2022",NA
"1408","SGP","2023",NA
"1409","LCA","2016",NA
"1410","LCA","2017",NA
"1411","LCA","2018",NA
"1412","LCA","2019",NA
"1413","LCA","2020",NA
"1414","LCA","2021",NA
"1415","LCA","2022",NA
"1416","LCA","2023",NA
"1417",NA,"2016",NA
"1418",NA,"2017",NA
"1419",NA,"2018",NA
"1420",NA,"2019",NA
"1421",NA,"2020",NA
"1422",NA,"2021",NA
"1423",NA,"2022",NA
"1424",NA,"2023",NA
"1425","KGZ","2016",NA
"1426","KGZ","2017",NA
"1427","KGZ","2018",NA
"1428","KGZ","2019",NA
"1429","KGZ","2020",NA
"1430","KGZ","2021",NA
"1431","KGZ","2022",NA
"1432","KGZ","2023",NA
"1433",NA,"2016",NA
"1434",NA,"2017",NA
"1435",NA,"2018",NA
"1436",NA,"2019",NA
"1437",NA,"2020",NA
"1438",NA,"2021",NA
"1439",NA,"2022",NA
"1440",NA,"2023",NA
"1441","SGP","2016",NA
"1442","SGP","2017",NA
"1443","SGP","2018",NA
"1444","SGP","2019",NA
"1445","SGP","2020",NA
"1446","SGP","2021",NA
"1447","SGP","2022",NA
"1448","SGP","2023",NA
"1449",NA,"2016",NA
"1450",NA,"2017",NA
"1451",NA,"2018",NA
"1452",NA,"2019",NA
"1453",NA,"2020",NA
"1454",NA,"2021",NA
"1455",NA,"2022",NA
"1456",NA,"2023",NA
"1457","KGZ","2016",NA
"1458","KGZ","2017",NA
"1459","KGZ","2018",NA
"1460","KGZ","2019",NA
"1461","KGZ","2020",NA
"1462","KGZ","2021",NA
"1463","KGZ","2022",NA
"1464","KGZ","2023",NA
"1465",NA,"2016",NA
"1466",NA,"2017",NA
"1467",NA,"2018",NA
"1468",NA,"2019",NA
"1469",NA,"2020",NA
"1470",NA,"2021",NA
"1471",NA,"2022",NA
"1472",NA,"2023",NA
"1473","ATG","2016",NA
"1474","ATG","2017",NA
"1475","ATG","2018",NA
"1476","ATG","2019",NA
"1477","ATG","2020",NA
"1478","ATG","2021",NA
"1479","ATG","2022",NA
"1480","ATG","2023",NA
"1481","LCA","2016",NA
"1482","LCA","2017",NA
"1483","LCA","2018",NA
"1484","LCA","2019",NA
"1485","LCA","2020",NA
"1486","LCA","2021",NA
"1487","LCA","2022",NA
"1488","LCA","2023",NA
"1489",NA,"2016",NA
"1490",NA,"2017",NA
"1491",NA,"2018",NA
"1492",NA,"2019",NA
"1493",NA,"2020",NA
"1494",NA,"2021",NA
"1495",NA,"2022",NA
"1496",NA,"2023",NA
"1497","ATG","2016",NA
"1498","ATG","2017",NA
"1499","ATG","2018",NA
"1500","ATG","2019",NA
"1501","ATG","2020",NA
"1502","ATG","2021",NA
"1503","ATG","2022",NA
"1504","ATG","2023",NA
"1505","GRD","2016",NA
"1506","GRD","2017",NA
"1507","GRD","2018",NA
"1508","GRD","2019",NA
"1509","GRD","2020",NA
"1510","GRD","2021",NA
"1511","GRD","2022",NA
"1512","GRD","2023",NA
"1513","GRD","2016",NA
"1514","GRD","2017",NA
"1515","GRD","2018",NA
"1516","GRD","2019",NA
"1517","GRD","2020",NA
"1518","GRD","2021",NA
"1519","GRD","2022",NA
"1520","GRD","2023",NA
"1521","VCT","2016",NA
"1522","VCT","2017",NA
"1523","VCT","2018",NA
"1524","VCT","2019",NA
"1525","VCT","2020",NA
"1526","VCT","2021",NA
"1527","VCT","2022",NA
"1528","VCT","2023",NA
"1529","VCT","2016",NA
"1530","VCT","2017",NA
"1531","VCT","2018",NA
"1532","VCT","2019",NA
"1533","VCT","2020",NA
"1534","VCT","2021",NA
"1535","VCT","2022",NA
"1536","VCT","2023",NA
"1537","MDV","2016",NA
"1538","MDV","2017",NA
"1539","MDV","2018",37.40201909
"1540","MDV","2019",117.4432916
"1541","MDV","2020",181.8125524
"1542","MDV","2021",193.9672576
"1543","MDV","2022",399.0426977
"1544","MDV","2023",419.3201612
"1545","HRV","2016",NA
"1546","HRV","2017",NA
"1547","HRV","2018",NA
"1548","HRV","2019",NA
"1549","HRV","2020",NA
"1550","HRV","2021",NA
"1551","HRV","2022",NA
"1552","HRV","2023",NA
"1553","PER","2016",NA
"1554","PER","2017",NA
"1555","PER","2018",NA
"1556","PER","2019",NA
"1557","PER","2020",NA
"1558","PER","2021",NA
"1559","PER","2022",NA
"1560","PER","2023",NA
"1561","MDV","2016",NA
"1562","MDV","2017",NA
"1563","MDV","2018",0.044966575
"1564","MDV","2019",0.133338538
"1565","MDV","2020",0.318385273
"1566","MDV","2021",0.240136393
"1567","MDV","2022",0.420286922
"1568","MDV","2023",0.412908353
"1569","LTU","2016",NA
"1570","LTU","2017",NA
"1571","LTU","2018",NA
"1572","LTU","2019",NA
"1573","LTU","2020",NA
"1574","LTU","2021",NA
"1575","LTU","2022",NA
"1576","LTU","2023",NA
"1577","TUR","2016",989
"1578","TUR","2017",4064
"1579","TUR","2018",6106
"1580","TUR","2019",6012
"1581","TUR","2020",5807
"1582","TUR","2021",7370
"1583","TUR","2022",11881
"1584","TUR","2023",9402
"1585","HRV","2016",NA
"1586","HRV","2017",NA
"1587","HRV","2018",NA
"1588","HRV","2019",NA
"1589","HRV","2020",NA
"1590","HRV","2021",NA
"1591","HRV","2022",NA
"1592","HRV","2023",NA
"1593","LTU","2016",NA
"1594","LTU","2017",NA
"1595","LTU","2018",NA
"1596","LTU","2019",NA
"1597","LTU","2020",NA
"1598","LTU","2021",NA
"1599","LTU","2022",NA
"1600","LTU","2023",NA
"1601","TUR","2016",0.037653818
"1602","TUR","2017",0.129686775
"1603","TUR","2018",0.162343273
"1604","TUR","2019",0.139237252
"1605","TUR","2020",0.115022715
"1606","TUR","2021",0.101569126
"1607","TUR","2022",0.079144533
"1608","TUR","2023",0.035781283
"1609","NIC","2016",NA
"1610","NIC","2017",NA
"1611","NIC","2018",0.258745279
"1612","NIC","2019",0.395805786
"1613","NIC","2020",0.594746944
"1614","NIC","2021",1.166532825
"1615","NIC","2022",0.935465025
"1616","NIC","2023",0.896542808
"1617","NIC","2016",NA
"1618","NIC","2017",NA
"1619","NIC","2018",1063.412048
"1620","NIC","2019",1664.814547
"1621","NIC","2020",2590.188364
"1622","NIC","2021",5803.045859
"1623","NIC","2022",5252
"1624","NIC","2023",5825
"1625","ROU","2016",20.46906481
"1626","ROU","2017",2.59396982
"1627","ROU","2018",NA
"1628","ROU","2019",NA
"1629","ROU","2020",NA
"1630","ROU","2021",NA
"1631","ROU","2022",NA
"1632","ROU","2023",NA
"1633","CHE","2016",NA
"1634","CHE","2017",NA
"1635","CHE","2018",NA
"1636","CHE","2019",NA
"1637","CHE","2020",NA
"1638","CHE","2021",NA
"1639","CHE","2022",NA
"1640","CHE","2023",NA
"1641","JAM","2016",NA
"1642","JAM","2017",889.891
"1643","JAM","2018",1566.153714
"1644","JAM","2019",11687.2662
"1645","JAM","2020",21293
"1646","JAM","2021",26859
"1647","JAM","2022",4396
"1648","JAM","2023",2617
"1649","CHE","2016",NA
"1650","CHE","2017",NA
"1651","CHE","2018",NA
"1652","CHE","2019",NA
"1653","CHE","2020",NA
"1654","CHE","2021",NA
"1655","CHE","2022",NA
"1656","CHE","2023",NA
"1657","ARG","2016",NA
"1658","ARG","2017",NA
"1659","ARG","2018",NA
"1660","ARG","2019",NA
"1661","ARG","2020",NA
"1662","ARG","2021",NA
"1663","ARG","2022",NA
"1664","ARG","2023",NA
"1665","JAM","2016",NA
"1666","JAM","2017",0.046959328
"1667","JAM","2018",0.077255047
"1668","JAM","2019",0.553785228
"1669","JAM","2020",1.082551064
"1670","JAM","2021",1.215218944
"1671","JAM","2022",0.167578066
"1672","JAM","2023",0.087399947
"1673","ARG","2016",NA
"1674","ARG","2017",NA
"1675","ARG","2018",NA
"1676","ARG","2019",NA
"1677","ARG","2020",NA
"1678","ARG","2021",NA
"1679","ARG","2022",NA
"1680","ARG","2023",NA
"1681","BDI","2016",NA
"1682","BDI","2017",NA
"1683","BDI","2018",NA
"1684","BDI","2019",NA
"1685","BDI","2020",NA
"1686","BDI","2021",NA
"1687","BDI","2022",NA
"1688","BDI","2023",NA
"1689","CHL","2016",NA
"1690","CHL","2017",NA
"1691","CHL","2018",NA
"1692","CHL","2019",NA
"1693","CHL","2020",NA
"1694","CHL","2021",NA
"1695","CHL","2022",NA
"1696","CHL","2023",NA
"1697","CHL","2016",NA
"1698","CHL","2017",NA
"1699","CHL","2018",NA
"1700","CHL","2019",NA
"1701","CHL","2020",NA
"1702","CHL","2021",NA
"1703","CHL","2022",NA
"1704","CHL","2023",NA
"1705","MLT","2016",NA
"1706","MLT","2017",NA
"1707","MLT","2018",NA
"1708","MLT","2019",NA
"1709","MLT","2020",NA
"1710","MLT","2021",NA
"1711","MLT","2022",NA
"1712","MLT","2023",NA
"1713","CYP","2016",NA
"1714","CYP","2017",NA
"1715","CYP","2018",NA
"1716","CYP","2019",NA
"1717","CYP","2020",NA
"1718","CYP","2021",NA
"1719","CYP","2022",NA
"1720","CYP","2023",NA
"1721","HUN","2016",0.054540515
"1722","HUN","2017",0.055764366
"1723","HUN","2018",0.056151229
"1724","HUN","2019",0.057167817
"1725","HUN","2020",0.046561428
"1726","HUN","2021",0.03898262
"1727","HUN","2022",0.042665059
"1728","HUN","2023",0.045617583
"1729","HUN","2016",19747.30227
"1730","HUN","2017",21901.3193
"1731","HUN","2018",24362.171
"1732","HUN","2019",27254.29193
"1733","HUN","2020",22556.43866
"1734","HUN","2021",21520.34649
"1735","HUN","2022",28138.35129
"1736","HUN","2023",34209.55814
"1737","MLT","2016",NA
"1738","MLT","2017",NA
"1739","MLT","2018",NA
"1740","MLT","2019",NA
"1741","MLT","2020",NA
"1742","MLT","2021",NA
"1743","MLT","2022",NA
"1744","MLT","2023",NA
"1745","BTN","2016",NA
"1746","BTN","2017",NA
"1747","BTN","2018",NA
"1748","BTN","2019",NA
"1749","BTN","2020",NA
"1750","BTN","2021",NA
"1751","BTN","2022",NA
"1752","BTN","2023",NA
"1753","CZE","2016",NA
"1754","CZE","2017",NA
"1755","CZE","2018",NA
"1756","CZE","2019",NA
"1757","CZE","2020",NA
"1758","CZE","2021",NA
"1759","CZE","2022",NA
"1760","CZE","2023",NA
"1761","CRI","2016",NA
"1762","CRI","2017",NA
"1763","CRI","2018",NA
"1764","CRI","2019",NA
"1765","CRI","2020",NA
"1766","CRI","2021",NA
"1767","CRI","2022",NA
"1768","CRI","2023",NA
"1769","CRI","2016",NA
"1770","CRI","2017",NA
"1771","CRI","2018",NA
"1772","CRI","2019",NA
"1773","CRI","2020",NA
"1774","CRI","2021",NA
"1775","CRI","2022",NA
"1776","CRI","2023",NA
"1777","BTN","2016",NA
"1778","BTN","2017",NA
"1779","BTN","2018",NA
"1780","BTN","2019",NA
"1781","BTN","2020",NA
"1782","BTN","2021",NA
"1783","BTN","2022",NA
"1784","BTN","2023",NA
"1785","CZE","2016",NA
"1786","CZE","2017",NA
"1787","CZE","2018",NA
"1788","CZE","2019",NA
"1789","CZE","2020",NA
"1790","CZE","2021",NA
"1791","CZE","2022",NA
"1792","CZE","2023",NA
"1793","CYP","2016",NA
"1794","CYP","2017",NA
"1795","CYP","2018",NA
"1796","CYP","2019",NA
"1797","CYP","2020",NA
"1798","CYP","2021",NA
"1799","CYP","2022",NA
"1800","CYP","2023",NA
"1801","EGY","2016",2283
"1802","EGY","2017",8600
"1803","EGY","2018",12000
"1804","EGY","2019",23400
"1805","EGY","2020",88231
"1806","EGY","2021",267528.1048
"1807","EGY","2022",612475.4092
"1808","EGY","2023",1277606.923
"1809","ISR","2016",NA
"1810","ISR","2017",NA
"1811","ISR","2018",NA
"1812","ISR","2019",NA
"1813","ISR","2020",NA
"1814","ISR","2021",NA
"1815","ISR","2022",NA
"1816","ISR","2023",NA
"1817","USA","2016",NA
"1818","USA","2017",NA
"1819","USA","2018",NA
"1820","USA","2019",NA
"1821","USA","2020",NA
"1822","USA","2021",NA
"1823","USA","2022",NA
"1824","USA","2023",NA
"1825","EGY","2016",0.084262198
"1826","EGY","2017",0.235236194
"1827","EGY","2018",0.257168574
"1828","EGY","2019",0.418155826
"1829","EGY","2020",1.434044144
"1830","EGY","2021",4.015069634
"1831","EGY","2022",7.809696005
"1832","EGY","2023",12.58056721
"1833","ISR","2016",NA
"1834","ISR","2017",NA
"1835","ISR","2018",NA
"1836","ISR","2019",NA
"1837","ISR","2020",NA
"1838","ISR","2021",NA
"1839","ISR","2022",NA
"1840","ISR","2023",NA
"1841","NPL","2016",NA
"1842","NPL","2017",NA
"1843","NPL","2018",NA
"1844","NPL","2019",56861.77564
"1845","NPL","2020",147467.8364
"1846","NPL","2021",114432
"1847","NPL","2022",184293
"1848","NPL","2023",219807
"1849","TTO","2016",NA
"1850","TTO","2017",NA
"1851","TTO","2018",NA
"1852","TTO","2019",NA
"1853","TTO","2020",NA
"1854","TTO","2021",NA
"1855","TTO","2022",NA
"1856","TTO","2023",NA
"1857","TLS","2016",NA
"1858","TLS","2017",NA
"1859","TLS","2018",NA
"1860","TLS","2019",NA
"1861","TLS","2020",NA
"1862","TLS","2021",NA
"1863","TLS","2022",NA
"1864","TLS","2023",NA
"1865","AZE","2016",NA
"1866","AZE","2017",NA
"1867","AZE","2018",NA
"1868","AZE","2019",NA
"1869","AZE","2020",NA
"1870","AZE","2021",NA
"1871","AZE","2022",NA
"1872","AZE","2023",NA
"1873","TLS","2016",NA
"1874","TLS","2017",NA
"1875","TLS","2018",NA
"1876","TLS","2019",NA
"1877","TLS","2020",NA
"1878","TLS","2021",NA
"1879","TLS","2022",NA
"1880","TLS","2023",NA
"1881","TTO","2016",NA
"1882","TTO","2017",NA
"1883","TTO","2018",NA
"1884","TTO","2019",NA
"1885","TTO","2020",NA
"1886","TTO","2021",NA
"1887","TTO","2022",NA
"1888","TTO","2023",NA
"1889","DMA","2016",NA
"1890","DMA","2017",NA
"1891","DMA","2018",NA
"1892","DMA","2019",NA
"1893","DMA","2020",NA
"1894","DMA","2021",NA
"1895","DMA","2022",NA
"1896","DMA","2023",NA
"1897","AGO","2016",0.000235663
"1898","AGO","2017",0.017154617
"1899","AGO","2018",0.100421777
"1900","AGO","2019",0.293170927
"1901","AGO","2020",0.03384052
"1902","AGO","2021",NA
"1903","AGO","2022",NA
"1904","AGO","2023",NA
"1905","NLD","2016",NA
"1906","NLD","2017",NA
"1907","NLD","2018",NA
"1908","NLD","2019",NA
"1909","NLD","2020",NA
"1910","NLD","2021",NA
"1911","NLD","2022",NA
"1912","NLD","2023",NA
"1913","AGO","2016",39.001281
"1914","AGO","2017",3475.919215
"1915","AGO","2018",25735.83394
"1916","AGO","2019",88920
"1917","AGO","2020",10727.70568
"1918","AGO","2021",NA
"1919","AGO","2022",NA
"1920","AGO","2023",NA
"1921","NLD","2016",NA
"1922","NLD","2017",NA
"1923","NLD","2018",NA
"1924","NLD","2019",NA
"1925","NLD","2020",NA
"1926","NLD","2021",NA
"1927","NLD","2022",NA
"1928","NLD","2023",NA
"1929","DMA","2016",NA
"1930","DMA","2017",NA
"1931","DMA","2018",NA
"1932","DMA","2019",NA
"1933","DMA","2020",NA
"1934","DMA","2021",NA
"1935","DMA","2022",NA
"1936","DMA","2023",NA
"1937","BRA","2016",NA
"1938","BRA","2017",NA
"1939","BRA","2018",NA
"1940","BRA","2019",NA
"1941","BRA","2020",NA
"1942","BRA","2021",NA
"1943","BRA","2022",NA
"1944","BRA","2023",NA
"1945","SUR","2016",NA
"1946","SUR","2017",NA
"1947","SUR","2018",NA
"1948","SUR","2019",NA
"1949","SUR","2020",NA
"1950","SUR","2021",NA
"1951","SUR","2022",NA
"1952","SUR","2023",NA
"1953","SUR","2016",NA
"1954","SUR","2017",NA
"1955","SUR","2018",NA
"1956","SUR","2019",NA
"1957","SUR","2020",NA
"1958","SUR","2021",NA
"1959","SUR","2022",NA
"1960","SUR","2023",NA
"1961","IRQ","2016",3083000
"1962","IRQ","2017",30515000
"1963","IRQ","2018",86153000
"1964","IRQ","2019",399194528
"1965","IRQ","2020",103885310
"1966","IRQ","2021",NA
"1967","IRQ","2022",NA
"1968","IRQ","2023",NA
"1969","BHS","2016",NA
"1970","BHS","2017",NA
"1971","BHS","2018",NA
"1972","BHS","2019",NA
"1973","BHS","2020",NA
"1974","BHS","2021",0.525996358
"1975","BHS","2022",0.468926038
"1976","BHS","2023",0.421243505
"1977","DJI","2016",NA
"1978","DJI","2017",NA
"1979","DJI","2018",NA
"1980","DJI","2019",NA
"1981","DJI","2020",NA
"1982","DJI","2021",NA
"1983","DJI","2022",NA
"1984","DJI","2023",NA
"1985","LAO","2016",NA
"1986","LAO","2017",NA
"1987","LAO","2018",NA
"1988","LAO","2019",NA
"1989","LAO","2020",NA
"1990","LAO","2021",NA
"1991","LAO","2022",NA
"1992","LAO","2023",NA
"1993","BHS","2016",NA
"1994","BHS","2017",NA
"1995","BHS","2018",NA
"1996","BHS","2019",NA
"1997","BHS","2020",NA
"1998","BHS","2021",59.8
"1999","BHS","2022",61.6
"2000","BHS","2023",60.4
"2001","TUN","2016",NA
"2002","TUN","2017",NA
"2003","TUN","2018",NA
"2004","TUN","2019",NA
"2005","TUN","2020",NA
"2006","TUN","2021",NA
"2007","TUN","2022",3
"2008","TUN","2023",48.4
"2009","IRQ","2016",1.565577472
"2010","IRQ","2017",13.76622486
"2011","IRQ","2018",32.03679932
"2012","IRQ","2019",144.5530165
"2013","IRQ","2020",48.17053661
"2014","IRQ","2021",NA
"2015","IRQ","2022",NA
"2016","IRQ","2023",NA
"2017","SDN","2016",110
"2018","SDN","2017",673
"2019","SDN","2018",2135.593993
"2020","SDN","2019",NA
"2021","SDN","2020",NA
"2022","SDN","2021",NA
"2023","SDN","2022",NA
"2024","SDN","2023",NA
"2025","KHM","2016",95928340.02
"2026","KHM","2017",67738231
"2027","KHM","2018",90104550
"2028","KHM","2019",144476129
"2029","KHM","2020",174506277
"2030","KHM","2021",196234240
"2031","KHM","2022",257161168
"2032","KHM","2023",303366557.5
"2033","KHM","2016",118.0774701
"2034","KHM","2017",75.40669624
"2035","KHM","2018",90.51705906
"2036","KHM","2019",131.3251638
"2037","KHM","2020",164.7968534
"2038","KHM","2021",177.5780404
"2039","KHM","2022",212.4773386
"2040","KHM","2023",232.2747335
"2041","SDN","2016",0.018169548
"2042","SDN","2017",0.082490101
"2043","SDN","2018",0.162036724
"2044","SDN","2019",NA
"2045","SDN","2020",NA
"2046","SDN","2021",NA
"2047","SDN","2022",NA
"2048","SDN","2023",NA
"2049","BOL","2016",639
"2050","BOL","2017",943
"2051","BOL","2018",1257.490045
"2052","BOL","2019",1503
"2053","BOL","2020",2269
"2054","BOL","2021",3313
"2055","BOL","2022",4518.583054
"2056","BOL","2023",12349.16001
"2057","HND","2016",NA
"2058","HND","2017",NA
"2059","HND","2018",NA
"2060","HND","2019",NA
"2061","HND","2020",NA
"2062","HND","2021",12870.9451
"2063","HND","2022",13209.50872
"2064","HND","2023",11243.42711
"2065","BRB","2016",NA
"2066","BRB","2017",NA
"2067","BRB","2018",NA
"2068","BRB","2019",NA
"2069","BRB","2020",NA
"2070","BRB","2021",NA
"2071","BRB","2022",NA
"2072","BRB","2023",NA
"2073","PAN","2016",NA
"2074","PAN","2017",NA
"2075","PAN","2018",NA
"2076","PAN","2019",NA
"2077","PAN","2020",NA
"2078","PAN","2021",NA
"2079","PAN","2022",NA
"2080","PAN","2023",NA
"2081","PRY","2016",NA
"2082","PRY","2017",8727096.043
"2083","PRY","2018",9279642.858
"2084","PRY","2019",10169984
"2085","PRY","2020",16316191.99
"2086","PRY","2021",14743675
"2087","PRY","2022",13854010.5
"2088","PRY","2023",13234853
"2089","PRY","2016",NA
"2090","PRY","2017",3.982751619
"2091","PRY","2018",4.024540126
"2092","PRY","2019",4.296907078
"2093","PRY","2020",6.800829643
"2094","PRY","2021",5.447830153
"2095","PRY","2022",4.729190085
"2096","PRY","2023",4.227000478
"2097","SLV","2016",NA
"2098","SLV","2017",NA
"2099","SLV","2018",NA
"2100","SLV","2019",NA
"2101","SLV","2020",46.26822093
"2102","SLV","2021",527.5219532
"2103","SLV","2022",777.6
"2104","SLV","2023",525.5911894
"2105","MRT","2016",732.173444
"2106","MRT","2017",NA
"2107","MRT","2018",NA
"2108","MRT","2019",NA
"2109","MRT","2020",897.7285293
"2110","MRT","2021",30283.16887
"2111","MRT","2022",NA
"2112","MRT","2023",NA
"2113","SSD","2016",NA
"2114","SSD","2017",NA
"2115","SSD","2018",NA
"2116","SSD","2019",NA
"2117","SSD","2020",NA
"2118","SSD","2021",NA
"2119","SSD","2022",NA
"2120","SSD","2023",NA
"2121","CPV","2016",NA
"2122","CPV","2017",NA
"2123","CPV","2018",NA
"2124","CPV","2019",NA
"2125","CPV","2020",NA
"2126","CPV","2021",NA
"2127","CPV","2022",NA
"2128","CPV","2023",NA
"2129","SWE","2016",NA
"2130","SWE","2017",NA
"2131","SWE","2018",NA
"2132","SWE","2019",NA
"2133","SWE","2020",NA
"2134","SWE","2021",NA
"2135","SWE","2022",NA
"2136","SWE","2023",NA
"2137","IND","2016",0.133735695
"2138","IND","2017",0.311536294
"2139","IND","2018",0.575008843
"2140","IND","2019",0.911752771
"2141","IND","2020",0.913679923
"2142","IND","2021",0.644413531
"2143","IND","2022",0.817017522
"2144","IND","2023",0.755012493
"2145","CAF","2016",76
"2146","CAF","2017",191
"2147","CAF","2018",NA
"2148","CAF","2019",NA
"2149","CAF","2020",NA
"2150","CAF","2021",NA
"2151","CAF","2022",NA
"2152","CAF","2023",NA
"2153","IND","2016",205841.556
"2154","IND","2017",532416.847
"2155","IND","2018",1086747.649
"2156","IND","2019",1832950.649
"2157","IND","2020",1814028.891
"2158","IND","2021",1520648.291
"2159","IND","2022",2201833.287
"2160","IND","2023",2218958
"2161","PRT","2016",NA
"2162","PRT","2017",NA
"2163","PRT","2018",NA
"2164","PRT","2019",NA
"2165","PRT","2020",NA
"2166","PRT","2021",NA
"2167","PRT","2022",NA
"2168","PRT","2023",NA
"2169","COL","2016",NA
"2170","COL","2017",NA
"2171","COL","2018",1806
"2172","COL","2019",104958
"2173","COL","2020",NA
"2174","COL","2021",NA
"2175","COL","2022",NA
"2176","COL","2023",NA
"2177","SWE","2016",NA
"2178","SWE","2017",NA
"2179","SWE","2018",NA
"2180","SWE","2019",NA
"2181","SWE","2020",NA
"2182","SWE","2021",NA
"2183","SWE","2022",NA
"2184","SWE","2023",NA
"2185","VNM","2016",NA
"2186","VNM","2017",NA
"2187","VNM","2018",NA
"2188","VNM","2019",NA
"2189","VNM","2020",NA
"2190","VNM","2021",NA
"2191","VNM","2022",1.9e+07
"2192","VNM","2023",NA
"2193","MHL","2016",NA
"2194","MHL","2017",NA
"2195","MHL","2018",NA
"2196","MHL","2019",NA
"2197","MHL","2020",NA
"2198","MHL","2021",NA
"2199","MHL","2022",NA
"2200","MHL","2023",NA
"2201","COL","2016",NA
"2202","COL","2017",NA
"2203","COL","2018",0.000182832
"2204","COL","2019",0.009901063
"2205","COL","2020",NA
"2206","COL","2021",NA
"2207","COL","2022",NA
"2208","COL","2023",NA
"2209","FSM","2016",NA
"2210","FSM","2017",NA
"2211","FSM","2018",NA
"2212","FSM","2019",NA
"2213","FSM","2020",NA
"2214","FSM","2021",NA
"2215","FSM","2022",NA
"2216","FSM","2023",NA
"2217","DZA","2016",NA
"2218","DZA","2017",NA
"2219","DZA","2018",NA
"2220","DZA","2019",NA
"2221","DZA","2020",NA
"2222","DZA","2021",NA
"2223","DZA","2022",NA
"2224","DZA","2023",NA
"2225","PRT","2016",NA
"2226","PRT","2017",NA
"2227","PRT","2018",NA
"2228","PRT","2019",NA
"2229","PRT","2020",NA
"2230","PRT","2021",NA
"2231","PRT","2022",NA
"2232","PRT","2023",NA
"2233","ARE","2016",NA
"2234","ARE","2017",NA
"2235","ARE","2018",NA
"2236","ARE","2019",NA
"2237","ARE","2020",NA
"2238","ARE","2021",NA
"2239","ARE","2022",NA
"2240","ARE","2023",NA
"2241","USA","2016",NA
"2242","USA","2017",NA
"2243","USA","2018",NA
"2244","USA","2019",NA
"2245","USA","2020",NA
"2246","USA","2021",NA
"2247","USA","2022",NA
"2248","USA","2023",NA
"2249","DJI","2016",NA
"2250","DJI","2017",NA
"2251","DJI","2018",NA
"2252","DJI","2019",NA
"2253","DJI","2020",NA
"2254","DJI","2021",NA
"2255","DJI","2022",NA
"2256","DJI","2023",NA
"2257","VNM","2016",NA
"2258","VNM","2017",NA
"2259","VNM","2018",NA
"2260","VNM","2019",NA
"2261","VNM","2020",NA
"2262","VNM","2021",NA
"2263","VNM","2022",0.198979181
"2264","VNM","2023",NA
"2265","FSM","2016",NA
"2266","FSM","2017",NA
"2267","FSM","2018",NA
"2268","FSM","2019",NA
"2269","FSM","2020",NA
"2270","FSM","2021",NA
"2271","FSM","2022",NA
"2272","FSM","2023",NA
"2273","SSD","2016",NA
"2274","SSD","2017",NA
"2275","SSD","2018",NA
"2276","SSD","2019",NA
"2277","SSD","2020",NA
"2278","SSD","2021",NA
"2279","SSD","2022",NA
"2280","SSD","2023",NA
"2281","NPL","2016",NA
"2282","NPL","2017",NA
"2283","NPL","2018",NA
"2284","NPL","2019",1.473511303
"2285","NPL","2020",3.792210713
"2286","NPL","2021",2.62907936
"2287","NPL","2022",3.703222413
"2288","NPL","2023",4.109673071
"2289","GMB","2016",NA
"2290","GMB","2017",NA
"2291","GMB","2018",NA
"2292","GMB","2019",0.053968464
"2293","GMB","2020",0.056787859
"2294","GMB","2021",0.063514913
"2295","GMB","2022",0.075682274
"2296","GMB","2023",1.279305969
"2297","SLV","2016",NA
"2298","SLV","2017",NA
"2299","SLV","2018",NA
"2300","SLV","2019",NA
"2301","SLV","2020",0.185658152
"2302","SLV","2021",1.816339257
"2303","SLV","2022",2.430841679
"2304","SLV","2023",1.545146581
"2305","DZA","2016",NA
"2306","DZA","2017",NA
"2307","DZA","2018",NA
"2308","DZA","2019",NA
"2309","DZA","2020",NA
"2310","DZA","2021",NA
"2311","DZA","2022",NA
"2312","DZA","2023",NA
"2313","LAO","2016",NA
"2314","LAO","2017",NA
"2315","LAO","2018",NA
"2316","LAO","2019",NA
"2317","LAO","2020",NA
"2318","LAO","2021",NA
"2319","LAO","2022",NA
"2320","LAO","2023",NA
"2321","MHL","2016",NA
"2322","MHL","2017",NA
"2323","MHL","2018",NA
"2324","MHL","2019",NA
"2325","MHL","2020",NA
"2326","MHL","2021",NA
"2327","MHL","2022",NA
"2328","MHL","2023",NA
"2329","HND","2016",NA
"2330","HND","2017",NA
"2331","HND","2018",NA
"2332","HND","2019",NA
"2333","HND","2020",NA
"2334","HND","2021",1.904175534
"2335","HND","2022",1.716648473
"2336","HND","2023",1.328524741
"2337","THA","2016",0.296636603
"2338","THA","2017",0.439439838
"2339","THA","2018",0.696813534
"2340","THA","2019",1.010043002
"2341","THA","2020",1.664119644
"2342","THA","2021",2.551267141
"2343","THA","2022",3.037535079
"2344","THA","2023",3.396067895
"2345","CPV","2016",NA
"2346","CPV","2017",NA
"2347","CPV","2018",NA
"2348","CPV","2019",NA
"2349","CPV","2020",NA
"2350","CPV","2021",NA
"2351","CPV","2022",NA
"2352","CPV","2023",NA
"2353","BRB","2016",NA
"2354","BRB","2017",NA
"2355","BRB","2018",NA
"2356","BRB","2019",NA
"2357","BRB","2020",NA
"2358","BRB","2021",NA
"2359","BRB","2022",NA
"2360","BRB","2023",NA
"2361","ARE","2016",NA
"2362","ARE","2017",NA
"2363","ARE","2018",NA
"2364","ARE","2019",NA
"2365","ARE","2020",NA
"2366","ARE","2021",NA
"2367","ARE","2022",NA
"2368","ARE","2023",NA
"2369","SRB","2016",NA
"2370","SRB","2017",NA
"2371","SRB","2018",NA
"2372","SRB","2019",NA
"2373","SRB","2020",NA
"2374","SRB","2021",NA
"2375","SRB","2022",NA
"2376","SRB","2023",NA
"2377","BDI","2016",NA
"2378","BDI","2017",NA
"2379","BDI","2018",NA
"2380","BDI","2019",NA
"2381","BDI","2020",NA
"2382","BDI","2021",NA
"2383","BDI","2022",NA
"2384","BDI","2023",NA
"2385","DEU","2016",NA
"2386","DEU","2017",NA
"2387","DEU","2018",NA
"2388","DEU","2019",NA
"2389","DEU","2020",NA
"2390","DEU","2021",NA
"2391","DEU","2022",NA
"2392","DEU","2023",NA
"2393","CAF","2016",0.007027173
"2394","CAF","2017",0.015872699
"2395","CAF","2018",NA
"2396","CAF","2019",NA
"2397","CAF","2020",NA
"2398","CAF","2021",NA
"2399","CAF","2022",NA
"2400","CAF","2023",NA
"2401","BOL","2016",0.272456117
"2402","BOL","2017",0.36383318
"2403","BOL","2018",0.451704685
"2404","BOL","2019",0.531872201
"2405","BOL","2020",0.89644032
"2406","BOL","2021",1.1865781
"2407","BOL","2022",1.485900738
"2408","BOL","2023",3.897818505
"2409","ROU","2016",0.002721529
"2410","ROU","2017",0.000304593
"2411","ROU","2018",NA
"2412","ROU","2019",NA
"2413","ROU","2020",NA
"2414","ROU","2021",NA
"2415","ROU","2022",NA
"2416","ROU","2023",NA
"2417","AZE","2016",NA
"2418","AZE","2017",NA
"2419","AZE","2018",NA
"2420","AZE","2019",NA
"2421","AZE","2020",NA
"2422","AZE","2021",NA
"2423","AZE","2022",NA
"2424","AZE","2023",NA
"2425","PAN","2016",NA
"2426","PAN","2017",NA
"2427","PAN","2018",NA
"2428","PAN","2019",NA
"2429","PAN","2020",NA
"2430","PAN","2021",NA
"2431","PAN","2022",NA
"2432","PAN","2023",NA
"2433","BRA","2016",NA
"2434","BRA","2017",NA
"2435","BRA","2018",NA
"2436","BRA","2019",NA
"2437","BRA","2020",NA
"2438","BRA","2021",NA
"2439","BRA","2022",NA
"2440","BRA","2023",NA
"2441","TUN","2016",NA
"2442","TUN","2017",NA
"2443","TUN","2018",NA
"2444","TUN","2019",NA
"2445","TUN","2020",NA
"2446","TUN","2021",NA
"2447","TUN","2022",0.002167384
"2448","TUN","2023",0.032100472
"2449","ETH","2016",NA
"2450","ETH","2017",NA
"2451","ETH","2018",NA
"2452","ETH","2019",NA
"2453","ETH","2020",NA
"2454","ETH","2021",NA
"2455","ETH","2022",0.395639933
"2456","ETH","2023",NA
"2457","LBY","2016",NA
"2458","LBY","2017",128385.415
"2459","LBY","2018",199029956.6
"2460","LBY","2019",99711811.17
"2461","LBY","2020",84502160.89
"2462","LBY","2021",82524669.56
"2463","LBY","2022",41806076.46
"2464","LBY","2023",NA
"2465","ETH","2016",NA
"2466","ETH","2017",NA
"2467","ETH","2018",NA
"2468","ETH","2019",NA
"2469","ETH","2020",NA
"2470","ETH","2021",NA
"2471","ETH","2022",24359.61
"2472","ETH","2023",NA
"2473","LBY","2016",NA
"2474","LBY","2017",137.1559921
"2475","LBY","2018",190142.8691
"2476","LBY","2019",102970.3065
"2477","LBY","2020",130001.3244
"2478","LBY","2021",45932.01287
"2479","LBY","2022",18984.29548
"2480","LBY","2023",NA
"2481","SLE","2016",NA
"2482","SLE","2017",NA
"2483","SLE","2018",NA
"2484","SLE","2019",NA
"2485","SLE","2020",NA
"2486","SLE","2021",NA
"2487","SLE","2022",19878618461
"2488","SLE","2023",39295169906
"2489","SLE","2016",NA
"2490","SLE","2017",NA
"2491","SLE","2018",NA
"2492","SLE","2019",NA
"2493","SLE","2020",NA
"2494","SLE","2021",NA
"2495","SLE","2022",34560090.51
"2496","SLE","2023",48412145.06
"2497","AUS","2016",NA
"2498","AUS","2017",NA
"2499","AUS","2018",NA
"2500","AUS","2019",NA
"2501","AUS","2020",NA
"2502","AUS","2021",NA
"2503","AUS","2022",NA
"2504","AUS","2023",NA
"2505","BEL","2016",NA
"2506","BEL","2017",NA
"2507","BEL","2018",NA
"2508","BEL","2019",NA
"2509","BEL","2020",NA
"2510","BEL","2021",NA
"2511","BEL","2022",NA
"2512","BEL","2023",NA
"2513","CAN","2016",NA
"2514","CAN","2017",NA
"2515","CAN","2018",NA
"2516","CAN","2019",NA
"2517","CAN","2020",NA
"2518","CAN","2021",NA
"2519","CAN","2022",NA
"2520","CAN","2023",NA
"2521","KOR","2016",NA
"2522","KOR","2017",NA
"2523","KOR","2018",NA
"2524","KOR","2019",NA
"2525","KOR","2020",NA
"2526","KOR","2021",NA
"2527","KOR","2022",NA
"2528","KOR","2023",NA
"2529","ECU","2016",NA
"2530","ECU","2017",NA
"2531","ECU","2018",NA
"2532","ECU","2019",NA
"2533","ECU","2020",NA
"2534","ECU","2021",NA
"2535","ECU","2022",NA
"2536","ECU","2023",NA
"2537","JPN","2016",NA
"2538","JPN","2017",NA
"2539","JPN","2018",NA
"2540","JPN","2019",NA
"2541","JPN","2020",NA
"2542","JPN","2021",NA
"2543","JPN","2022",NA
"2544","JPN","2023",NA
"2545","BHR","2016",NA
"2546","BHR","2017",NA
"2547","BHR","2018",NA
"2548","BHR","2019",NA
"2549","BHR","2020",NA
"2550","BHR","2021",NA
"2551","BHR","2022",394
"2552","BHR","2023",749.84451
"2553","BHR","2016",NA
"2554","BHR","2017",NA
"2555","BHR","2018",NA
"2556","BHR","2019",NA
"2557","BHR","2020",NA
"2558","BHR","2021",NA
"2559","BHR","2022",2.360960971
"2560","BHR","2023",4.615825284
"2561","BLR","2016",NA
"2562","BLR","2017",NA
"2563","BLR","2018",NA
"2564","BLR","2019",NA
"2565","BLR","2020",NA
"2566","BLR","2021",NA
"2567","BLR","2022",NA
"2568","BLR","2023",NA
"2569","SAU","2016",NA
"2570","SAU","2017",NA
"2571","SAU","2018",NA
"2572","SAU","2019",NA
"2573","SAU","2020",NA
"2574","SAU","2021",NA
"2575","SAU","2022",NA
"2576","SAU","2023",NA
"2577","OMN","2016",NA
"2578","OMN","2017",NA
"2579","OMN","2018",NA
"2580","OMN","2019",NA
"2581","OMN","2020",NA
"2582","OMN","2021",NA
"2583","OMN","2022",NA
"2584","OMN","2023",NA
"2585","AND","2016",NA
"2586","AND","2017",NA
"2587","AND","2018",NA
"2588","AND","2019",NA
"2589","AND","2020",NA
"2590","AND","2021",NA
"2591","AND","2022",NA
"2592","AND","2023",NA
"2593","AND","2016",NA
"2594","AND","2017",NA
"2595","AND","2018",NA
"2596","AND","2019",NA
"2597","AND","2020",NA
"2598","AND","2021",NA
"2599","AND","2022",NA
"2600","AND","2023",NA
"2601","LKA","2016",NA
"2602","LKA","2017",NA
"2603","LKA","2018",NA
"2604","LKA","2019",NA
"2605","LKA","2020",NA
"2606","LKA","2021",NA
"2607","LKA","2022",NA
"2608","LKA","2023",NA
"2609","COG","2016",60524.81549
"2610","COG","2017",49989.67345
"2611","COG","2018",8716.63709
"2612","COG","2019",3099525.636
"2613","COG","2020",2721306.657
"2614","COG","2021",843946.2274
"2615","COG","2022",108117.632
"2616","COG","2023",NA
"2617","COG","2016",3920777236
"2618","COG","2017",3435173710
"2619","COG","2018",715296879
"2620","COG","2019",2.53822e+11
"2621","COG","2020",1.79639e+11
"2622","COG","2021",69383351192
"2623","COG","2022",10666913681
"2624","COG","2023",NA
"2625","NGA","2016",756897.4837
"2626","NGA","2017",1103386.01
"2627","NGA","2018",1974251.42
"2628","NGA","2019",4428106.417
"2629","NGA","2020",14987738.87
"2630","NGA","2021",15395017.34
"2631","NGA","2022",32599014.79
"2632","NGA","2023",97163887.03
"2633","ZMB","2016",777
"2634","ZMB","2017",1285
"2635","ZMB","2018",18445.53393
"2636","ZMB","2019",43840
"2637","ZMB","2020",95443.32
"2638","ZMB","2021",169402.43
"2639","ZMB","2022",295828.1
"2640","ZMB","2023",451984.6028
"2641","TZA","2016",NA
"2642","TZA","2017",NA
"2643","TZA","2018",NA
"2644","TZA","2019",NA
"2645","TZA","2020",NA
"2646","TZA","2021",NA
"2647","TZA","2022",NA
"2648","TZA","2023",15270854.7
"2649","NAM","2016",1.859135895
"2650","NAM","2017",5.974702033
"2651","NAM","2018",2.992839499
"2652","NAM","2019",4.847818282
"2653","NAM","2020",NA
"2654","NAM","2021",6.159563865
"2655","NAM","2022",5.958994038
"2656","NAM","2023",NA
"2657","NGA","2016",0.737893638
"2658","NGA","2017",0.96030741
"2659","NGA","2018",1.5293971
"2660","NGA","2019",3.040464559
"2661","NGA","2020",9.716378316
"2662","NGA","2021",8.743418123
"2663","NGA","2022",16.10901612
"2664","NGA","2023",41.44758803
"2665","TZA","2016",NA
"2666","TZA","2017",NA
"2667","TZA","2018",NA
"2668","TZA","2019",NA
"2669","TZA","2020",NA
"2670","TZA","2021",NA
"2671","TZA","2022",NA
"2672","TZA","2023",8.095339786
"2673","ZMB","2016",0.359559089
"2674","ZMB","2017",0.521823173
"2675","ZMB","2018",6.703213273
"2676","ZMB","2019",14.59150795
"2677","ZMB","2020",28.68570483
"2678","ZMB","2021",38.2971565
"2679","ZMB","2022",59.88855858
"2680","ZMB","2023",79.40370055
"2681","GUY","2016",2840.905904
"2682","GUY","2017",4904.495921
"2683","GUY","2018",6955.794928
"2684","GUY","2019",9601
"2685","GUY","2020",23771.74746
"2686","GUY","2021",56895.57116
"2687","GUY","2022",15082
"2688","GUY","2023",32516
"2689","GUY","2016",0.306900345
"2690","GUY","2017",0.500204582
"2691","GUY","2018",0.69944603
"2692","GUY","2019",0.890028914
"2693","GUY","2020",2.083857251
"2694","GUY","2021",3.39346038
"2695","GUY","2022",0.491465023
"2696","GUY","2023",0.929043436
"2697","SWZ","2016",2.362282245
"2698","SWZ","2017",3.637823537
"2699","SWZ","2018",4.683891957
"2700","SWZ","2019",5.473745768
"2701","SWZ","2020",6.867061906
"2702","SWZ","2021",8.122755782
"2703","SWZ","2022",11.52946792
"2704","SWZ","2023",10.47650994
"2705","SWZ","2016",1326
"2706","SWZ","2017",2135
"2707","SWZ","2018",2894
"2708","SWZ","2019",3556
"2709","SWZ","2020",4504
"2710","SWZ","2021",5825
"2711","SWZ","2022",9038
"2712","SWZ","2023",8889
"2713","STP","2016",NA
"2714","STP","2017",NA
"2715","STP","2018",NA
"2716","STP","2019",NA
"2717","STP","2020",NA
"2718","STP","2021",NA
"2719","STP","2022",NA
"2720","STP","2023",NA
"2721","STP","2016",NA
"2722","STP","2017",NA
"2723","STP","2018",NA
"2724","STP","2019",NA
"2725","STP","2020",NA
"2726","STP","2021",NA
"2727","STP","2022",NA
"2728","STP","2023",NA
"2729","MRT","2016",0.324727482
"2730","MRT","2017",NA
"2731","MRT","2018",NA
"2732","MRT","2019",NA
"2733","MRT","2020",0.292219351
"2734","MRT","2021",9.105107549
"2735","MRT","2022",NA
"2736","MRT","2023",NA
"2737","NRU","2016",NA
"2738","NRU","2017",NA
"2739","NRU","2018",NA
"2740","NRU","2019",NA
"2741","NRU","2020",NA
"2742","NRU","2021",NA
"2743","NRU","2022",NA
"2744","NRU","2023",NA
