Country Name,Country Code,Series Name,Series Code,2011 [YR2011],2012 [YR2012],2013 [YR2013],2014 [YR2014],2015 [YR2015],2016 [YR2016],2017 [YR2017],2018 [YR2018],2019 [YR2019],2020 [YR2020],2021 [YR2021],2022 [YR2022],2023 [YR2023],2024 [YR2024]
Bangladesh,BGD,Account ownership at a financial institution or with a mobile-money-service provider (% of population ages 15+),FX.OWN.TOTL.ZS,31.74,..,..,30.99,..,..,50.05,..,..,..,52.81,..,..,..
Bangladesh,BGD,"Account ownership at a financial institution or with a mobile-money-service provider, female (% of population ages 15+)",FX.OWN.TOTL.FE.ZS,26.01,..,..,26.45,..,..,35.84,..,..,..,43.46,..,..,..
Bangladesh,BGD,"Account ownership at a financial institution or with a mobile-money-service provider, male (% of population ages 15+)",FX.OWN.TOTL.MA.ZS,37.29,..,..,35.37,..,..,64.59,..,..,..,62.86,..,..,..
Bangladesh,BGD,"Account ownership at a financial institution or with a mobile-money-service provider, older adults (% of population ages 25+)",FX.OWN.TOTL.OL.ZS,36.76,..,..,35.44,..,..,53.53,..,..,..,54.55,..,..,..
Bangladesh,BGD,"Account ownership at a financial institution or with a mobile-money-service provider, poorest 40% (% of population ages 15+)",FX.OWN.TOTL.40.ZS,19.06,..,..,23.03,..,..,40.08,..,..,..,48.65,..,..,..
Bangladesh,BGD,"Account ownership at a financial institution or with a mobile-money-service provider, primary education or less (% of population ages 15+)",FX.OWN.TOTL.PL.ZS,21.06,..,..,24.9,..,..,39.84,..,..,..,46.57,..,..,..
Bangladesh,BGD,"Account ownership at a financial institution or with a mobile-money-service provider, richest 60% (% of population ages 15+)",FX.OWN.TOTL.60.ZS,40.18,..,..,36.29,..,..,56.68,..,..,..,55.57,..,..,..
Bangladesh,BGD,"Account ownership at a financial institution or with a mobile-money-service provider, secondary education or more (% of population ages 15+)",FX.OWN.TOTL.SO.ZS,42.51,..,..,37.21,..,..,57.23,..,..,..,56.63,..,..,..
Bangladesh,BGD,"Account ownership at a financial institution or with a mobile-money-service provider, young adults (% of population ages 15-24)",FX.OWN.TOTL.YG.ZS,20.32,..,..,20.83,..,..,40.99,..,..,..,47.8,..,..,..
Bangladesh,BGD,Current account balance (% of GDP),BN.CAB.XOKA.GD.ZS,-0.125842241657655,1.93195276968292,1.3723251518825,0.437159797644511,1.32188871858147,0.351171861174517,-2.03756600416726,-2.20783912081883,-0.839485005371137,0.31894044196432,-3.78969259910934,-3.81010813185136,-1.64602615306365,..
Bangladesh,BGD,"Current account balance (BoP, current US$)",BN.CAB.XOKA.CD,-161842538.678825,2575500680.61049,2058473420.43086,755790761.660141,2579621008.77621,931393867.987116,-5984992475.63152,-7095172568.14978,-2948537074.51494,1192771686.32568,-15775415833.0742,-17531514896.3583,-7199970746.44472,..
Bhutan,BTN,Account ownership at a financial institution or with a mobile-money-service provider (% of population ages 15+),FX.OWN.TOTL.ZS,..,..,..,33.67,..,..,..,..,..,..,..,..,..,..
Bhutan,BTN,"Account ownership at a financial institution or with a mobile-money-service provider, female (% of population ages 15+)",FX.OWN.TOTL.FE.ZS,..,..,..,27.68,..,..,..,..,..,..,..,..,..,..
Bhutan,BTN,"Account ownership at a financial institution or with a mobile-money-service provider, male (% of population ages 15+)",FX.OWN.TOTL.MA.ZS,..,..,..,38.99,..,..,..,..,..,..,..,..,..,..
Bhutan,BTN,"Account ownership at a financial institution or with a mobile-money-service provider, older adults (% of population ages 25+)",FX.OWN.TOTL.OL.ZS,..,..,..,38.01,..,..,..,..,..,..,..,..,..,..
Bhutan,BTN,"Account ownership at a financial institution or with a mobile-money-service provider, poorest 40% (% of population ages 15+)",FX.OWN.TOTL.40.ZS,..,..,..,24.9,..,..,..,..,..,..,..,..,..,..
Bhutan,BTN,"Account ownership at a financial institution or with a mobile-money-service provider, primary education or less (% of population ages 15+)",FX.OWN.TOTL.PL.ZS,..,..,..,29.21,..,..,..,..,..,..,..,..,..,..
Bhutan,BTN,"Account ownership at a financial institution or with a mobile-money-service provider, richest 60% (% of population ages 15+)",FX.OWN.TOTL.60.ZS,..,..,..,39.49,..,..,..,..,..,..,..,..,..,..
Bhutan,BTN,"Account ownership at a financial institution or with a mobile-money-service provider, secondary education or more (% of population ages 15+)",FX.OWN.TOTL.SO.ZS,..,..,..,46.38,..,..,..,..,..,..,..,..,..,..
Bhutan,BTN,"Account ownership at a financial institution or with a mobile-money-service provider, young adults (% of population ages 15-24)",FX.OWN.TOTL.YG.ZS,..,..,..,22.18,..,..,..,..,..,..,..,..,..,..
Bhutan,BTN,Current account balance (% of GDP),BN.CAB.XOKA.GD.ZS,-26.6070201962457,-19.1060720871467,-24.293493246944,-23.4688052609704,-25.0627177300499,-26.4131091663954,-20.8546965569122,-18.5091514022686,-18.3062679873896,-15.5091108675254,-11.5313120563647,-27.8005472550438,-31.8999932885676,..
Bhutan,BTN,"Current account balance (BoP, current US$)",BN.CAB.XOKA.CD,-526214663.79524,-377036786.347723,-472191887.71836,-490282016.18854,-548326099.367138,-622690306.019587,-540419849.646596,-478153519.866952,-500801565.664002,-381152580.869852,-319279309.498254,-805723173.28916,-963121731.41516,-669766413.910606
Pakistan,PAK,Account ownership at a financial institution or with a mobile-money-service provider (% of population ages 15+),FX.OWN.TOTL.ZS,10.31,..,..,13.04,..,..,21.29,..,..,..,20.98,..,..,..
Pakistan,PAK,"Account ownership at a financial institution or with a mobile-money-service provider, female (% of population ages 15+)",FX.OWN.TOTL.FE.ZS,2.95,..,..,4.84,..,..,7.03,..,..,..,13.48,..,..,..
Pakistan,PAK,"Account ownership at a financial institution or with a mobile-money-service provider, male (% of population ages 15+)",FX.OWN.TOTL.MA.ZS,17.28,..,..,20.97,..,..,34.61,..,..,..,28.18,..,..,..
Pakistan,PAK,"Account ownership at a financial institution or with a mobile-money-service provider, older adults (% of population ages 25+)",FX.OWN.TOTL.OL.ZS,11.45,..,..,12.96,..,..,24.58,..,..,..,22.54,..,..,..
Pakistan,PAK,"Account ownership at a financial institution or with a mobile-money-service provider, poorest 40% (% of population ages 15+)",FX.OWN.TOTL.40.ZS,4.81,..,..,9.75,..,..,14.22,..,..,..,17.61,..,..,..
Pakistan,PAK,"Account ownership at a financial institution or with a mobile-money-service provider, primary education or less (% of population ages 15+)",FX.OWN.TOTL.PL.ZS,3.75,..,..,10.03,..,..,15.92,..,..,..,15.31,..,..,..
Pakistan,PAK,"Account ownership at a financial institution or with a mobile-money-service provider, richest 60% (% of population ages 15+)",FX.OWN.TOTL.60.ZS,13.94,..,..,15.21,..,..,26,..,..,..,23.21,..,..,..
Pakistan,PAK,"Account ownership at a financial institution or with a mobile-money-service provider, secondary education or more (% of population ages 15+)",FX.OWN.TOTL.SO.ZS,24.46,..,..,25.19,..,..,34.03,..,..,..,35.3,..,..,..
Pakistan,PAK,"Account ownership at a financial institution or with a mobile-money-service provider, young adults (% of population ages 15-24)",FX.OWN.TOTL.YG.ZS,7.95,..,..,13.2,..,..,14.89,..,..,..,18.1,..,..,..
Pakistan,PAK,Current account balance (% of GDP),BN.CAB.XOKA.GD.ZS,-0.957124213324854,-0.936399348037174,-1.70727876868057,-1.34787339235798,-0.934446742353906,-2.29279660651385,-4.76985760466006,-5.29556175645778,-2.66677325730292,-0.216650637871501,-3.52439577565177,-3.25858181478804,-0.244214768763813,..
Pakistan,PAK,"Current account balance (BoP, current US$)",BN.CAB.XOKA.CD,-2207000000,-2342000000,-4416000000,-3658000000,-2803000000,-7190898000,-16179621000,-18858987000,-8557928000,-650874000.000002,-12283106000,-12216107000,-825231745.482939,803956957.243333
India,IND,Account ownership at a financial institution or with a mobile-money-service provider (% of population ages 15+),FX.OWN.TOTL.ZS,35.23,..,..,53.14,..,..,79.88,..,..,..,77.53,..,..,..
India,IND,"Account ownership at a financial institution or with a mobile-money-service provider, female (% of population ages 15+)",FX.OWN.TOTL.FE.ZS,26.49,..,..,43.13,..,..,76.64,..,..,..,77.55,..,..,..
India,IND,"Account ownership at a financial institution or with a mobile-money-service provider, male (% of population ages 15+)",FX.OWN.TOTL.MA.ZS,43.74,..,..,62.76,..,..,83.01,..,..,..,77.51,..,..,..
India,IND,"Account ownership at a financial institution or with a mobile-money-service provider, older adults (% of population ages 25+)",FX.OWN.TOTL.OL.ZS,38.03,..,..,56.81,..,..,83.08,..,..,..,81.3,..,..,..
India,IND,"Account ownership at a financial institution or with a mobile-money-service provider, poorest 40% (% of population ages 15+)",FX.OWN.TOTL.40.ZS,26.97,..,..,43.61,..,..,77.08,..,..,..,78.25,..,..,..
India,IND,"Account ownership at a financial institution or with a mobile-money-service provider, primary education or less (% of population ages 15+)",FX.OWN.TOTL.PL.ZS,30.51,..,..,43.35,..,..,75.37,..,..,..,75.9,..,..,..
India,IND,"Account ownership at a financial institution or with a mobile-money-service provider, richest 60% (% of population ages 15+)",FX.OWN.TOTL.60.ZS,40.73,..,..,59.48,..,..,81.74,..,..,..,77.05,..,..,..
India,IND,"Account ownership at a financial institution or with a mobile-money-service provider, secondary education or more (% of population ages 15+)",FX.OWN.TOTL.SO.ZS,59.47,..,..,64.23,..,..,84.94,..,..,..,81.3,..,..,..
India,IND,"Account ownership at a financial institution or with a mobile-money-service provider, young adults (% of population ages 15-24)",FX.OWN.TOTL.YG.ZS,27.3,..,..,43.23,..,..,71.4,..,..,..,67.5,..,..,..
India,IND,Current account balance (% of GDP),BN.CAB.XOKA.GD.ZS,-3.42928468606061,-5.00488971805304,-2.64566711733893,-1.33950896483453,-1.06754907167965,-0.527880606037518,-1.43948820320988,-2.42697545810527,-1.04961203910072,1.22362111042791,-1.05524166809384,-2.35728753316071,-0.895916592872975,..
India,IND,"Current account balance (BoP, current US$)",BN.CAB.XOKA.CD,-62517637221.5214,-91471245845.7231,-49122670387.7036,-27314281992.5894,-22456838009.6209,-12113787707.3688,-38167659223.511,-65599439052.6676,-29762864650.3282,32730048588.208,-33422359357.9398,-79050941951.3239,-31962287412.2652,..
Nepal,NPL,Account ownership at a financial institution or with a mobile-money-service provider (% of population ages 15+),FX.OWN.TOTL.ZS,25.31,..,..,33.8,..,..,45.39,..,..,..,54,..,..,..
Nepal,NPL,"Account ownership at a financial institution or with a mobile-money-service provider, female (% of population ages 15+)",FX.OWN.TOTL.FE.ZS,21.22,..,..,31.27,..,..,41.6,..,..,..,49.9,..,..,..
Nepal,NPL,"Account ownership at a financial institution or with a mobile-money-service provider, male (% of population ages 15+)",FX.OWN.TOTL.MA.ZS,29.56,..,..,36.72,..,..,49.98,..,..,..,58.61,..,..,..
Nepal,NPL,"Account ownership at a financial institution or with a mobile-money-service provider, older adults (% of population ages 25+)",FX.OWN.TOTL.OL.ZS,26.57,..,..,37.34,..,..,47.72,..,..,..,59.02,..,..,..
Nepal,NPL,"Account ownership at a financial institution or with a mobile-money-service provider, poorest 40% (% of population ages 15+)",FX.OWN.TOTL.40.ZS,14.44,..,..,24.13,..,..,37.92,..,..,..,44.55,..,..,..
Nepal,NPL,"Account ownership at a financial institution or with a mobile-money-service provider, primary education or less (% of population ages 15+)",FX.OWN.TOTL.PL.ZS,18.97,..,..,29.62,..,..,41.84,..,..,..,51,..,..,..
Nepal,NPL,"Account ownership at a financial institution or with a mobile-money-service provider, richest 60% (% of population ages 15+)",FX.OWN.TOTL.60.ZS,32.54,..,..,40.21,..,..,50.33,..,..,..,60.28,..,..,..
Nepal,NPL,"Account ownership at a financial institution or with a mobile-money-service provider, secondary education or more (% of population ages 15+)",FX.OWN.TOTL.SO.ZS,41.53,..,..,51.94,..,..,58.6,..,..,..,63.3,..,..,..
Nepal,NPL,"Account ownership at a financial institution or with a mobile-money-service provider, young adults (% of population ages 15-24)",FX.OWN.TOTL.YG.ZS,23.65,..,..,25.42,..,..,39.34,..,..,..,42.23,..,..,..
Nepal,NPL,Current account balance (% of GDP),BN.CAB.XOKA.GD.ZS,1.33775079697372,2.66070688066427,5.23137372695533,2.18298241690426,10.0433083922087,-0.68434663855188,-3.56432924017779,-8.30080510271616,-5.12963069016168,-0.251653542060189,-14.5240163530398,-7.49867255763833,0.358510890863517,..
Nepal,NPL,"Current account balance (BoP, current US$)",BN.CAB.XOKA.CD,288604650.246019,577455898.355328,1159387765.73809,496227113.170158,2446630400.04284,-167829918.885316,-1032642815.94551,-2748523176.47241,-1753624816.93134,-84136987.8719229,-5362970002.43642,-3088173790.26421,146659898.262579,1953752173.62912
Sri Lanka,LKA,Account ownership at a financial institution or with a mobile-money-service provider (% of population ages 15+),FX.OWN.TOTL.ZS,68.53,..,..,82.69,..,..,73.65,..,..,..,89.27,..,..,..
Sri Lanka,LKA,"Account ownership at a financial institution or with a mobile-money-service provider, female (% of population ages 15+)",FX.OWN.TOTL.FE.ZS,67.24,..,..,83.11,..,..,73.44,..,..,..,89.28,..,..,..
Sri Lanka,LKA,"Account ownership at a financial institution or with a mobile-money-service provider, male (% of population ages 15+)",FX.OWN.TOTL.MA.ZS,69.99,..,..,82.23,..,..,73.89,..,..,..,89.26,..,..,..
Sri Lanka,LKA,"Account ownership at a financial institution or with a mobile-money-service provider, older adults (% of population ages 25+)",FX.OWN.TOTL.OL.ZS,68.47,..,..,81.99,..,..,72.82,..,..,..,90.05,..,..,..
Sri Lanka,LKA,"Account ownership at a financial institution or with a mobile-money-service provider, poorest 40% (% of population ages 15+)",FX.OWN.TOTL.40.ZS,59.13,..,..,78.7,..,..,70.58,..,..,..,87.08,..,..,..
Sri Lanka,LKA,"Account ownership at a financial institution or with a mobile-money-service provider, primary education or less (% of population ages 15+)",FX.OWN.TOTL.PL.ZS,62.88,..,..,74,..,..,62.43,..,..,..,76.93,..,..,..
Sri Lanka,LKA,"Account ownership at a financial institution or with a mobile-money-service provider, richest 60% (% of population ages 15+)",FX.OWN.TOTL.60.ZS,74.76,..,..,85.35,..,..,75.68,..,..,..,90.72,..,..,..
Sri Lanka,LKA,"Account ownership at a financial institution or with a mobile-money-service provider, secondary education or more (% of population ages 15+)",FX.OWN.TOTL.SO.ZS,76.42,..,..,91.32,..,..,85.35,..,..,..,92.98,..,..,..
Sri Lanka,LKA,"Account ownership at a financial institution or with a mobile-money-service provider, young adults (% of population ages 15-24)",FX.OWN.TOTL.YG.ZS,68.72,..,..,85.2,..,..,76.61,..,..,..,86.4,..,..,..
Sri Lanka,LKA,Current account balance (% of GDP),BN.CAB.XOKA.GD.ZS,-6.81209784164494,-5.69099820826854,-3.29942347704936,-2.40848114779964,-2.21136123658296,-1.97972336537526,-2.44658578991858,-2.96215302641473,-2.07088768368178,-1.40813715376196,-3.7064634239359,-1.95354537364034,1.84799342605644,..
Sri Lanka,LKA,"Current account balance (BoP, current US$)",BN.CAB.XOKA.CD,-4615420000,-4009149851.06102,-2540575153.51739,-1987684224.225,-1882774083.92544,-1742399715.22894,-2308995623.00696,-2799053065.55055,-1843400223.16081,-1187120153.20636,-3284272217.68832,-1448453678.13425,1558909296.40974,..
South Asia,(South Asia),Account ownership at a financial institution or with a mobile-money-service provider (% of population ages 15+),FX.OWN.TOTL.ZS,..,..,..,..,..,..,..,..,..,..,..,..,..,..
South Asia,(South Asia),"Account ownership at a financial institution or with a mobile-money-service provider, female (% of population ages 15+)",FX.OWN.TOTL.FE.ZS,..,..,..,..,..,..,..,..,..,..,..,..,..,..
South Asia,(South Asia),"Account ownership at a financial institution or with a mobile-money-service provider, male (% of population ages 15+)",FX.OWN.TOTL.MA.ZS,..,..,..,..,..,..,..,..,..,..,..,..,..,..
South Asia,(South Asia),"Account ownership at a financial institution or with a mobile-money-service provider, older adults (% of population ages 25+)",FX.OWN.TOTL.OL.ZS,..,..,..,..,..,..,..,..,..,..,..,..,..,..
South Asia,(South Asia),"Account ownership at a financial institution or with a mobile-money-service provider, poorest 40% (% of population ages 15+)",FX.OWN.TOTL.40.ZS,..,..,..,..,..,..,..,..,..,..,..,..,..,..
South Asia,(South Asia),"Account ownership at a financial institution or with a mobile-money-service provider, primary education or less (% of population ages 15+)",FX.OWN.TOTL.PL.ZS,..,..,..,..,..,..,..,..,..,..,..,..,..,..
South Asia,(South Asia),"Account ownership at a financial institution or with a mobile-money-service provider, richest 60% (% of population ages 15+)",FX.OWN.TOTL.60.ZS,..,..,..,..,..,..,..,..,..,..,..,..,..,..
South Asia,(South Asia),"Account ownership at a financial institution or with a mobile-money-service provider, secondary education or more (% of population ages 15+)",FX.OWN.TOTL.SO.ZS,..,..,..,..,..,..,..,..,..,..,..,..,..,..
South Asia,(South Asia),"Account ownership at a financial institution or with a mobile-money-service provider, young adults (% of population ages 15-24)",FX.OWN.TOTL.YG.ZS,..,..,..,..,..,..,..,..,..,..,..,..,..,..
South Asia,(South Asia),Current account balance (% of GDP),BN.CAB.XOKA.GD.ZS,..,..,..,..,..,..,..,..,..,..,..,..,..,..
South Asia,(South Asia),"Current account balance (BoP, current US$)",BN.CAB.XOKA.CD,..,..,..,..,..,..,..,..,..,..,..,..,..,..
Brunei Darussalam,BRN,Account ownership at a financial institution or with a mobile-money-service provider (% of population ages 15+),FX.OWN.TOTL.ZS,..,..,..,..,..,..,..,..,..,..,..,..,..,..
Brunei Darussalam,BRN,"Account ownership at a financial institution or with a mobile-money-service provider, female (% of population ages 15+)",FX.OWN.TOTL.FE.ZS,..,..,..,..,..,..,..,..,..,..,..,..,..,..
Brunei Darussalam,BRN,"Account ownership at a financial institution or with a mobile-money-service provider, male (% of population ages 15+)",FX.OWN.TOTL.MA.ZS,..,..,..,..,..,..,..,..,..,..,..,..,..,..
Brunei Darussalam,BRN,"Account ownership at a financial institution or with a mobile-money-service provider, older adults (% of population ages 25+)",FX.OWN.TOTL.OL.ZS,..,..,..,..,..,..,..,..,..,..,..,..,..,..
Brunei Darussalam,BRN,"Account ownership at a financial institution or with a mobile-money-service provider, poorest 40% (% of population ages 15+)",FX.OWN.TOTL.40.ZS,..,..,..,..,..,..,..,..,..,..,..,..,..,..
Brunei Darussalam,BRN,"Account ownership at a financial institution or with a mobile-money-service provider, primary education or less (% of population ages 15+)",FX.OWN.TOTL.PL.ZS,..,..,..,..,..,..,..,..,..,..,..,..,..,..
Brunei Darussalam,BRN,"Account ownership at a financial institution or with a mobile-money-service provider, richest 60% (% of population ages 15+)",FX.OWN.TOTL.60.ZS,..,..,..,..,..,..,..,..,..,..,..,..,..,..
Brunei Darussalam,BRN,"Account ownership at a financial institution or with a mobile-money-service provider, secondary education or more (% of population ages 15+)",FX.OWN.TOTL.SO.ZS,..,..,..,..,..,..,..,..,..,..,..,..,..,..
Brunei Darussalam,BRN,"Account ownership at a financial institution or with a mobile-money-service provider, young adults (% of population ages 15-24)",FX.OWN.TOTL.YG.ZS,..,..,..,..,..,..,..,..,..,..,..,..,..,..
Brunei Darussalam,BRN,Current account balance (% of GDP),BN.CAB.XOKA.GD.ZS,34.7106649473496,29.8383189696267,20.8809881751641,30.7091836772045,16.6790433078393,12.8939057283535,16.362218549166,6.92823103255275,6.6355550353942,4.27887461849894,11.2102930222649,19.5667136669754,12.8504475659062,..
Brunei Darussalam,BRN,"Current account balance (BoP, current US$)",BN.CAB.XOKA.CD,6430078160.74035,5683735282.5216,3778236925.05165,5250593999.71505,2156649811.85869,1469939557.95486,1984437361.8247,939946758.009005,893758524.377979,513713114.582243,1570169312.61882,3264028470.96588,1944053357.12257,..
Cambodia,KHM,Account ownership at a financial institution or with a mobile-money-service provider (% of population ages 15+),FX.OWN.TOTL.ZS,3.66,..,..,22.17,..,..,21.67,..,..,..,33.39,..,..,..
Cambodia,KHM,"Account ownership at a financial institution or with a mobile-money-service provider, female (% of population ages 15+)",FX.OWN.TOTL.FE.ZS,3.71,..,..,20.5,..,..,21.53,..,..,..,32.52,..,..,..
Cambodia,KHM,"Account ownership at a financial institution or with a mobile-money-service provider, male (% of population ages 15+)",FX.OWN.TOTL.MA.ZS,3.6,..,..,24.29,..,..,21.85,..,..,..,34.41,..,..,..
Cambodia,KHM,"Account ownership at a financial institution or with a mobile-money-service provider, older adults (% of population ages 25+)",FX.OWN.TOTL.OL.ZS,3.3,..,..,20.53,..,..,22.59,..,..,..,35.19,..,..,..
Cambodia,KHM,"Account ownership at a financial institution or with a mobile-money-service provider, poorest 40% (% of population ages 15+)",FX.OWN.TOTL.40.ZS,0.82,..,..,16.31,..,..,14.3,..,..,..,23.35,..,..,..
Cambodia,KHM,"Account ownership at a financial institution or with a mobile-money-service provider, primary education or less (% of population ages 15+)",FX.OWN.TOTL.PL.ZS,2.17,..,..,20.02,..,..,18.88,..,..,..,28.77,..,..,..
Cambodia,KHM,"Account ownership at a financial institution or with a mobile-money-service provider, richest 60% (% of population ages 15+)",FX.OWN.TOTL.60.ZS,5.55,..,..,26.05,..,..,26.57,..,..,..,40.09,..,..,..
Cambodia,KHM,"Account ownership at a financial institution or with a mobile-money-service provider, secondary education or more (% of population ages 15+)",FX.OWN.TOTL.SO.ZS,15.54,..,..,38.92,..,..,52.7,..,..,..,61.43,..,..,..
Cambodia,KHM,"Account ownership at a financial institution or with a mobile-money-service provider, young adults (% of population ages 15-24)",FX.OWN.TOTL.YG.ZS,4.52,..,..,26.33,..,..,19.68,..,..,..,27.65,..,..,..
Cambodia,KHM,Current account balance (% of GDP),BN.CAB.XOKA.GD.ZS,-6.39866172664646,-6.80261456302101,-6.54160754946616,-6.55176399019618,-6.61221348694343,-6.52773923371679,-6.15664205071234,-8.73582304512043,-7.99991923360397,-1.00006150750614,-29.6082488651911,-18.9575920517337,1.30468362030439,..
Cambodia,KHM,"Current account balance (BoP, current US$)",BN.CAB.XOKA.CD,-1025873249.21648,-1212670581.62299,-1295705055.03438,-1444104699.161,-1598447753.50058,-1733542017.09542,-1807323271.66879,-2895566486.60117,-2934798883.17741,-348202154.743794,-10892923222.489,-7582000401.47854,552346250.599386,..
Indonesia,IDN,Account ownership at a financial institution or with a mobile-money-service provider (% of population ages 15+),FX.OWN.TOTL.ZS,19.58,..,..,36.06,..,..,48.86,..,..,..,51.76,..,..,..
Indonesia,IDN,"Account ownership at a financial institution or with a mobile-money-service provider, female (% of population ages 15+)",FX.OWN.TOTL.FE.ZS,19.21,..,..,37.46,..,..,51.35,..,..,..,52.3,..,..,..
Indonesia,IDN,"Account ownership at a financial institution or with a mobile-money-service provider, male (% of population ages 15+)",FX.OWN.TOTL.MA.ZS,19.97,..,..,34.62,..,..,46.25,..,..,..,51.18,..,..,..
Indonesia,IDN,"Account ownership at a financial institution or with a mobile-money-service provider, older adults (% of population ages 25+)",FX.OWN.TOTL.OL.ZS,21.62,..,..,36.32,..,..,49.5,..,..,..,50.95,..,..,..
Indonesia,IDN,"Account ownership at a financial institution or with a mobile-money-service provider, poorest 40% (% of population ages 15+)",FX.OWN.TOTL.40.ZS,10.97,..,..,22.13,..,..,36.6,..,..,..,46.93,..,..,..
Indonesia,IDN,"Account ownership at a financial institution or with a mobile-money-service provider, primary education or less (% of population ages 15+)",FX.OWN.TOTL.PL.ZS,10.19,..,..,15.78,..,..,33.6,..,..,..,40.49,..,..,..
Indonesia,IDN,"Account ownership at a financial institution or with a mobile-money-service provider, richest 60% (% of population ages 15+)",FX.OWN.TOTL.60.ZS,25.29,..,..,45.27,..,..,57.02,..,..,..,54.97,..,..,..
Indonesia,IDN,"Account ownership at a financial institution or with a mobile-money-service provider, secondary education or more (% of population ages 15+)",FX.OWN.TOTL.SO.ZS,29.38,..,..,53.7,..,..,62.72,..,..,..,61.89,..,..,..
Indonesia,IDN,"Account ownership at a financial institution or with a mobile-money-service provider, young adults (% of population ages 15-24)",FX.OWN.TOTL.YG.ZS,12.82,..,..,35.17,..,..,46.77,..,..,..,54.64,..,..,..
Indonesia,IDN,Current account balance (% of GDP),BN.CAB.XOKA.GD.ZS,0.188703954019704,-2.66027359462061,-3.1899648289581,-3.08816907533729,-2.03504192738521,-1.81915089252068,-1.59465689988054,-2.93907291486926,-2.70566198130944,-0.418606247730959,0.295885914530007,1.00184767462664,-0.148899137539572,..
Indonesia,IDN,"Current account balance (BoP, current US$)",BN.CAB.XOKA.CD,1685068008.42165,-24417850938.214,-29109199017.0583,-27509865798.2326,-17518744569.4758,-16952255385.0263,-16195634380.3564,-30633120324.4287,-30279059752.9683,-4433269738.48785,3510715050.41252,13215134910.4119,-2041662020.0125,-8855790838.55682
Lao PDR,LAO,Account ownership at a financial institution or with a mobile-money-service provider (% of population ages 15+),FX.OWN.TOTL.ZS,26.77,..,..,..,..,..,29.06,..,..,..,37.32,..,..,..
Lao PDR,LAO,"Account ownership at a financial institution or with a mobile-money-service provider, female (% of population ages 15+)",FX.OWN.TOTL.FE.ZS,26.16,..,..,..,..,..,31.87,..,..,..,37.85,..,..,..
Lao PDR,LAO,"Account ownership at a financial institution or with a mobile-money-service provider, male (% of population ages 15+)",FX.OWN.TOTL.MA.ZS,27.44,..,..,..,..,..,26.12,..,..,..,36.75,..,..,..
Lao PDR,LAO,"Account ownership at a financial institution or with a mobile-money-service provider, older adults (% of population ages 25+)",FX.OWN.TOTL.OL.ZS,28.48,..,..,..,..,..,31.73,..,..,..,41.92,..,..,..
Lao PDR,LAO,"Account ownership at a financial institution or with a mobile-money-service provider, poorest 40% (% of population ages 15+)",FX.OWN.TOTL.40.ZS,20.68,..,..,..,..,..,17.37,..,..,..,22.8,..,..,..
Lao PDR,LAO,"Account ownership at a financial institution or with a mobile-money-service provider, primary education or less (% of population ages 15+)",FX.OWN.TOTL.PL.ZS,21.95,..,..,..,..,..,22.12,..,..,..,28.72,..,..,..
Lao PDR,LAO,"Account ownership at a financial institution or with a mobile-money-service provider, richest 60% (% of population ages 15+)",FX.OWN.TOTL.60.ZS,30.83,..,..,..,..,..,36.79,..,..,..,46.99,..,..,..
Lao PDR,LAO,"Account ownership at a financial institution or with a mobile-money-service provider, secondary education or more (% of population ages 15+)",FX.OWN.TOTL.SO.ZS,34.67,..,..,..,..,..,41.85,..,..,..,57.9,..,..,..
Lao PDR,LAO,"Account ownership at a financial institution or with a mobile-money-service provider, young adults (% of population ages 15-24)",FX.OWN.TOTL.YG.ZS,22.97,..,..,..,..,..,24,..,..,..,26.38,..,..,..
Lao PDR,LAO,Current account balance (% of GDP),BN.CAB.XOKA.GD.ZS,-2.35798203498442,-7.31300411617256,-7.81092232090561,-14.4922715355557,-15.7184889292204,-8.70224068894505,-7.37970657985854,-9.08923603390857,-7.04124343564555,-1.60378619154944,2.29262780940357,-2.96567805589965,2.55329592767601,..
Lao PDR,LAO,"Current account balance (BoP, current US$)",BN.CAB.XOKA.CD,-206325894.915282,-745403272.355676,-936002554.177325,-1924464371.72909,-2267608962.93737,-1384744199.53442,-1259801184.32609,-1648936579.07613,-1319568557.30593,-304427571.510195,431636442.937926,-458754368.30196,404522650.101507,..
Malaysia,MYS,Account ownership at a financial institution or with a mobile-money-service provider (% of population ages 15+),FX.OWN.TOTL.ZS,66.17,..,..,80.67,..,..,85.34,..,..,..,88.37,..,..,..
Malaysia,MYS,"Account ownership at a financial institution or with a mobile-money-service provider, female (% of population ages 15+)",FX.OWN.TOTL.FE.ZS,63.1,..,..,78.09,..,..,82.48,..,..,..,87.51,..,..,..
Malaysia,MYS,"Account ownership at a financial institution or with a mobile-money-service provider, male (% of population ages 15+)",FX.OWN.TOTL.MA.ZS,69.22,..,..,83.01,..,..,87.92,..,..,..,89.23,..,..,..
Malaysia,MYS,"Account ownership at a financial institution or with a mobile-money-service provider, older adults (% of population ages 25+)",FX.OWN.TOTL.OL.ZS,70.45,..,..,81.95,..,..,85.82,..,..,..,92.51,..,..,..
Malaysia,MYS,"Account ownership at a financial institution or with a mobile-money-service provider, poorest 40% (% of population ages 15+)",FX.OWN.TOTL.40.ZS,47.81,..,..,75.28,..,..,80.5,..,..,..,82.98,..,..,..
Malaysia,MYS,"Account ownership at a financial institution or with a mobile-money-service provider, primary education or less (% of population ages 15+)",FX.OWN.TOTL.PL.ZS,39.73,..,..,58.6,..,..,69.99,..,..,..,71.67,..,..,..
Malaysia,MYS,"Account ownership at a financial institution or with a mobile-money-service provider, richest 60% (% of population ages 15+)",FX.OWN.TOTL.60.ZS,78.41,..,..,84.43,..,..,88.54,..,..,..,91.97,..,..,..
Malaysia,MYS,"Account ownership at a financial institution or with a mobile-money-service provider, secondary education or more (% of population ages 15+)",FX.OWN.TOTL.SO.ZS,74.11,..,..,84.37,..,..,87.54,..,..,..,92.94,..,..,..
Malaysia,MYS,"Account ownership at a financial institution or with a mobile-money-service provider, young adults (% of population ages 15-24)",FX.OWN.TOTL.YG.ZS,57.09,..,..,76.2,..,..,84.06,..,..,..,74.27,..,..,..
Malaysia,MYS,Current account balance (% of GDP),BN.CAB.XOKA.GD.ZS,10.905001967915,5.18877994987762,3.46614353655814,4.39159166153878,3.00891850128321,2.36768591329055,2.807870911226,2.23708206947011,3.5038866968342,4.18956779359845,3.87747670667502,3.12519285726352,1.56542803967803,..
Malaysia,MYS,"Current account balance (BoP, current US$)",BN.CAB.XOKA.CD,32491635332.4264,16315757809.838,11205218342.858,14846482442.7808,9067534382.29971,7132796676.88571,8960171430.00506,8026400934.69379,12795413586.6752,14137954762.8317,14493419471.0048,12738468639.6039,6257096796.55398,7150093156.3301
Myanmar,MMR,Account ownership at a financial institution or with a mobile-money-service provider (% of population ages 15+),FX.OWN.TOTL.ZS,..,..,..,22.78,..,..,25.99,..,..,..,47.79,..,..,..
Myanmar,MMR,"Account ownership at a financial institution or with a mobile-money-service provider, female (% of population ages 15+)",FX.OWN.TOTL.FE.ZS,..,..,..,17.4,..,..,25.98,..,..,..,46.15,..,..,..
Myanmar,MMR,"Account ownership at a financial institution or with a mobile-money-service provider, male (% of population ages 15+)",FX.OWN.TOTL.MA.ZS,..,..,..,28.6,..,..,26.01,..,..,..,49.52,..,..,..
Myanmar,MMR,"Account ownership at a financial institution or with a mobile-money-service provider, older adults (% of population ages 25+)",FX.OWN.TOTL.OL.ZS,..,..,..,25.98,..,..,30.84,..,..,..,44.38,..,..,..
Myanmar,MMR,"Account ownership at a financial institution or with a mobile-money-service provider, poorest 40% (% of population ages 15+)",FX.OWN.TOTL.40.ZS,..,..,..,19.35,..,..,22.54,..,..,..,32.99,..,..,..
Myanmar,MMR,"Account ownership at a financial institution or with a mobile-money-service provider, primary education or less (% of population ages 15+)",FX.OWN.TOTL.PL.ZS,..,..,..,20.74,..,..,23.61,..,..,..,26.25,..,..,..
Myanmar,MMR,"Account ownership at a financial institution or with a mobile-money-service provider, richest 60% (% of population ages 15+)",FX.OWN.TOTL.60.ZS,..,..,..,25.07,..,..,28.29,..,..,..,57.65,..,..,..
Myanmar,MMR,"Account ownership at a financial institution or with a mobile-money-service provider, secondary education or more (% of population ages 15+)",FX.OWN.TOTL.SO.ZS,..,..,..,26.44,..,..,30.49,..,..,..,67.7,..,..,..
Myanmar,MMR,"Account ownership at a financial institution or with a mobile-money-service provider, young adults (% of population ages 15-24)",FX.OWN.TOTL.YG.ZS,..,..,..,13.46,..,..,11.26,..,..,..,55.68,..,..,..
Myanmar,MMR,Current account balance (% of GDP),BN.CAB.XOKA.GD.ZS,-2.60285417206877,-2.1015900196755,-0.644739708349136,-3.78673335196155,-5.21601722230963,-3.03174958632843,-7.44369978642156,-3.77415133315681,0.0902156578672671,..,..,..,..,..
Myanmar,MMR,"Current account balance (BoP, current US$)",BN.CAB.XOKA.CD,-1561122334.3245,-1259646752.3723,-388582899.831015,-2481498402.81779,-3109126533.41224,-1919047827.97293,-4916790033.35814,-2561158568.90545,67720479.4120727,..,..,..,..,..
Philippines,PHL,Account ownership at a financial institution or with a mobile-money-service provider (% of population ages 15+),FX.OWN.TOTL.ZS,26.56,..,..,31.29,..,..,34.5,..,..,..,51.37,..,..,..
Philippines,PHL,"Account ownership at a financial institution or with a mobile-money-service provider, female (% of population ages 15+)",FX.OWN.TOTL.FE.ZS,33.71,..,..,37.85,..,..,38.85,..,..,..,47.42,..,..,..
Philippines,PHL,"Account ownership at a financial institution or with a mobile-money-service provider, male (% of population ages 15+)",FX.OWN.TOTL.MA.ZS,19,..,..,24.4,..,..,30.02,..,..,..,55.59,..,..,..
Philippines,PHL,"Account ownership at a financial institution or with a mobile-money-service provider, older adults (% of population ages 25+)",FX.OWN.TOTL.OL.ZS,29.68,..,..,35.85,..,..,38.83,..,..,..,55.53,..,..,..
Philippines,PHL,"Account ownership at a financial institution or with a mobile-money-service provider, poorest 40% (% of population ages 15+)",FX.OWN.TOTL.40.ZS,9.89,..,..,18.04,..,..,18.03,..,..,..,33.99,..,..,..
Philippines,PHL,"Account ownership at a financial institution or with a mobile-money-service provider, primary education or less (% of population ages 15+)",FX.OWN.TOTL.PL.ZS,12.26,..,..,18.07,..,..,18,..,..,..,32.77,..,..,..
Philippines,PHL,"Account ownership at a financial institution or with a mobile-money-service provider, richest 60% (% of population ages 15+)",FX.OWN.TOTL.60.ZS,37.67,..,..,40.1,..,..,45.36,..,..,..,62.8,..,..,..
Philippines,PHL,"Account ownership at a financial institution or with a mobile-money-service provider, secondary education or more (% of population ages 15+)",FX.OWN.TOTL.SO.ZS,33.06,..,..,36.83,..,..,41.35,..,..,..,61.18,..,..,..
Philippines,PHL,"Account ownership at a financial institution or with a mobile-money-service provider, young adults (% of population ages 15-24)",FX.OWN.TOTL.YG.ZS,18.34,..,..,19.05,..,..,23.52,..,..,..,40.17,..,..,..
Philippines,PHL,Current account balance (% of GDP),BN.CAB.XOKA.GD.ZS,2.40919069908821,2.65327822076163,4.00964958379015,3.61563913350118,2.37094985952193,-0.376262661570348,-0.652387929430577,-2.55939306315271,-0.808557862517338,3.20065009232564,-1.50797765976295,-4.51605763317135,-2.83353281449545,..
Philippines,PHL,"Current account balance (BoP, current US$)",BN.CAB.XOKA.CD,5642727681.99825,6949480669.31383,11383508584.5926,10755931842.7773,7265677953.83482,-1198874442.01674,-2142968677.37994,-8877047441.26577,-3046835246.6567,11578388370.8856,-5942749346.45914,-18260831213.0155,-12386685918.6795,-17514262287.96
Singapore,SGP,Account ownership at a financial institution or with a mobile-money-service provider (% of population ages 15+),FX.OWN.TOTL.ZS,98.22,..,..,96.35,..,..,97.93,..,..,..,97.55,..,..,..
Singapore,SGP,"Account ownership at a financial institution or with a mobile-money-service provider, female (% of population ages 15+)",FX.OWN.TOTL.FE.ZS,98.21,..,..,96.07,..,..,96.31,..,..,..,96.87,..,..,..
Singapore,SGP,"Account ownership at a financial institution or with a mobile-money-service provider, male (% of population ages 15+)",FX.OWN.TOTL.MA.ZS,98.23,..,..,96.64,..,..,99.68,..,..,..,98.27,..,..,..
Singapore,SGP,"Account ownership at a financial institution or with a mobile-money-service provider, older adults (% of population ages 25+)",FX.OWN.TOTL.OL.ZS,98.95,..,..,97.03,..,..,97.95,..,..,..,98.07,..,..,..
Singapore,SGP,"Account ownership at a financial institution or with a mobile-money-service provider, poorest 40% (% of population ages 15+)",FX.OWN.TOTL.40.ZS,..,..,..,96.27,..,..,96.38,..,..,..,95.55,..,..,..
Singapore,SGP,"Account ownership at a financial institution or with a mobile-money-service provider, primary education or less (% of population ages 15+)",FX.OWN.TOTL.PL.ZS,94.36,..,..,94.58,..,..,93.19,..,..,..,92.44,..,..,..
Singapore,SGP,"Account ownership at a financial institution or with a mobile-money-service provider, richest 60% (% of population ages 15+)",FX.OWN.TOTL.60.ZS,..,..,..,96.4,..,..,98.96,..,..,..,98.88,..,..,..
Singapore,SGP,"Account ownership at a financial institution or with a mobile-money-service provider, secondary education or more (% of population ages 15+)",FX.OWN.TOTL.SO.ZS,99.92,..,..,96.75,..,..,99.06,..,..,..,98.96,..,..,..
Singapore,SGP,"Account ownership at a financial institution or with a mobile-money-service provider, young adults (% of population ages 15-24)",FX.OWN.TOTL.YG.ZS,94.71,..,..,92.94,..,..,97.84,..,..,..,94.36,..,..,..
Singapore,SGP,Current account balance (% of GDP),BN.CAB.XOKA.GD.ZS,22.2184518342372,17.6432739045995,15.707187590209,17.9502135491878,18.6930222903094,18.0392463471499,18.6260950135482,15.7021310963339,15.3540131622503,17.4848519172132,19.9108522556576,18.8115123045876,17.8297603314757,..
Singapore,SGP,"Current account balance (BoP, current US$)",BN.CAB.XOKA.CD,62068689196.2247,52064046516.3459,48311595940.2222,56518685134.7619,57574236721.0372,57554926923.1252,63935405615.801,59180185467.7778,57869528830.3534,61107526167.3379,86435311193.5394,93770599613.1526,89403321500.3846,96015191957.4927
Thailand,THA,Account ownership at a financial institution or with a mobile-money-service provider (% of population ages 15+),FX.OWN.TOTL.ZS,72.67,..,..,78.14,..,..,81.59,..,..,..,95.58,..,..,..
Thailand,THA,"Account ownership at a financial institution or with a mobile-money-service provider, female (% of population ages 15+)",FX.OWN.TOTL.FE.ZS,72.64,..,..,75.44,..,..,79.78,..,..,..,92.7,..,..,..
Thailand,THA,"Account ownership at a financial institution or with a mobile-money-service provider, male (% of population ages 15+)",FX.OWN.TOTL.MA.ZS,72.7,..,..,81.24,..,..,83.69,..,..,..,98.61,..,..,..
Thailand,THA,"Account ownership at a financial institution or with a mobile-money-service provider, older adults (% of population ages 25+)",FX.OWN.TOTL.OL.ZS,75.44,..,..,79.76,..,..,83.17,..,..,..,95.18,..,..,..
Thailand,THA,"Account ownership at a financial institution or with a mobile-money-service provider, poorest 40% (% of population ages 15+)",FX.OWN.TOTL.40.ZS,64.53,..,..,71.36,..,..,77.55,..,..,..,97.68,..,..,..
Thailand,THA,"Account ownership at a financial institution or with a mobile-money-service provider, primary education or less (% of population ages 15+)",FX.OWN.TOTL.PL.ZS,63.84,..,..,73.2,..,..,77,..,..,..,93.47,..,..,..
Thailand,THA,"Account ownership at a financial institution or with a mobile-money-service provider, richest 60% (% of population ages 15+)",FX.OWN.TOTL.60.ZS,78.06,..,..,82.64,..,..,84.29,..,..,..,94.15,..,..,..
Thailand,THA,"Account ownership at a financial institution or with a mobile-money-service provider, secondary education or more (% of population ages 15+)",FX.OWN.TOTL.SO.ZS,91.05,..,..,85.36,..,..,86.63,..,..,..,97.31,..,..,..
Thailand,THA,"Account ownership at a financial institution or with a mobile-money-service provider, young adults (% of population ages 15-24)",FX.OWN.TOTL.YG.ZS,59.34,..,..,70.55,..,..,73.34,..,..,..,97,..,..,..
Thailand,THA,Current account balance (% of GDP),BN.CAB.XOKA.GD.ZS,2.54217096328341,-1.23233637957653,-2.10153458942232,2.8582840987004,6.91581517168622,10.5083543932086,9.63103019182142,5.61986314598972,7.03272640328298,4.18282861454669,-2.11799444006618,-3.46252016627717,1.43923468240437,..
Thailand,THA,"Current account balance (BoP, current US$)",BN.CAB.XOKA.CD,9426846325.12522,-4899255872.44313,-8833457142.2453,11642907013.7683,27752906126.7839,43438000973.7382,43951862494.1599,28478892998.8756,38256392431.4939,20933463494.5353,-10722484401.6916,-17161815383.1185,7411608122.97439,..
Viet Nam,VNM,Account ownership at a financial institution or with a mobile-money-service provider (% of population ages 15+),FX.OWN.TOTL.ZS,21.37,..,..,30.95,..,..,30.8,..,..,..,..,56.27,..,..
Viet Nam,VNM,"Account ownership at a financial institution or with a mobile-money-service provider, female (% of population ages 15+)",FX.OWN.TOTL.FE.ZS,18.91,..,..,32.03,..,..,30.42,..,..,..,..,52.78,..,..
Viet Nam,VNM,"Account ownership at a financial institution or with a mobile-money-service provider, male (% of population ages 15+)",FX.OWN.TOTL.MA.ZS,24,..,..,29.82,..,..,31.21,..,..,..,..,59.96,..,..
Viet Nam,VNM,"Account ownership at a financial institution or with a mobile-money-service provider, older adults (% of population ages 25+)",FX.OWN.TOTL.OL.ZS,21.06,..,..,29.02,..,..,29.92,..,..,..,..,56.67,..,..
Viet Nam,VNM,"Account ownership at a financial institution or with a mobile-money-service provider, poorest 40% (% of population ages 15+)",FX.OWN.TOTL.40.ZS,11.05,..,..,18.71,..,..,20.28,..,..,..,..,40.69,..,..
Viet Nam,VNM,"Account ownership at a financial institution or with a mobile-money-service provider, primary education or less (% of population ages 15+)",FX.OWN.TOTL.PL.ZS,4.51,..,..,15.34,..,..,13.05,..,..,..,..,21.77,..,..
Viet Nam,VNM,"Account ownership at a financial institution or with a mobile-money-service provider, richest 60% (% of population ages 15+)",FX.OWN.TOTL.60.ZS,28.24,..,..,39.06,..,..,37.81,..,..,..,..,66.63,..,..
Viet Nam,VNM,"Account ownership at a financial institution or with a mobile-money-service provider, secondary education or more (% of population ages 15+)",FX.OWN.TOTL.SO.ZS,32.26,..,..,40.16,..,..,42.43,..,..,..,..,60.69,..,..
Viet Nam,VNM,"Account ownership at a financial institution or with a mobile-money-service provider, young adults (% of population ages 15-24)",FX.OWN.TOTL.YG.ZS,22.65,..,..,37.44,..,..,34.22,..,..,..,..,54.56,..,..
Viet Nam,VNM,Current account balance (% of GDP),BN.CAB.XOKA.GD.ZS,0.136736251193688,4.82078231422777,3.62409015316054,4.00897026449707,-0.853052854546214,0.243099852637275,-0.586095207209378,1.90236367538642,3.91824395534242,4.34486906553373,-1.26284279203588,0.341681183969525,6.01163134364857,..
Viet Nam,VNM,"Current account balance (BoP, current US$)",BN.CAB.XOKA.CD,236000000,9429000000,7745000000,9359000000,-2041000000,625000000,-1649000000,5899353000.00003,13101247000,15060000000,-4628000000,1402000000,25833000000,..
Southeast Asia,(Southeast Asia),Account ownership at a financial institution or with a mobile-money-service provider (% of population ages 15+),FX.OWN.TOTL.ZS,..,..,..,..,..,..,..,..,..,..,..,..,..,..
Southeast Asia,(Southeast Asia),"Account ownership at a financial institution or with a mobile-money-service provider, female (% of population ages 15+)",FX.OWN.TOTL.FE.ZS,..,..,..,..,..,..,..,..,..,..,..,..,..,..
Southeast Asia,(Southeast Asia),"Account ownership at a financial institution or with a mobile-money-service provider, male (% of population ages 15+)",FX.OWN.TOTL.MA.ZS,..,..,..,..,..,..,..,..,..,..,..,..,..,..
Southeast Asia,(Southeast Asia),"Account ownership at a financial institution or with a mobile-money-service provider, older adults (% of population ages 25+)",FX.OWN.TOTL.OL.ZS,..,..,..,..,..,..,..,..,..,..,..,..,..,..
Southeast Asia,(Southeast Asia),"Account ownership at a financial institution or with a mobile-money-service provider, poorest 40% (% of population ages 15+)",FX.OWN.TOTL.40.ZS,..,..,..,..,..,..,..,..,..,..,..,..,..,..
Southeast Asia,(Southeast Asia),"Account ownership at a financial institution or with a mobile-money-service provider, primary education or less (% of population ages 15+)",FX.OWN.TOTL.PL.ZS,..,..,..,..,..,..,..,..,..,..,..,..,..,..
Southeast Asia,(Southeast Asia),"Account ownership at a financial institution or with a mobile-money-service provider, richest 60% (% of population ages 15+)",FX.OWN.TOTL.60.ZS,..,..,..,..,..,..,..,..,..,..,..,..,..,..
Southeast Asia,(Southeast Asia),"Account ownership at a financial institution or with a mobile-money-service provider, secondary education or more (% of population ages 15+)",FX.OWN.TOTL.SO.ZS,..,..,..,..,..,..,..,..,..,..,..,..,..,..
Southeast Asia,(Southeast Asia),"Account ownership at a financial institution or with a mobile-money-service provider, young adults (% of population ages 15-24)",FX.OWN.TOTL.YG.ZS,..,..,..,..,..,..,..,..,..,..,..,..,..,..
Southeast Asia,(Southeast Asia),Current account balance (% of GDP),BN.CAB.XOKA.GD.ZS,..,..,..,..,..,..,..,..,..,..,..,..,..,..
Southeast Asia,(Southeast Asia),"Current account balance (BoP, current US$)",BN.CAB.XOKA.CD,..,..,..,..,..,..,..,..,..,..,..,..,..,..
World,WLD,Account ownership at a financial institution or with a mobile-money-service provider (% of population ages 15+),FX.OWN.TOTL.ZS,50.63,..,..,61.92,..,..,68.5,..,..,..,76.2,..,..,..
World,WLD,"Account ownership at a financial institution or with a mobile-money-service provider, female (% of population ages 15+)",FX.OWN.TOTL.FE.ZS,46.62,..,..,58.4,..,..,64.85,..,..,..,73.99,..,..,..
World,WLD,"Account ownership at a financial institution or with a mobile-money-service provider, male (% of population ages 15+)",FX.OWN.TOTL.MA.ZS,54.75,..,..,65.49,..,..,72.24,..,..,..,78.35,..,..,..
World,WLD,"Account ownership at a financial institution or with a mobile-money-service provider, older adults (% of population ages 25+)",FX.OWN.TOTL.OL.ZS,54.45,..,..,66.12,..,..,71.91,..,..,..,79.07,..,..,..
World,WLD,"Account ownership at a financial institution or with a mobile-money-service provider, poorest 40% (% of population ages 15+)",FX.OWN.TOTL.40.ZS,41.38,..,..,54.62,..,..,60.89,..,..,..,71.91,..,..,..
World,WLD,"Account ownership at a financial institution or with a mobile-money-service provider, primary education or less (% of population ages 15+)",FX.OWN.TOTL.PL.ZS,36.99,..,..,48.4,..,..,56.34,..,..,..,66.01,..,..,..
World,WLD,"Account ownership at a financial institution or with a mobile-money-service provider, richest 60% (% of population ages 15+)",FX.OWN.TOTL.60.ZS,57.06,..,..,66.86,..,..,73.73,..,..,..,79.05,..,..,..
World,WLD,"Account ownership at a financial institution or with a mobile-money-service provider, secondary education or more (% of population ages 15+)",FX.OWN.TOTL.SO.ZS,66.12,..,..,73.22,..,..,78.6,..,..,..,84.62,..,..,..
World,WLD,"Account ownership at a financial institution or with a mobile-money-service provider, young adults (% of population ages 15-24)",FX.OWN.TOTL.YG.ZS,37.08,..,..,46.9,..,..,56.3,..,..,..,65.52,..,..,..
World,WLD,Current account balance (% of GDP),BN.CAB.XOKA.GD.ZS,..,..,..,..,..,..,..,..,..,..,..,..,..,..
World,WLD,"Current account balance (BoP, current US$)",BN.CAB.XOKA.CD,..,..,..,..,..,..,..,..,..,..,..,..,..,..
,,,,,,,,,,,,,,,,,
,,,,,,,,,,,,,,,,,
,,,,,,,,,,,,,,,,,
Data from database: World Development Indicators,,,,,,,,,,,,,,,,,
Last Updated: 04/15/2025,,,,,,,,,,,,,,,,,
