indicator,country,countryiso3code,date,value,unit,obs_status,decimal
Population density (people per sq. km of land area),Brunei Darussalam,BRN,2024,,,,0
Population density (people per sq. km of land area),Brunei Darussalam,BRN,2023,,,,0
Population density (people per sq. km of land area),Brunei Darussalam,BRN,2022,86.4079696394687,,,0
Population density (people per sq. km of land area),Brunei Darussalam,BRN,2021,85.715559772296,,,0
Population density (people per sq. km of land area),Brunei Darussalam,BRN,2020,84.896394686907,,,0
Population density (people per sq. km of land area),Brunei Darussalam,BRN,2019,84.0,,,0
Population density (people per sq. km of land area),Brunei Darussalam,BRN,2018,83.0759013282732,,,0
Population density (people per sq. km of land area),Brunei Darussalam,BRN,2017,82.1199240986717,,,0
Population density (people per sq. km of land area),Brunei Darussalam,BRN,2016,81.1316888045541,,,0
Population density (people per sq. km of land area),Brunei Darussalam,BRN,2015,80.1161290322581,,,0
Population density (people per sq. km of land area),Brunei Darussalam,BRN,2014,79.0796963946869,,,0
Population density (people per sq. km of land area),Brunei Darussalam,BRN,2013,78.026944971537,,,0
Population density (people per sq. km of land area),Brunei Darussalam,BRN,2012,76.9557874762808,,,0
Population density (people per sq. km of land area),Brunei Darussalam,BRN,2011,75.7853889943074,,,0
Population density (people per sq. km of land area),Brunei Darussalam,BRN,2010,74.4462998102467,,,0
Population density (people per sq. km of land area),Brunei Darussalam,BRN,2009,73.0459203036053,,,0
Population density (people per sq. km of land area),Brunei Darussalam,BRN,2008,71.6874762808349,,,0
Population density (people per sq. km of land area),Brunei Darussalam,BRN,2007,70.3743833017078,,,0
Population density (people per sq. km of land area),Brunei Darussalam,BRN,2006,69.1960151802657,,,0
Population density (people per sq. km of land area),Brunei Darussalam,BRN,2005,68.1055028462998,,,0
Population density (people per sq. km of land area),Brunei Darussalam,BRN,2004,66.9660341555977,,,0
Population density (people per sq. km of land area),Brunei Darussalam,BRN,2003,65.7755218216319,,,0
Population density (people per sq. km of land area),Brunei Darussalam,BRN,2002,64.5349146110057,,,0
Population density (people per sq. km of land area),Brunei Darussalam,BRN,2001,63.253320683112,,,0
Population density (people per sq. km of land area),Brunei Darussalam,BRN,2000,61.9400379506641,,,0
Population density (people per sq. km of land area),Brunei Darussalam,BRN,1999,60.6092979127135,,,0
Population density (people per sq. km of land area),Brunei Darussalam,BRN,1998,59.2760910815939,,,0
Population density (people per sq. km of land area),Brunei Darussalam,BRN,1997,57.9394686907021,,,0
Population density (people per sq. km of land area),Brunei Darussalam,BRN,1996,56.5988614800759,,,0
Population density (people per sq. km of land area),Brunei Darussalam,BRN,1995,55.2552182163188,,,0
Population density (people per sq. km of land area),Brunei Darussalam,BRN,1994,53.907210626186,,,0
Population density (people per sq. km of land area),Brunei Darussalam,BRN,1993,52.5561669829222,,,0
Population density (people per sq. km of land area),Brunei Darussalam,BRN,1992,51.2028462998102,,,0
Population density (people per sq. km of land area),Brunei Darussalam,BRN,1991,49.8284629981025,,,0
Population density (people per sq. km of land area),Brunei Darussalam,BRN,1990,48.442504743833,,,0
Population density (people per sq. km of land area),Brunei Darussalam,BRN,1989,47.0709677419355,,,0
Population density (people per sq. km of land area),Brunei Darussalam,BRN,1988,45.7140417457305,,,0
Population density (people per sq. km of land area),Brunei Darussalam,BRN,1987,44.3757115749526,,,0
Population density (people per sq. km of land area),Brunei Darussalam,BRN,1986,42.9781783681214,,,0
Population density (people per sq. km of land area),Brunei Darussalam,BRN,1985,41.5406072106262,,,0
Population density (people per sq. km of land area),Brunei Darussalam,BRN,1984,40.1633776091082,,,0
Population density (people per sq. km of land area),Brunei Darussalam,BRN,1983,38.850284629981,,,0
Population density (people per sq. km of land area),Brunei Darussalam,BRN,1982,37.6024667931689,,,0
Population density (people per sq. km of land area),Brunei Darussalam,BRN,1981,36.4282732447818,,,0
Population density (people per sq. km of land area),Brunei Darussalam,BRN,1980,35.3151802656546,,,0
Population density (people per sq. km of land area),Brunei Darussalam,BRN,1979,34.2356736242884,,,0
Population density (people per sq. km of land area),Brunei Darussalam,BRN,1978,33.1848197343454,,,0
Population density (people per sq. km of land area),Brunei Darussalam,BRN,1977,32.1208728652751,,,0
Population density (people per sq. km of land area),Brunei Darussalam,BRN,1976,31.0449715370019,,,0
Population density (people per sq. km of land area),Brunei Darussalam,BRN,1975,29.9943074003795,,,0
Population density (people per sq. km of land area),Brunei Darussalam,BRN,1974,28.9669829222011,,,0
Population density (people per sq. km of land area),Brunei Darussalam,BRN,1973,27.9637571157495,,,0
Population density (people per sq. km of land area),Brunei Darussalam,BRN,1972,26.980834914611,,,0
Population density (people per sq. km of land area),Brunei Darussalam,BRN,1971,26.1709677419355,,,0
Population density (people per sq. km of land area),Brunei Darussalam,BRN,1970,25.6428842504744,,,0
Population density (people per sq. km of land area),Brunei Darussalam,BRN,1969,24.9423149905123,,,0
Population density (people per sq. km of land area),Brunei Darussalam,BRN,1968,23.9510436432638,,,0
Population density (people per sq. km of land area),Brunei Darussalam,BRN,1967,22.9633776091082,,,0
Population density (people per sq. km of land area),Brunei Darussalam,BRN,1966,21.9874762808349,,,0
Population density (people per sq. km of land area),Brunei Darussalam,BRN,1965,21.0318785578748,,,0
Population density (people per sq. km of land area),Brunei Darussalam,BRN,1964,20.0990512333966,,,0
Population density (people per sq. km of land area),Brunei Darussalam,BRN,1963,19.1952561669829,,,0
Population density (people per sq. km of land area),Brunei Darussalam,BRN,1962,18.3527514231499,,,0
Population density (people per sq. km of land area),Brunei Darussalam,BRN,1961,17.5554079696395,,,0
Population density (people per sq. km of land area),Brunei Darussalam,BRN,1960,,,,0
Population density (people per sq. km of land area),Indonesia,IDN,2024,,,,0
Population density (people per sq. km of land area),Indonesia,IDN,2023,,,,0
Population density (people per sq. km of land area),Indonesia,IDN,2022,147.330175215419,,,0
Population density (people per sq. km of land area),Indonesia,IDN,2021,146.235107708626,,,0
Population density (people per sq. km of land area),Indonesia,IDN,2020,146.371283592869,,,0
Population density (people per sq. km of land area),Indonesia,IDN,2019,145.132688936836,,,0
Population density (people per sq. km of land area),Indonesia,IDN,2018,143.781152680745,,,0
Population density (people per sq. km of land area),Indonesia,IDN,2017,142.393583234045,,,0
Population density (people per sq. km of land area),Indonesia,IDN,2016,140.945267664402,,,0
Population density (people per sq. km of land area),Indonesia,IDN,2015,139.438934572699,,,0
Population density (people per sq. km of land area),Indonesia,IDN,2014,137.882705314833,,,0
Population density (people per sq. km of land area),Indonesia,IDN,2013,136.271572751061,,,0
Population density (people per sq. km of land area),Indonesia,IDN,2012,134.591727167608,,,0
Population density (people per sq. km of land area),Indonesia,IDN,2011,132.872174396105,,,0
Population density (people per sq. km of land area),Indonesia,IDN,2010,131.186593584406,,,0
Population density (people per sq. km of land area),Indonesia,IDN,2009,129.543311146252,,,0
Population density (people per sq. km of land area),Indonesia,IDN,2008,127.912368929422,,,0
Population density (people per sq. km of land area),Indonesia,IDN,2007,126.263615441442,,,0
Population density (people per sq. km of land area),Indonesia,IDN,2006,124.606809305259,,,0
Population density (people per sq. km of land area),Indonesia,IDN,2005,122.966345480392,,,0
Population density (people per sq. km of land area),Indonesia,IDN,2004,121.397785588322,,,0
Population density (people per sq. km of land area),Indonesia,IDN,2003,119.864570212072,,,0
Population density (people per sq. km of land area),Indonesia,IDN,2002,118.288280970792,,,0
Population density (people per sq. km of land area),Indonesia,IDN,2001,116.695437968937,,,0
Population density (people per sq. km of land area),Indonesia,IDN,2000,115.08687262286,,,0
Population density (people per sq. km of land area),Indonesia,IDN,1999,117.580147606772,,,0
Population density (people per sq. km of land area),Indonesia,IDN,1998,115.825934410484,,,0
Population density (people per sq. km of land area),Indonesia,IDN,1997,114.00944760622,,,0
Population density (people per sq. km of land area),Indonesia,IDN,1996,112.170298691191,,,0
Population density (people per sq. km of land area),Indonesia,IDN,1995,110.339681602146,,,0
Population density (people per sq. km of land area),Indonesia,IDN,1994,108.520138885056,,,0
Population density (people per sq. km of land area),Indonesia,IDN,1993,106.705878326534,,,0
Population density (people per sq. km of land area),Indonesia,IDN,1992,104.905548226124,,,0
Population density (people per sq. km of land area),Indonesia,IDN,1991,103.10296483161,,,0
Population density (people per sq. km of land area),Indonesia,IDN,1990,101.293959383297,,,0
Population density (people per sq. km of land area),Indonesia,IDN,1989,99.4726287143196,,,0
Population density (people per sq. km of land area),Indonesia,IDN,1988,97.6253001540101,,,0
Population density (people per sq. km of land area),Indonesia,IDN,1987,95.7794366212733,,,0
Population density (people per sq. km of land area),Indonesia,IDN,1986,93.9378908902223,,,0
Population density (people per sq. km of land area),Indonesia,IDN,1985,92.0616840640991,,,0
Population density (people per sq. km of land area),Indonesia,IDN,1984,90.1158243954139,,,0
Population density (people per sq. km of land area),Indonesia,IDN,1983,88.1287397119626,,,0
Population density (people per sq. km of land area),Indonesia,IDN,1982,86.1419387603018,,,0
Population density (people per sq. km of land area),Indonesia,IDN,1981,84.1728638694613,,,0
Population density (people per sq. km of land area),Indonesia,IDN,1980,82.2217965632021,,,0
Population density (people per sq. km of land area),Indonesia,IDN,1979,80.2811009235083,,,0
Population density (people per sq. km of land area),Indonesia,IDN,1978,78.3591928548165,,,0
Population density (people per sq. km of land area),Indonesia,IDN,1977,76.4715362917249,,,0
Population density (people per sq. km of land area),Indonesia,IDN,1976,74.6168544411753,,,0
Population density (people per sq. km of land area),Indonesia,IDN,1975,72.778776420453,,,0
Population density (people per sq. km of land area),Indonesia,IDN,1974,70.9633329101277,,,0
Population density (people per sq. km of land area),Indonesia,IDN,1973,69.1601842600617,,,0
Population density (people per sq. km of land area),Indonesia,IDN,1972,67.3668922536805,,,0
Population density (people per sq. km of land area),Indonesia,IDN,1971,65.5970798809872,,,0
Population density (people per sq. km of land area),Indonesia,IDN,1970,63.843790193037,,,0
Population density (people per sq. km of land area),Indonesia,IDN,1969,62.1105665251688,,,0
Population density (people per sq. km of land area),Indonesia,IDN,1968,60.4172104859321,,,0
Population density (people per sq. km of land area),Indonesia,IDN,1967,58.8033545488168,,,0
Population density (people per sq. km of land area),Indonesia,IDN,1966,57.2943656607252,,,0
Population density (people per sq. km of land area),Indonesia,IDN,1965,55.9542993094388,,,0
Population density (people per sq. km of land area),Indonesia,IDN,1964,54.5569583289633,,,0
Population density (people per sq. km of land area),Indonesia,IDN,1963,53.0210944098213,,,0
Population density (people per sq. km of land area),Indonesia,IDN,1962,51.5441578299486,,,0
Population density (people per sq. km of land area),Indonesia,IDN,1961,50.1174390169853,,,0
Population density (people per sq. km of land area),Indonesia,IDN,1960,,,,0
Population density (people per sq. km of land area),Cambodia,KHM,2024,,,,0
Population density (people per sq. km of land area),Cambodia,KHM,2023,,,,0
Population density (people per sq. km of land area),Cambodia,KHM,2022,97.4491502379334,,,0
Population density (people per sq. km of land area),Cambodia,KHM,2021,96.160803308407,,,0
Population density (people per sq. km of land area),Cambodia,KHM,2020,94.7511556764106,,,0
Population density (people per sq. km of land area),Cambodia,KHM,2019,93.3679129843644,,,0
Population density (people per sq. km of land area),Cambodia,KHM,2018,92.1964763199638,,,0
Population density (people per sq. km of land area),Cambodia,KHM,2017,91.0569453886245,,,0
Population density (people per sq. km of land area),Cambodia,KHM,2016,89.8074042601405,,,0
Population density (people per sq. km of land area),Cambodia,KHM,2015,88.5069737140267,,,0
Population density (people per sq. km of land area),Cambodia,KHM,2014,87.2239519601178,,,0
Population density (people per sq. km of land area),Cambodia,KHM,2013,85.9404486743712,,,0
Population density (people per sq. km of land area),Cambodia,KHM,2012,84.6651087695445,,,0
Population density (people per sq. km of land area),Cambodia,KHM,2011,83.4046227056424,,,0
Population density (people per sq. km of land area),Cambodia,KHM,2010,82.1477792884659,,,0
Population density (people per sq. km of land area),Cambodia,KHM,2009,80.8792771357353,,,0
Population density (people per sq. km of land area),Cambodia,KHM,2008,79.6140890550646,,,0
Population density (people per sq. km of land area),Cambodia,KHM,2007,78.4147405393157,,,0
Population density (people per sq. km of land area),Cambodia,KHM,2006,77.2661907999094,,,0
Population density (people per sq. km of land area),Cambodia,KHM,2005,76.1341604350782,,,0
Population density (people per sq. km of land area),Cambodia,KHM,2004,75.0324665760254,,,0
Population density (people per sq. km of land area),Cambodia,KHM,2003,73.934783593927,,,0
Population density (people per sq. km of land area),Cambodia,KHM,2002,72.8259743938364,,,0
Population density (people per sq. km of land area),Cambodia,KHM,2001,71.7113301608883,,,0
Population density (people per sq. km of land area),Cambodia,KHM,2000,70.6001359619307,,,0
Population density (people per sq. km of land area),Cambodia,KHM,1999,69.4863528212101,,,0
Population density (people per sq. km of land area),Cambodia,KHM,1998,68.3105200543848,,,0
Population density (people per sq. km of land area),Cambodia,KHM,1997,65.5505438477226,,,0
Population density (people per sq. km of land area),Cambodia,KHM,1996,61.190063448901,,,0
Population density (people per sq. km of land area),Cambodia,KHM,1995,56.7555914343984,,,0
Population density (people per sq. km of land area),Cambodia,KHM,1994,52.3405959664627,,,0
Population density (people per sq. km of land area),Cambodia,KHM,1993,48.8124915023793,,,0
Population density (people per sq. km of land area),Cambodia,KHM,1992,45.9612678450034,,,0
Population density (people per sq. km of land area),Cambodia,KHM,1991,43.5466236120553,,,0
Population density (people per sq. km of land area),Cambodia,KHM,1990,41.7785633355994,,,0
Population density (people per sq. km of land area),Cambodia,KHM,1989,40.0717935644686,,,0
Population density (people per sq. km of land area),Cambodia,KHM,1988,38.5906072966236,,,0
Population density (people per sq. km of land area),Cambodia,KHM,1987,37.1514276002719,,,0
Population density (people per sq. km of land area),Cambodia,KHM,1986,35.6089564921822,,,0
Population density (people per sq. km of land area),Cambodia,KHM,1985,34.2385168819397,,,0
Population density (people per sq. km of land area),Cambodia,KHM,1984,33.1130580104237,,,0
Population density (people per sq. km of land area),Cambodia,KHM,1983,31.9295433945162,,,0
Population density (people per sq. km of land area),Cambodia,KHM,1982,30.7978246091094,,,0
Population density (people per sq. km of land area),Cambodia,KHM,1981,29.9370892816678,,,0
Population density (people per sq. km of land area),Cambodia,KHM,1980,29.4576931792431,,,0
Population density (people per sq. km of land area),Cambodia,KHM,1979,28.8285066847949,,,0
Population density (people per sq. km of land area),Cambodia,KHM,1978,29.5244334919556,,,0
Population density (people per sq. km of land area),Cambodia,KHM,1977,32.1127974167233,,,0
Population density (people per sq. km of land area),Cambodia,KHM,1976,34.7552175390891,,,0
Population density (people per sq. km of land area),Cambodia,KHM,1975,37.2839961477453,,,0
Population density (people per sq. km of land area),Cambodia,KHM,1974,38.4276002719239,,,0
Population density (people per sq. km of land area),Cambodia,KHM,1973,38.1810899614775,,,0
Population density (people per sq. km of land area),Cambodia,KHM,1972,37.8081010650351,,,0
Population density (people per sq. km of land area),Cambodia,KHM,1971,37.5078178110129,,,0
Population density (people per sq. km of land area),Cambodia,KHM,1970,37.6115001133016,,,0
Population density (people per sq. km of land area),Cambodia,KHM,1969,37.4162984364378,,,0
Population density (people per sq. km of land area),Cambodia,KHM,1968,36.6379107183322,,,0
Population density (people per sq. km of land area),Cambodia,KHM,1967,35.8766372082484,,,0
Population density (people per sq. km of land area),Cambodia,KHM,1966,35.1304781327895,,,0
Population density (people per sq. km of land area),Cambodia,KHM,1965,34.4000056650804,,,0
Population density (people per sq. km of land area),Cambodia,KHM,1964,33.6855767051892,,,0
Population density (people per sq. km of land area),Cambodia,KHM,1963,32.9878200770451,,,0
Population density (people per sq. km of land area),Cambodia,KHM,1962,32.2771244051666,,,0
Population density (people per sq. km of land area),Cambodia,KHM,1961,31.5611148878314,,,0
Population density (people per sq. km of land area),Cambodia,KHM,1960,,,,0
Population density (people per sq. km of land area),Lao PDR,LAO,2024,,,,0
Population density (people per sq. km of land area),Lao PDR,LAO,2023,,,,0
Population density (people per sq. km of land area),Lao PDR,LAO,2022,32.7513301559792,,,0
Population density (people per sq. km of land area),Lao PDR,LAO,2021,32.2928682842288,,,0
Population density (people per sq. km of land area),Lao PDR,LAO,2020,31.8307322357019,,,0
Population density (people per sq. km of land area),Lao PDR,LAO,2019,31.3589081455806,,,0
Population density (people per sq. km of land area),Lao PDR,LAO,2018,30.8840771230503,,,0
Population density (people per sq. km of land area),Lao PDR,LAO,2017,30.4079159445407,,,0
Population density (people per sq. km of land area),Lao PDR,LAO,2016,29.934150779896,,,0
Population density (people per sq. km of land area),Lao PDR,LAO,2015,29.4698656845754,,,0
Population density (people per sq. km of land area),Lao PDR,LAO,2014,29.0432062391681,,,0
Population density (people per sq. km of land area),Lao PDR,LAO,2013,28.6455155979203,,,0
Population density (people per sq. km of land area),Lao PDR,LAO,2012,28.2451386481802,,,0
Population density (people per sq. km of land area),Lao PDR,LAO,2011,27.8448440207972,,,0
Population density (people per sq. km of land area),Lao PDR,LAO,2010,27.4445147313691,,,0
Population density (people per sq. km of land area),Lao PDR,LAO,2009,27.0435095320624,,,0
Population density (people per sq. km of land area),Lao PDR,LAO,2008,26.6419800693241,,,0
Population density (people per sq. km of land area),Lao PDR,LAO,2007,26.2401906412478,,,0
Population density (people per sq. km of land area),Lao PDR,LAO,2006,25.8370883882149,,,0
Population density (people per sq. km of land area),Lao PDR,LAO,2005,25.4312088388215,,,0
Population density (people per sq. km of land area),Lao PDR,LAO,2004,25.0503726169844,,,0
Population density (people per sq. km of land area),Lao PDR,LAO,2003,24.6878032928943,,,0
Population density (people per sq. km of land area),Lao PDR,LAO,2002,24.3106109185442,,,0
Population density (people per sq. km of land area),Lao PDR,LAO,2001,23.9232322357019,,,0
Population density (people per sq. km of land area),Lao PDR,LAO,2000,23.5321143847487,,,0
Population density (people per sq. km of land area),Lao PDR,LAO,1999,23.1403119584055,,,0
Population density (people per sq. km of land area),Lao PDR,LAO,1998,22.7394540727903,,,0
Population density (people per sq. km of land area),Lao PDR,LAO,1997,22.3224046793761,,,0
Population density (people per sq. km of land area),Lao PDR,LAO,1996,21.8616897746967,,,0
Population density (people per sq. km of land area),Lao PDR,LAO,1995,21.357924610052,,,0
Population density (people per sq. km of land area),Lao PDR,LAO,1994,20.8371750433276,,,0
Population density (people per sq. km of land area),Lao PDR,LAO,1993,20.2992201039861,,,0
Population density (people per sq. km of land area),Lao PDR,LAO,1992,19.7558318890815,,,0
Population density (people per sq. km of land area),Lao PDR,LAO,1991,19.2162824956672,,,0
Population density (people per sq. km of land area),Lao PDR,LAO,1990,18.6826473136915,,,0
Population density (people per sq. km of land area),Lao PDR,LAO,1989,18.1584662045061,,,0
Population density (people per sq. km of land area),Lao PDR,LAO,1988,17.6455849220104,,,0
Population density (people per sq. km of land area),Lao PDR,LAO,1987,17.1473656845754,,,0
Population density (people per sq. km of land area),Lao PDR,LAO,1986,16.6668760831889,,,0
Population density (people per sq. km of land area),Lao PDR,LAO,1985,16.2044410745234,,,0
Population density (people per sq. km of land area),Lao PDR,LAO,1984,15.7618847487002,,,0
Population density (people per sq. km of land area),Lao PDR,LAO,1983,15.3422920277296,,,0
Population density (people per sq. km of land area),Lao PDR,LAO,1982,14.9481195840555,,,0
Population density (people per sq. km of land area),Lao PDR,LAO,1981,14.5867894280763,,,0
Population density (people per sq. km of land area),Lao PDR,LAO,1980,14.2659142114385,,,0
Population density (people per sq. km of land area),Lao PDR,LAO,1979,13.9870103986135,,,0
Population density (people per sq. km of land area),Lao PDR,LAO,1978,13.7423743500867,,,0
Population density (people per sq. km of land area),Lao PDR,LAO,1977,13.5135311958406,,,0
Population density (people per sq. km of land area),Lao PDR,LAO,1976,13.2793587521664,,,0
Population density (people per sq. km of land area),Lao PDR,LAO,1975,13.0221880415945,,,0
Population density (people per sq. km of land area),Lao PDR,LAO,1974,12.7372660311958,,,0
Population density (people per sq. km of land area),Lao PDR,LAO,1973,12.4374913344887,,,0
Population density (people per sq. km of land area),Lao PDR,LAO,1972,12.1389081455806,,,0
Population density (people per sq. km of land area),Lao PDR,LAO,1971,11.8484748700173,,,0
Population density (people per sq. km of land area),Lao PDR,LAO,1970,11.5671663778163,,,0
Population density (people per sq. km of land area),Lao PDR,LAO,1969,11.2953162911612,,,0
Population density (people per sq. km of land area),Lao PDR,LAO,1968,11.0328292894281,,,0
Population density (people per sq. km of land area),Lao PDR,LAO,1967,10.7786611785095,,,0
Population density (people per sq. km of land area),Lao PDR,LAO,1966,10.5332928942808,,,0
Population density (people per sq. km of land area),Lao PDR,LAO,1965,10.2954939341421,,,0
Population density (people per sq. km of land area),Lao PDR,LAO,1964,10.0642374350087,,,0
Population density (people per sq. km of land area),Lao PDR,LAO,1963,9.83995233968804,,,0
Population density (people per sq. km of land area),Lao PDR,LAO,1962,9.61832755632582,,,0
Population density (people per sq. km of land area),Lao PDR,LAO,1961,9.40119584055459,,,0
Population density (people per sq. km of land area),Lao PDR,LAO,1960,,,,0
Population density (people per sq. km of land area),Myanmar,MMR,2024,,,,0
Population density (people per sq. km of land area),Myanmar,MMR,2023,,,,0
Population density (people per sq. km of land area),Myanmar,MMR,2022,82.3644215300228,,,0
Population density (people per sq. km of land area),Myanmar,MMR,2021,81.7980020531049,,,0
Population density (people per sq. km of land area),Myanmar,MMR,2020,81.2302112859485,,,0
Population density (people per sq. km of land area),Myanmar,MMR,2019,80.6507017006282,,,0
Population density (people per sq. km of land area),Myanmar,MMR,2018,80.0861758847863,,,0
Population density (people per sq. km of land area),Myanmar,MMR,2017,79.5020114898506,,,0
Population density (people per sq. km of land area),Myanmar,MMR,2016,78.8867551089188,,,0
Population density (people per sq. km of land area),Myanmar,MMR,2015,78.2278679487965,,,0
Population density (people per sq. km of land area),Myanmar,MMR,2014,77.6040209468978,,,0
Population density (people per sq. km of land area),Myanmar,MMR,2013,76.9624823911313,,,0
Population density (people per sq. km of land area),Myanmar,MMR,2012,76.3032167189773,,,0
Population density (people per sq. km of land area),Myanmar,MMR,2011,75.6475990754489,,,0
Population density (people per sq. km of land area),Myanmar,MMR,2010,75.045742889508,,,0
Population density (people per sq. km of land area),Myanmar,MMR,2009,74.4840945966631,,,0
Population density (people per sq. km of land area),Myanmar,MMR,2008,74.0701856698964,,,0
Population density (people per sq. km of land area),Myanmar,MMR,2007,73.6397401762762,,,0
Population density (people per sq. km of land area),Myanmar,MMR,2006,73.1252161537638,,,0
Population density (people per sq. km of land area),Myanmar,MMR,2005,72.6067788049467,,,0
Population density (people per sq. km of land area),Myanmar,MMR,2004,72.0344831808026,,,0
Population density (people per sq. km of land area),Myanmar,MMR,2003,71.406787648805,,,0
Population density (people per sq. km of land area),Myanmar,MMR,2002,70.7418872601524,,,0
Population density (people per sq. km of land area),Myanmar,MMR,2001,70.0357116626373,,,0
Population density (people per sq. km of land area),Myanmar,MMR,2000,69.3007941365486,,,0
Population density (people per sq. km of land area),Myanmar,MMR,1999,68.5309606144995,,,0
Population density (people per sq. km of land area),Myanmar,MMR,1998,67.720098234232,,,0
Population density (people per sq. km of land area),Myanmar,MMR,1997,66.880065489488,,,0
Population density (people per sq. km of land area),Myanmar,MMR,1996,66.0324693209291,,,0
Population density (people per sq. km of land area),Myanmar,MMR,1995,65.1916301986106,,,0
Population density (people per sq. km of land area),Myanmar,MMR,1994,64.3497612999969,,,0
Population density (people per sq. km of land area),Myanmar,MMR,1993,63.5040380083851,,,0
Population density (people per sq. km of land area),Myanmar,MMR,1992,62.6592741071702,,,0
Population density (people per sq. km of land area),Myanmar,MMR,1991,61.8082351501056,,,0
Population density (people per sq. km of land area),Myanmar,MMR,1990,60.9254995868654,,,0
Population density (people per sq. km of land area),Myanmar,MMR,1989,60.0033938244025,,,0
Population density (people per sq. km of land area),Myanmar,MMR,1988,59.0643679040304,,,0
Population density (people per sq. km of land area),Myanmar,MMR,1987,58.1014077179668,,,0
Population density (people per sq. km of land area),Myanmar,MMR,1986,57.096548030725,,,0
Population density (people per sq. km of land area),Myanmar,MMR,1985,56.0376212626618,,,0
Population density (people per sq. km of land area),Myanmar,MMR,1984,54.9305520702635,,,0
Population density (people per sq. km of land area),Myanmar,MMR,1983,53.8034626801726,,,0
Population density (people per sq. km of land area),Myanmar,MMR,1982,52.763358019402,,,0
Population density (people per sq. km of land area),Myanmar,MMR,1981,51.8082795238241,,,0
Population density (people per sq. km of land area),Myanmar,MMR,1980,50.8418826697677,,,0
Population density (people per sq. km of land area),Myanmar,MMR,1979,49.8769011843192,,,0
Population density (people per sq. km of land area),Myanmar,MMR,1978,48.922753006702,,,0
Population density (people per sq. km of land area),Myanmar,MMR,1977,47.9786485907519,,,0
Population density (people per sq. km of land area),Myanmar,MMR,1976,47.0649248707042,,,0
Population density (people per sq. km of land area),Myanmar,MMR,1975,46.1740138323592,,,0
Population density (people per sq. km of land area),Myanmar,MMR,1974,45.288990727423,,,0
Population density (people per sq. km of land area),Myanmar,MMR,1973,44.4140955412064,,,0
Population density (people per sq. km of land area),Myanmar,MMR,1972,43.4989809346023,,,0
Population density (people per sq. km of land area),Myanmar,MMR,1971,42.5486106435719,,,0
Population density (people per sq. km of land area),Myanmar,MMR,1970,41.6088012975487,,,0
Population density (people per sq. km of land area),Myanmar,MMR,1969,40.6786302292132,,,0
Population density (people per sq. km of land area),Myanmar,MMR,1968,39.7675153777887,,,0
Population density (people per sq. km of land area),Myanmar,MMR,1967,38.8750941028858,,,0
Population density (people per sq. km of land area),Myanmar,MMR,1966,38.0030235333721,,,0
Population density (people per sq. km of land area),Myanmar,MMR,1965,37.1506426538544,,,0
Population density (people per sq. km of land area),Myanmar,MMR,1964,36.3211356611684,,,0
Population density (people per sq. km of land area),Myanmar,MMR,1963,35.5194907733268,,,0
Population density (people per sq. km of land area),Myanmar,MMR,1962,34.7411313768094,,,0
Population density (people per sq. km of land area),Myanmar,MMR,1961,33.9850368760902,,,0
Population density (people per sq. km of land area),Myanmar,MMR,1960,,,,0
Population density (people per sq. km of land area),Malaysia,MYS,2024,,,,0
Population density (people per sq. km of land area),Malaysia,MYS,2023,,,,0
Population density (people per sq. km of land area),Malaysia,MYS,2022,105.601865773855,,,0
Population density (people per sq. km of land area),Malaysia,MYS,2021,104.344541165728,,,0
Population density (people per sq. km of land area),Malaysia,MYS,2020,103.148860143053,,,0
Population density (people per sq. km of land area),Malaysia,MYS,2019,101.782364936844,,,0
Population density (people per sq. km of land area),Malaysia,MYS,2018,100.170345457312,,,0
Population density (people per sq. km of land area),Malaysia,MYS,2017,98.4801217470705,,,0
Population density (people per sq. km of land area),Malaysia,MYS,2016,96.7575254907929,,,0
Population density (people per sq. km of land area),Malaysia,MYS,2015,95.0625414700959,,,0
Population density (people per sq. km of land area),Malaysia,MYS,2014,93.4291188555775,,,0
Population density (people per sq. km of land area),Malaysia,MYS,2013,91.8407091766854,,,0
Population density (people per sq. km of land area),Malaysia,MYS,2012,90.2840693958302,,,0
Population density (people per sq. km of land area),Malaysia,MYS,2011,88.7598204230711,,,0
Population density (people per sq. km of land area),Malaysia,MYS,2010,87.2189194947497,,,0
Population density (people per sq. km of land area),Malaysia,MYS,2009,85.6027332217319,,,0
Population density (people per sq. km of land area),Malaysia,MYS,2008,83.9143478922538,,,0
Population density (people per sq. km of land area),Malaysia,MYS,2007,82.1743691979912,,,0
Population density (people per sq. km of land area),Malaysia,MYS,2006,80.4075757114594,,,0
Population density (people per sq. km of land area),Malaysia,MYS,2005,78.6366489118856,,,0
Population density (people per sq. km of land area),Malaysia,MYS,2004,76.8734500076092,,,0
Population density (people per sq. km of land area),Malaysia,MYS,2003,75.1167310911581,,,0
Population density (people per sq. km of land area),Malaysia,MYS,2002,73.3601491401613,,,0
Population density (people per sq. km of land area),Malaysia,MYS,2001,71.6071769898037,,,0
Population density (people per sq. km of land area),Malaysia,MYS,2000,69.9066078222493,,,0
Population density (people per sq. km of land area),Malaysia,MYS,1999,68.2865043372394,,,0
Population density (people per sq. km of land area),Malaysia,MYS,1998,66.6769532795617,,,0
Population density (people per sq. km of land area),Malaysia,MYS,1997,65.0592542991934,,,0
Population density (people per sq. km of land area),Malaysia,MYS,1996,63.4609252777355,,,0
Population density (people per sq. km of land area),Malaysia,MYS,1995,61.8797717242429,,,0
Population density (people per sq. km of land area),Malaysia,MYS,1994,60.3270308933191,,,0
Population density (people per sq. km of land area),Malaysia,MYS,1993,58.8119433876122,,,0
Population density (people per sq. km of land area),Malaysia,MYS,1992,57.3263491097245,,,0
Population density (people per sq. km of land area),Malaysia,MYS,1991,55.8285314259626,,,0
Population density (people per sq. km of land area),Malaysia,MYS,1990,54.2784081570537,,,0
Population density (people per sq. km of land area),Malaysia,MYS,1989,52.7012539948257,,,0
Population density (people per sq. km of land area),Malaysia,MYS,1988,51.1234363110638,,,0
Population density (people per sq. km of land area),Malaysia,MYS,1987,49.5411261604018,,,0
Population density (people per sq. km of land area),Malaysia,MYS,1986,47.9696210622432,,,0
Population density (people per sq. km of land area),Malaysia,MYS,1985,46.4229432354284,,,0
Population density (people per sq. km of land area),Malaysia,MYS,1984,44.9216527164815,,,0
Population density (people per sq. km of land area),Malaysia,MYS,1983,43.4816831532491,,,0
Population density (people per sq. km of land area),Malaysia,MYS,1982,42.10256581951,,,0
Population density (people per sq. km of land area),Malaysia,MYS,1981,40.7828427940953,,,0
Population density (people per sq. km of land area),Malaysia,MYS,1980,39.5171602495815,,,0
Population density (people per sq. km of land area),Malaysia,MYS,1979,38.4351301171816,,,0
Population density (people per sq. km of land area),Malaysia,MYS,1978,37.5229249733678,,,0
Population density (people per sq. km of land area),Malaysia,MYS,1977,36.6328199665196,,,0
Population density (people per sq. km of land area),Malaysia,MYS,1976,35.763497184599,,,0
Population density (people per sq. km of land area),Malaysia,MYS,1975,34.9167980520469,,,0
Population density (people per sq. km of land area),Malaysia,MYS,1974,34.0919373002587,,,0
Population density (people per sq. km of land area),Malaysia,MYS,1973,33.2844955105768,,,0
Population density (people per sq. km of land area),Malaysia,MYS,1972,32.496834576168,,,0
Population density (people per sq. km of land area),Malaysia,MYS,1971,31.7256216709785,,,0
Population density (people per sq. km of land area),Malaysia,MYS,1970,30.980983107594,,,0
Population density (people per sq. km of land area),Malaysia,MYS,1969,30.2772698219449,,,0
Population density (people per sq. km of land area),Malaysia,MYS,1968,29.6006117790291,,,0
Population density (people per sq. km of land area),Malaysia,MYS,1967,28.9365362958454,,,0
Population density (people per sq. km of land area),Malaysia,MYS,1966,28.2595891036372,,,0
Population density (people per sq. km of land area),Malaysia,MYS,1965,27.5647785725156,,,0
Population density (people per sq. km of land area),Malaysia,MYS,1964,26.8708141835337,,,0
Population density (people per sq. km of land area),Malaysia,MYS,1963,26.1821944909451,,,0
Population density (people per sq. km of land area),Malaysia,MYS,1962,25.506534774007,,,0
Population density (people per sq. km of land area),Malaysia,MYS,1961,24.8499254299193,,,0
Population density (people per sq. km of land area),Malaysia,MYS,1960,,,,0
Population density (people per sq. km of land area),Philippines,PHL,2024,,,,0
Population density (people per sq. km of land area),Philippines,PHL,2023,,,,0
Population density (people per sq. km of land area),Philippines,PHL,2022,382.21262367106,,,0
Population density (people per sq. km of land area),Philippines,PHL,2021,379.317000368917,,,0
Population density (people per sq. km of land area),Philippines,PHL,2020,375.897186168964,,,0
Population density (people per sq. km of land area),Philippines,PHL,2019,371.615799711574,,,0
Population density (people per sq. km of land area),Philippines,PHL,2018,367.123744843546,,,0
Population density (people per sq. km of land area),Philippines,PHL,2017,362.61090317604,,,0
Population density (people per sq. km of land area),Philippines,PHL,2016,357.969342992253,,,0
Population density (people per sq. km of land area),Philippines,PHL,2015,353.197813327967,,,0
Population density (people per sq. km of land area),Philippines,PHL,2014,348.013314552101,,,0
Population density (people per sq. km of land area),Philippines,PHL,2013,342.342744072174,,,0
Population density (people per sq. km of land area),Philippines,PHL,2012,335.96777677164,,,0
Population density (people per sq. km of land area),Philippines,PHL,2011,329.505362712547,,,0
Population density (people per sq. km of land area),Philippines,PHL,2010,323.094627226079,,,0
Population density (people per sq. km of land area),Philippines,PHL,2009,316.545091726196,,,0
Population density (people per sq. km of land area),Philippines,PHL,2008,310.893433276319,,,0
Population density (people per sq. km of land area),Philippines,PHL,2007,305.447174430694,,,0
Population density (people per sq. km of land area),Philippines,PHL,2006,300.194472951672,,,0
Population density (people per sq. km of land area),Philippines,PHL,2005,295.187181809035,,,0
Population density (people per sq. km of land area),Philippines,PHL,2004,289.749149813865,,,0
Population density (people per sq. km of land area),Philippines,PHL,2003,284.172904718785,,,0
Population density (people per sq. km of land area),Philippines,PHL,2002,278.59573062347,,,0
Population density (people per sq. km of land area),Philippines,PHL,2001,273.003615387195,,,0
Population density (people per sq. km of land area),Philippines,PHL,2000,267.046976556998,,,0
Population density (people per sq. km of land area),Philippines,PHL,1999,260.768209410739,,,0
Population density (people per sq. km of land area),Philippines,PHL,1998,254.187289130362,,,0
Population density (people per sq. km of land area),Philippines,PHL,1997,247.874735888922,,,0
Population density (people per sq. km of land area),Philippines,PHL,1996,242.11101720495,,,0
Population density (people per sq. km of land area),Philippines,PHL,1995,236.597397457826,,,0
Population density (people per sq. km of land area),Philippines,PHL,1994,231.476308817118,,,0
Population density (people per sq. km of land area),Philippines,PHL,1993,226.483620082503,,,0
Population density (people per sq. km of land area),Philippines,PHL,1992,221.102475098098,,,0
Population density (people per sq. km of land area),Philippines,PHL,1991,215.924636952074,,,0
Population density (people per sq. km of land area),Philippines,PHL,1990,210.801442130328,,,0
Population density (people per sq. km of land area),Philippines,PHL,1989,205.470905859074,,,0
Population density (people per sq. km of land area),Philippines,PHL,1988,200.352322500587,,,0
Population density (people per sq. km of land area),Philippines,PHL,1987,195.048113492303,,,0
Population density (people per sq. km of land area),Philippines,PHL,1986,189.975775564275,,,0
Population density (people per sq. km of land area),Philippines,PHL,1985,185.172908072576,,,0
Population density (people per sq. km of land area),Philippines,PHL,1984,180.186407083208,,,0
Population density (people per sq. km of land area),Philippines,PHL,1983,175.049870879029,,,0
Population density (people per sq. km of land area),Philippines,PHL,1982,170.022829258477,,,0
Population density (people per sq. km of land area),Philippines,PHL,1981,165.38124895194,,,0
Population density (people per sq. km of land area),Philippines,PHL,1980,161.128684978368,,,0
Population density (people per sq. km of land area),Philippines,PHL,1979,156.981262367106,,,0
Population density (people per sq. km of land area),Philippines,PHL,1978,152.84998826173,,,0
Population density (people per sq. km of land area),Philippines,PHL,1977,148.800892108529,,,0
Population density (people per sq. km of land area),Philippines,PHL,1976,144.888781567562,,,0
Population density (people per sq. km of land area),Philippines,PHL,1975,141.264466579468,,,0
Population density (people per sq. km of land area),Philippines,PHL,1974,138.08089137798,,,0
Population density (people per sq. km of land area),Philippines,PHL,1973,135.110921101164,,,0
Population density (people per sq. km of land area),Philippines,PHL,1972,132.128210286327,,,0
Population density (people per sq. km of land area),Philippines,PHL,1971,129.144568497284,,,0
Population density (people per sq. km of land area),Philippines,PHL,1970,126.138952591699,,,0
Population density (people per sq. km of land area),Philippines,PHL,1969,122.915573660565,,,0
Population density (people per sq. km of land area),Philippines,PHL,1968,119.487500838195,,,0
Population density (people per sq. km of land area),Philippines,PHL,1967,116.077650372159,,,0
Population density (people per sq. km of land area),Philippines,PHL,1966,112.710956883256,,,0
Population density (people per sq. km of land area),Philippines,PHL,1965,109.385489170522,,,0
Population density (people per sq. km of land area),Philippines,PHL,1964,106.092107557165,,,0
Population density (people per sq. km of land area),Philippines,PHL,1963,102.845607858915,,,0
Population density (people per sq. km of land area),Philippines,PHL,1962,99.6564608060082,,,0
Population density (people per sq. km of land area),Philippines,PHL,1961,96.5353081204318,,,0
Population density (people per sq. km of land area),Philippines,PHL,1960,,,,0
Population density (people per sq. km of land area),Singapore,SGP,2024,,,,0
Population density (people per sq. km of land area),Singapore,SGP,2023,,,,0
Population density (people per sq. km of land area),Singapore,SGP,2022,7851.00557103064,,,0
Population density (people per sq. km of land area),Singapore,SGP,2021,7595.49582172702,,,0
Population density (people per sq. km of land area),Singapore,SGP,2020,7918.95125348189,,,0
Population density (people per sq. km of land area),Singapore,SGP,2019,7965.87849162011,,,0
Population density (people per sq. km of land area),Singapore,SGP,2018,7897.30532212885,,,0
Population density (people per sq. km of land area),Singapore,SGP,2017,7882.37780898876,,,0
Population density (people per sq. km of land area),Singapore,SGP,2016,7908.72073342736,,,0
Population density (people per sq. km of land area),Singapore,SGP,2015,7806.77291960508,,,0
Population density (people per sq. km of land area),Singapore,SGP,2014,7714.7023977433,,,0
Population density (people per sq. km of land area),Singapore,SGP,2013,7636.72135785007,,,0
Population density (people per sq. km of land area),Singapore,SGP,2012,7524.69830028329,,,0
Population density (people per sq. km of land area),Singapore,SGP,2011,7363.19318181818,,,0
Population density (people per sq. km of land area),Singapore,SGP,2010,7231.81196581197,,,0
Population density (people per sq. km of land area),Singapore,SGP,2009,7125.10428571429,,,0
Population density (people per sq. km of land area),Singapore,SGP,2008,6913.42285714286,,,0
Population density (people per sq. km of land area),Singapore,SGP,2007,6602.30071942446,,,0
Population density (people per sq. km of land area),Singapore,SGP,2006,6342.02449567723,,,0
Population density (people per sq. km of land area),Singapore,SGP,2005,6191.23657474601,,,0
Population density (people per sq. km of land area),Singapore,SGP,2004,6047.40783744557,,,0
Population density (people per sq. km of land area),Singapore,SGP,2003,5989.55749636099,,,0
Population density (people per sq. km of land area),Singapore,SGP,2002,6186.59259259259,,,0
Population density (people per sq. km of land area),Singapore,SGP,2001,6176.13731343284,,,0
Population density (people per sq. km of land area),Singapore,SGP,2000,6011.77164179105,,,0
Population density (people per sq. km of land area),Singapore,SGP,1999,5908.54179104478,,,0
Population density (people per sq. km of land area),Singapore,SGP,1998,5861.51194029851,,,0
Population density (people per sq. km of land area),Singapore,SGP,1997,5665.72835820895,,,0
Population density (people per sq. km of land area),Singapore,SGP,1996,5478.66268656716,,,0
Population density (people per sq. km of land area),Singapore,SGP,1995,5260.45671641791,,,0
Population density (people per sq. km of land area),Singapore,SGP,1994,5103.05671641791,,,0
Population density (people per sq. km of land area),Singapore,SGP,1993,4945.47910447761,,,0
Population density (people per sq. km of land area),Singapore,SGP,1992,4821.93731343284,,,0
Population density (people per sq. km of land area),Singapore,SGP,1991,4679.22835820895,,,0
Population density (people per sq. km of land area),Singapore,SGP,1990,4547.95820895522,,,0
Population density (people per sq. km of land area),Singapore,SGP,1989,4374.47910447761,,,0
Population density (people per sq. km of land area),Singapore,SGP,1988,4247.9223880597,,,0
Population density (people per sq. km of land area),Singapore,SGP,1987,4141.47611940299,,,0
Population density (people per sq. km of land area),Singapore,SGP,1986,4079.66119402985,,,0
Population density (people per sq. km of land area),Singapore,SGP,1985,4083.51791044776,,,0
Population density (people per sq. km of land area),Singapore,SGP,1984,4077.94179104478,,,0
Population density (people per sq. km of land area),Singapore,SGP,1983,4001.58358208955,,,0
Population density (people per sq. km of land area),Singapore,SGP,1982,3949.94925373134,,,0
Population density (people per sq. km of land area),Singapore,SGP,1981,3780.35074626866,,,0
Population density (people per sq. km of land area),Singapore,SGP,1980,3602.90298507463,,,0
Population density (people per sq. km of land area),Singapore,SGP,1979,3557.46268656716,,,0
Population density (people per sq. km of land area),Singapore,SGP,1978,3512.83582089552,,,0
Population density (people per sq. km of land area),Singapore,SGP,1977,3470.59701492537,,,0
Population density (people per sq. km of land area),Singapore,SGP,1976,3422.83582089552,,,0
Population density (people per sq. km of land area),Singapore,SGP,1975,3377.01492537313,,,0
Population density (people per sq. km of land area),Singapore,SGP,1974,3328.05970149254,,,0
Population density (people per sq. km of land area),Singapore,SGP,1973,3273.13432835821,,,0
Population density (people per sq. km of land area),Singapore,SGP,1972,3212.53731343284,,,0
Population density (people per sq. km of land area),Singapore,SGP,1971,3153.58208955224,,,0
Population density (people per sq. km of land area),Singapore,SGP,1970,3096.27910447761,,,0
Population density (people per sq. km of land area),Singapore,SGP,1969,3048.50746268657,,,0
Population density (people per sq. km of land area),Singapore,SGP,1968,3002.98507462687,,,0
Population density (people per sq. km of land area),Singapore,SGP,1967,2951.64179104478,,,0
Population density (people per sq. km of land area),Singapore,SGP,1966,2887.16417910448,,,0
Population density (people per sq. km of land area),Singapore,SGP,1965,2816.26865671642,,,0
Population density (people per sq. km of land area),Singapore,SGP,1964,2748.65671641791,,,0
Population density (people per sq. km of land area),Singapore,SGP,1963,2679.10447761194,,,0
Population density (people per sq. km of land area),Singapore,SGP,1962,2612.23880597015,,,0
Population density (people per sq. km of land area),Singapore,SGP,1961,2540.89552238806,,,0
Population density (people per sq. km of land area),Singapore,SGP,1960,,,,0
Population density (people per sq. km of land area),Thailand,THA,2024,,,,0
Population density (people per sq. km of land area),Thailand,THA,2023,,,,0
Population density (people per sq. km of land area),Thailand,THA,2022,140.412474309538,,,0
Population density (people per sq. km of land area),Thailand,THA,2021,140.396821233534,,,0
Population density (people per sq. km of land area),Thailand,THA,2020,140.228785061364,,,0
Population density (people per sq. km of land area),Thailand,THA,2019,139.995441288731,,,0
Population density (people per sq. km of land area),Thailand,THA,2018,139.709289670966,,,0
Population density (people per sq. km of land area),Thailand,THA,2017,139.286709467791,,,0
Population density (people per sq. km of land area),Thailand,THA,2016,138.698821664155,,,0
Population density (people per sq. km of land area),Thailand,THA,2015,138.07433106931,,,0
Population density (people per sq. km of land area),Thailand,THA,2014,137.439305917125,,,0
Population density (people per sq. km of land area),Thailand,THA,2013,136.712626984282,,,0
Population density (people per sq. km of land area),Thailand,THA,2012,135.912031944254,,,0
Population density (people per sq. km of land area),Thailand,THA,2011,135.072536162383,,,0
Population density (people per sq. km of land area),Thailand,THA,2010,134.235250249564,,,0
Population density (people per sq. km of land area),Thailand,THA,2009,133.338057116013,,,0
Population density (people per sq. km of land area),Thailand,THA,2008,132.356926148486,,,0
Population density (people per sq. km of land area),Thailand,THA,2007,131.344113214195,,,0
Population density (people per sq. km of land area),Thailand,THA,2006,130.297494568302,,,0
Population density (people per sq. km of land area),Thailand,THA,2005,129.220419268336,,,0
Population density (people per sq. km of land area),Thailand,THA,2004,128.1137759596,,,0
Population density (people per sq. km of land area),Thailand,THA,2003,126.970905674411,,,0
Population density (people per sq. km of land area),Thailand,THA,2002,125.793100275989,,,0
Population density (people per sq. km of land area),Thailand,THA,2001,124.58873925894,,,0
Population density (people per sq. km of land area),Thailand,THA,2000,123.329513202451,,,0
Population density (people per sq. km of land area),Thailand,THA,1999,121.942185206209,,,0
Population density (people per sq. km of land area),Thailand,THA,1998,120.422458846327,,,0
Population density (people per sq. km of land area),Thailand,THA,1997,118.860388733387,,,0
Population density (people per sq. km of land area),Thailand,THA,1996,117.285646616689,,,0
Population density (people per sq. km of land area),Thailand,THA,1995,115.67701853628,,,0
Population density (people per sq. km of land area),Thailand,THA,1994,114.037961204956,,,0
Population density (people per sq. km of land area),Thailand,THA,1993,112.368999197479,,,0
Population density (people per sq. km of land area),Thailand,THA,1992,110.647759791736,,,0
Population density (people per sq. km of land area),Thailand,THA,1991,108.902961498561,,,0
Population density (people per sq. km of land area),Thailand,THA,1990,107.143081680988,,,0
Population density (people per sq. km of land area),Thailand,THA,1989,105.402250973791,,,0
Population density (people per sq. km of land area),Thailand,THA,1988,103.681017440153,,,0
Population density (people per sq. km of land area),Thailand,THA,1987,101.928213509757,,,0
Population density (people per sq. km of land area),Thailand,THA,1986,100.173880874552,,,0
Population density (people per sq. km of land area),Thailand,THA,1985,98.3983890857132,,,0
Population density (people per sq. km of land area),Thailand,THA,1984,96.5994793399753,,,0
Population density (people per sq. km of land area),Thailand,THA,1983,94.7822603691597,,,0
Population density (people per sq. km of land area),Thailand,THA,1982,92.964389594629,,,0
Population density (people per sq. km of land area),Thailand,THA,1981,91.1661120789211,,,0
Population density (people per sq. km of land area),Thailand,THA,1980,89.3539157157118,,,0
Population density (people per sq. km of land area),Thailand,THA,1979,87.5304546967057,,,0
Population density (people per sq. km of land area),Thailand,THA,1978,85.711162872634,,,0
Population density (people per sq. km of land area),Thailand,THA,1977,83.8614457123843,,,0
Population density (people per sq. km of land area),Thailand,THA,1976,82.0068977666425,,,0
Population density (people per sq. km of land area),Thailand,THA,1975,80.13467674059,,,0
Population density (people per sq. km of land area),Thailand,THA,1974,78.2025308774883,,,0
Population density (people per sq. km of land area),Thailand,THA,1973,76.2351719548239,,,0
Population density (people per sq. km of land area),Thailand,THA,1972,74.25067822819,,,0
Population density (people per sq. km of land area),Thailand,THA,1971,72.3000782947405,,,0
Population density (people per sq. km of land area),Thailand,THA,1970,70.3760261504433,,,0
Population density (people per sq. km of land area),Thailand,THA,1969,68.456579694259,,,0
Population density (people per sq. km of land area),Thailand,THA,1968,66.5555403315782,,,0
Population density (people per sq. km of land area),Thailand,THA,1967,64.6671514416019,,,0
Population density (people per sq. km of land area),Thailand,THA,1966,62.8042651059915,,,0
Population density (people per sq. km of land area),Thailand,THA,1965,60.9707314686136,,,0
Population density (people per sq. km of land area),Thailand,THA,1964,59.1754408972577,,,0
Population density (people per sq. km of land area),Thailand,THA,1963,57.4337372037033,,,0
Population density (people per sq. km of land area),Thailand,THA,1962,55.7478909354264,,,0
Population density (people per sq. km of land area),Thailand,THA,1961,54.1218931668265,,,0
Population density (people per sq. km of land area),Thailand,THA,1960,,,,0
Population density (people per sq. km of land area),Viet Nam,VNM,2024,,,,0
Population density (people per sq. km of land area),Viet Nam,VNM,2023,,,,0
Population density (people per sq. km of land area),Viet Nam,VNM,2022,318.032648542413,,,0
Population density (people per sq. km of land area),Viet Nam,VNM,2021,315.653937574379,,,0
Population density (people per sq. km of land area),Viet Nam,VNM,2020,312.923153250018,,,0
Population density (people per sq. km of land area),Viet Nam,VNM,2019,310.034412897339,,,0
Population density (people per sq. km of land area),Viet Nam,VNM,2018,307.046632570694,,,0
Population density (people per sq. km of land area),Viet Nam,VNM,2017,303.688787280275,,,0
Population density (people per sq. km of land area),Viet Nam,VNM,2016,299.948999160782,,,0
Population density (people per sq. km of land area),Viet Nam,VNM,2015,296.1974772084,,,0
Population density (people per sq. km of land area),Viet Nam,VNM,2014,292.559228518274,,,0
Population density (people per sq. km of land area),Viet Nam,VNM,2013,289.364162813695,,,0
Population density (people per sq. km of land area),Viet Nam,VNM,2012,285.558644407367,,,0
Population density (people per sq. km of land area),Viet Nam,VNM,2011,282.390144405715,,,0
Population density (people per sq. km of land area),Viet Nam,VNM,2010,279.147229120251,,,0
Population density (people per sq. km of land area),Viet Nam,VNM,2009,276.440290060813,,,0
Population density (people per sq. km of land area),Viet Nam,VNM,2008,272.308076932914,,,0
Population density (people per sq. km of land area),Viet Nam,VNM,2007,267.577137683246,,,0
Population density (people per sq. km of land area),Viet Nam,VNM,2006,262.689291708627,,,0
Population density (people per sq. km of land area),Viet Nam,VNM,2005,259.203077001761,,,0
Population density (people per sq. km of land area),Viet Nam,VNM,2004,259.099464637017,,,0
Population density (people per sq. km of land area),Viet Nam,VNM,2003,256.599403360531,,,0
Population density (people per sq. km of land area),Viet Nam,VNM,2002,253.6539172436,,,0
Population density (people per sq. km of land area),Viet Nam,VNM,2001,250.632810440708,,,0
Population density (people per sq. km of land area),Viet Nam,VNM,2000,248.035784093101,,,0
Population density (people per sq. km of land area),Viet Nam,VNM,1999,234.377252757381,,,0
Population density (people per sq. km of land area),Viet Nam,VNM,1998,231.342468278595,,,0
Population density (people per sq. km of land area),Viet Nam,VNM,1997,228.046603582291,,,0
Population density (people per sq. km of land area),Viet Nam,VNM,1996,224.757894251744,,,0
Population density (people per sq. km of land area),Viet Nam,VNM,1995,221.358382746014,,,0
Population density (people per sq. km of land area),Viet Nam,VNM,1994,217.685308304403,,,0
Population density (people per sq. km of land area),Viet Nam,VNM,1993,213.789621800977,,,0
Population density (people per sq. km of land area),Viet Nam,VNM,1992,209.715619527482,,,0
Population density (people per sq. km of land area),Viet Nam,VNM,1991,205.510998801806,,,0
Population density (people per sq. km of land area),Viet Nam,VNM,1990,201.249046053642,,,0
Population density (people per sq. km of land area),Viet Nam,VNM,1989,197.079320409229,,,0
Population density (people per sq. km of land area),Viet Nam,VNM,1988,193.072684260653,,,0
Population density (people per sq. km of land area),Viet Nam,VNM,1987,189.205969461427,,,0
Population density (people per sq. km of land area),Viet Nam,VNM,1986,185.403692893791,,,0
Population density (people per sq. km of land area),Viet Nam,VNM,1985,181.4514178623,,,0
Population density (people per sq. km of land area),Viet Nam,VNM,1984,177.289830716765,,,0
Population density (people per sq. km of land area),Viet Nam,VNM,1983,173.086488064149,,,0
Population density (people per sq. km of land area),Viet Nam,VNM,1982,169.010688500415,,,0
Population density (people per sq. km of land area),Viet Nam,VNM,1981,165.09920734892,,,0
Population density (people per sq. km of land area),Viet Nam,VNM,1980,161.264865280039,,,0
Population density (people per sq. km of land area),Viet Nam,VNM,1979,157.848815631817,,,0
Population density (people per sq. km of land area),Viet Nam,VNM,1978,154.381246735691,,,0
Population density (people per sq. km of land area),Viet Nam,VNM,1977,150.403613014225,,,0
Population density (people per sq. km of land area),Viet Nam,VNM,1976,146.501984699991,,,0
Population density (people per sq. km of land area),Viet Nam,VNM,1975,142.809004884943,,,0
Population density (people per sq. km of land area),Viet Nam,VNM,1974,139.523601339519,,,0
Population density (people per sq. km of land area),Viet Nam,VNM,1973,136.440016590371,,,0
Population density (people per sq. km of land area),Viet Nam,VNM,1972,133.427042305447,,,0
Population density (people per sq. km of land area),Viet Nam,VNM,1971,130.41652892562,,,0
Population density (people per sq. km of land area),Viet Nam,VNM,1970,127.423976159022,,,0
Population density (people per sq. km of land area),Viet Nam,VNM,1969,124.680008602415,,,0
Population density (people per sq. km of land area),Viet Nam,VNM,1968,122.076281913423,,,0
Population density (people per sq. km of land area),Viet Nam,VNM,1967,119.497004516268,,,0
Population density (people per sq. km of land area),Viet Nam,VNM,1966,116.82336170082,,,0
Population density (people per sq. km of land area),Viet Nam,VNM,1965,114.073108236812,,,0
Population density (people per sq. km of land area),Viet Nam,VNM,1964,111.221736458877,,,0
Population density (people per sq. km of land area),Viet Nam,VNM,1963,108.295496021383,,,0
Population density (people per sq. km of land area),Viet Nam,VNM,1962,105.34443454484,,,0
Population density (people per sq. km of land area),Viet Nam,VNM,1961,102.642351531537,,,0
Population density (people per sq. km of land area),Viet Nam,VNM,1960,,,,0
