"DATASET","SERIES_CODE","OBS_MEASURE","COUNTRY","INDICATOR","TYPE_OF_TRANSFORMATION","FREQUENCY","SCALE","2016","2017","2018","2019","2020","2021","2022","2023"
"IMF.STA:FAS(4.0.0)","ZWE.FA65.POGDP.A","OBS_VALUE","Zimbabwe","Value of mobile money transactions (during the reference year)","Percent of GDP","Annual","Units","28.30352381645416","81.76162552111127","63.41012707881038","54.13707044068592","25.05382726933137","20.36137455708725","14.18105263906246","1.494561669799075"
"IMF.STA:FAS(4.0.0)","BGR.FA65.POGDP.A","OBS_VALUE","Bulgaria","Value of mobile money transactions (during the reference year)","Percent of GDP","Annual","Units","","","","","","","",""
"IMF.STA:FAS(4.0.0)","CMR.FA65.POGDP.A","OBS_VALUE","Cameroon","Value of mobile money transactions (during the reference year)","Percent of GDP","Annual","Units","4.34168293280068","16.4489060923774","29.1378045015997","39.8879316004509","53.4095997045533","","",""
"IMF.STA:FAS(4.0.0)","LVA.FA65.XDC.A","OBS_VALUE","Latvia, Republic of","Value of mobile money transactions (during the reference year)","Domestic currency","Annual","Millions","","","","","","","",""
"IMF.STA:FAS(4.0.0)","COM.FA65.XDC.A","OBS_VALUE","Comoros, Union of the","Value of mobile money transactions (during the reference year)","Domestic currency","Annual","Millions","","","","","","","",""
"IMF.STA:FAS(4.0.0)","TON.FA65.POGDP.A","OBS_VALUE","Tonga","Value of mobile money transactions (during the reference year)","Percent of GDP","Annual","Units","3.64576112179641","3.63576297616089","5.12445483953049","","","","",""
"IMF.STA:FAS(4.0.0)","SLB.FA65.POGDP.A","OBS_VALUE","Solomon Islands","Value of mobile money transactions (during the reference year)","Percent of GDP","Annual","Units","","","","","","","",""
"IMF.STA:FAS(4.0.0)","AUT.FA65.POGDP.A","OBS_VALUE","Austria","Value of mobile money transactions (during the reference year)","Percent of GDP","Annual","Units","","","","","","","",""
"IMF.STA:FAS(4.0.0)","SMR.FA65.POGDP.A","OBS_VALUE","San Marino, Republic of","Value of mobile money transactions (during the reference year)","Percent of GDP","Annual","Units","","","","","","","",""
"IMF.STA:FAS(4.0.0)","NOR.FA65.POGDP.A","OBS_VALUE","Norway","Value of mobile money transactions (during the reference year)","Percent of GDP","Annual","Units","","","","","","","",""
"IMF.STA:FAS(4.0.0)","IDN.FA65.XDC.A","OBS_VALUE","Indonesia","Value of mobile money transactions (during the reference year)","Domestic currency","Annual","Millions","7063688.968575","1.2375468717372E7","4.71986161051483E7","1.45165467602595E8","2.04909169984853E8","3.05435828472424E8","4.07534241472589E8","4.57729193839782E8"
"IMF.STA:FAS(4.0.0)","SMR.FA65.XDC.A","OBS_VALUE","San Marino, Republic of","Value of mobile money transactions (during the reference year)","Domestic currency","Annual","Millions","","","","","","","",""
"IMF.STA:FAS(4.0.0)","MLI.FA65.POGDP.A","OBS_VALUE","Mali","Value of mobile money transactions (during the reference year)","Percent of GDP","Annual","Units","26.38260858057379","30.40222680380018","34.10440888299006","37.3195058543415","37.58625061305551","64.47882883870979","102.8111265454637","124.6652465516605"
"IMF.STA:FAS(4.0.0)","BWA.FA65.POGDP.A","OBS_VALUE","Botswana","Value of mobile money transactions (during the reference year)","Percent of GDP","Annual","Units","2.488882050297944","3.402406311959368","5.679347899043801","7.06833191048641","10.95363134460113","14.21390734624615","13.83563024663493","15.39326203067883"
"IMF.STA:FAS(4.0.0)","TCD.FA65.XDC.A","OBS_VALUE","Chad","Value of mobile money transactions (during the reference year)","Domestic currency","Annual","Millions","2854.0","77975.0","","","183.0","","2840.0",""
"IMF.STA:FAS(4.0.0)","NER.FA65.XDC.A","OBS_VALUE","Niger","Value of mobile money transactions (during the reference year)","Domestic currency","Annual","Millions","215519.0","224890.0","196431.0","200009.0","177958.0","345901.0","205248.0","222831.0"
"IMF.STA:FAS(4.0.0)","NOR.FA65.XDC.A","OBS_VALUE","Norway","Value of mobile money transactions (during the reference year)","Domestic currency","Annual","Millions","","","","","","","",""
"IMF.STA:FAS(4.0.0)","BGR.FA65.XDC.A","OBS_VALUE","Bulgaria","Value of mobile money transactions (during the reference year)","Domestic currency","Annual","Millions","","","","","","","",""
"IMF.STA:FAS(4.0.0)","MOZ.FA65.POGDP.A","OBS_VALUE","Mozambique, Republic of","Value of mobile money transactions (during the reference year)","Percent of GDP","Annual","Units","0.9934027939769274","17.50328111569224","15.90927652440717","37.94155987537903","54.09400497192169","66.67905301272702","71.70553904019438","89.87832419205773"
"IMF.STA:FAS(4.0.0)","MMR.FA65.XDC.A","OBS_VALUE","Myanmar","Value of mobile money transactions (during the reference year)","Domestic currency","Annual","Millions","1536799.0","2079070.413676","618959.0","3760753.93863","","","",""
"IMF.STA:FAS(4.0.0)","BEN.FA65.POGDP.A","OBS_VALUE","Benin","Value of mobile money transactions (during the reference year)","Percent of GDP","Annual","Units","13.12622140886166","25.47694927721085","30.12466268762379","33.43031614952204","48.25380733839283","62.42006149888149","74.49157479521105","90.60760851258617"
"IMF.STA:FAS(4.0.0)","GNB.FA65.POGDP.A","OBS_VALUE","Guinea-Bissau","Value of mobile money transactions (during the reference year)","Percent of GDP","Annual","Units","0.08023441460049496","0.3667024777606077","1.728144497809411","5.992355412466717","16.73463464687311","29.68434173115875","20.71999610934244","46.89544565877149"
"IMF.STA:FAS(4.0.0)","BFA.FA65.POGDP.A","OBS_VALUE","Burkina Faso","Value of mobile money transactions (during the reference year)","Percent of GDP","Annual","Units","31.75126819119165","48.01869642409586","52.93463769480475","59.02836785361241","72.84302862853632","86.26720393343633","114.529754187774","134.9473910162775"
"IMF.STA:FAS(4.0.0)","BGD.FA65.XDC.A","OBS_VALUE","Bangladesh","Value of mobile money transactions (during the reference year)","Domestic currency","Annual","Millions","2343400.00387261","3146580.35905975","3789756.42160808","4343184.00355767","5613958.77509044","8850898.55842311","1.07599442598812E7","1.35290710687729E7"
"IMF.STA:FAS(4.0.0)","LSO.FA65.XDC.A","OBS_VALUE","Lesotho, Kingdom of","Value of mobile money transactions (during the reference year)","Domestic currency","Annual","Millions","4211.99","5941.1","8075.0","10658.0","13388.0","13567.0","23983.173292","28922.0"
"IMF.STA:FAS(4.0.0)","ARM.FA65.XDC.A","OBS_VALUE","Armenia, Republic of","Value of mobile money transactions (during the reference year)","Domestic currency","Annual","Millions","","","","","","","",""
"IMF.STA:FAS(4.0.0)","NAM.FA65.XDC.A","OBS_VALUE","Namibia","Value of mobile money transactions (during the reference year)","Domestic currency","Annual","Millions","2932.0","10250.79704351","5419.046","8784.77","","11290.00704852","12248.6228598",""
"IMF.STA:FAS(4.0.0)","FJI.FA65.XDC.A","OBS_VALUE","Fiji, Republic of","Value of mobile money transactions (during the reference year)","Domestic currency","Annual","Millions","38.8","71.36","294.0","95.0","192.32781046","","1760.0",""
"IMF.STA:FAS(4.0.0)","BFA.FA65.XDC.A","OBS_VALUE","Burkina Faso","Value of mobile money transactions (during the reference year)","Domestic currency","Annual","Millions","2414723.0","3933355.0","4672054.0","5545008.0","7431641.0","9396861.0","1.3444985E7","1.6636717E7"
"IMF.STA:FAS(4.0.0)","WSM.FA65.XDC.A","OBS_VALUE","Samoa","Value of mobile money transactions (during the reference year)","Domestic currency","Annual","Millions","22.135","22.513","21.137","23.215","22.939","24.635","44.562","37.76"
"IMF.STA:FAS(4.0.0)","TGO.FA65.XDC.A","OBS_VALUE","Togo","Value of mobile money transactions (during the reference year)","Domestic currency","Annual","Millions","263122.0","394346.0","607839.0","910665.0","1488691.0","1942871.0","2890176.0","3540863.0"
"IMF.STA:FAS(4.0.0)","LBR.FA65.XDC.A","OBS_VALUE","Liberia","Value of mobile money transactions (during the reference year)","Domestic currency","Annual","Millions","","20.445593","42.333266","82.0","495.0","421.0","549.0","584.0"
"IMF.STA:FAS(4.0.0)","CIV.FA65.POGDP.A","OBS_VALUE","Côte d'Ivoire","Value of mobile money transactions (during the reference year)","Percent of GDP","Annual","Units","17.16258095952513","21.42776019937526","29.85089292309201","30.45595716758892","38.41691440668505","53.26880151859227","73.67418537223425",""
"IMF.STA:FAS(4.0.0)","BEN.FA65.XDC.A","OBS_VALUE","Benin","Value of mobile money transactions (during the reference year)","Domestic currency","Annual","Millions","919522.0","1879002.0","2386477.0","2818927.0","4347094.0","6123217.0","8085694.0","1.0813924E7"
"IMF.STA:FAS(4.0.0)","KEN.FA65.XDC.A","OBS_VALUE","Kenya","Value of mobile money transactions (during the reference year)","Domestic currency","Annual","Millions","3355577.0","3638474.0","3984370.0","4345761.3973471","5213548.5141293","6868770.0","7908830.0","7883500.0"
"IMF.STA:FAS(4.0.0)","MDG.FA65.POGDP.A","OBS_VALUE","Madagascar, Republic of","Value of mobile money transactions (during the reference year)","Percent of GDP","Annual","Units","12.76442649778489","17.85438124480913","2.69399233404126","41.45871311726967","49.59177295328622","59.29728219492525","71.82801093295522",""
"IMF.STA:FAS(4.0.0)","LVA.FA65.POGDP.A","OBS_VALUE","Latvia, Republic of","Value of mobile money transactions (during the reference year)","Percent of GDP","Annual","Units","","","","","","","",""
"IMF.STA:FAS(4.0.0)","GRC.FA65.XDC.A","OBS_VALUE","Greece","Value of mobile money transactions (during the reference year)","Domestic currency","Annual","Millions","","","","","","","",""
"IMF.STA:FAS(4.0.0)","AUT.FA65.XDC.A","OBS_VALUE","Austria","Value of mobile money transactions (during the reference year)","Domestic currency","Annual","Millions","","","","","","","",""
"IMF.STA:FAS(4.0.0)","GEO.FA65.POGDP.A","OBS_VALUE","Georgia","Value of mobile money transactions (during the reference year)","Percent of GDP","Annual","Units","","","","","","","",""
"IMF.STA:FAS(4.0.0)","COD.FA65.XDC.A","OBS_VALUE","Congo, Democratic Republic of the","Value of mobile money transactions (during the reference year)","Domestic currency","Annual","Millions","","","9972222.97331254","1.20679641594552E7","2.00389396449199E7","","",""
"IMF.STA:FAS(4.0.0)","PAK.FA65.POGDP.A","OBS_VALUE","Pakistan","Value of mobile money transactions (during the reference year)","Percent of GDP","Annual","Units","6.629603518699086","7.88687951861145","9.336799980435858","10.28526153447501","14.27367584539546","16.06726187395022","18.910265181211","21.62790714775356"
"IMF.STA:FAS(4.0.0)","MWI.FA65.XDC.A","OBS_VALUE","Malawi","Value of mobile money transactions (during the reference year)","Domestic currency","Annual","Millions","303806.0","521326.0","952855.0","1672980.0","2520290.1","","6750387.19912129",""
"IMF.STA:FAS(4.0.0)","SLB.FA65.XDC.A","OBS_VALUE","Solomon Islands","Value of mobile money transactions (during the reference year)","Domestic currency","Annual","Millions","","","","","","","",""
"IMF.STA:FAS(4.0.0)","RWA.FA65.XDC.A","OBS_VALUE","Rwanda","Value of mobile money transactions (during the reference year)","Domestic currency","Annual","Millions","1040459.0","1384685.53439154","1808943.33716827","2349788.0","7176619.576864","1.0439128984559E7","1.4602901E7","2.0776838E7"
"IMF.STA:FAS(4.0.0)","SEN.FA65.POGDP.A","OBS_VALUE","Senegal","Value of mobile money transactions (during the reference year)","Percent of GDP","Annual","Units","5.061835993348102","10.34795857804707","21.17519425486893","33.9695167800789","65.01667915537607","113.9839287014275","155.5757288837804","207.1386858256363"
"IMF.STA:FAS(4.0.0)","MAR.FA65.XDC.A","OBS_VALUE","Morocco","Value of mobile money transactions (during the reference year)","Domestic currency","Annual","Millions","","","","","445.31130507","1116.583499699","1739.4253154076","2119.41504279"
"IMF.STA:FAS(4.0.0)","TGO.FA65.POGDP.A","OBS_VALUE","Togo","Value of mobile money transactions (during the reference year)","Percent of GDP","Annual","Units","7.313393425444923","10.63242470813449","15.56805142915685","22.22706304459252","34.94990022303087","41.99866840465799","56.7169369224399","63.65012825790355"
"IMF.STA:FAS(4.0.0)","SEN.FA65.XDC.A","OBS_VALUE","Senegal","Value of mobile money transactions (during the reference year)","Domestic currency","Annual","Millions","571147.0","1261602.0","2718914.0","4658124.0","9179978.0","1.7395223E7","2.6802459E7","3.8967232E7"
"IMF.STA:FAS(4.0.0)","ZWE.FA65.XDC.A","OBS_VALUE","Zimbabwe","Value of mobile money transactions (during the reference year)","Domestic currency","Annual","Millions","5816.0","18021.0","44142.0","114865.0","345441.0","649515.07","1756810.89","1866524.0"
"IMF.STA:FAS(4.0.0)","FJI.FA65.POGDP.A","OBS_VALUE","Fiji, Republic of","Value of mobile money transactions (during the reference year)","Percent of GDP","Annual","Units","0.375703276833629","0.644919224047939","2.52348480273336","0.802187963448263","1.98075871224233","","16.1733472207831",""
"IMF.STA:FAS(4.0.0)","KEN.FA65.POGDP.A","OBS_VALUE","Kenya","Value of mobile money transactions (during the reference year)","Percent of GDP","Annual","Units","44.18684119596569","42.88935704522104","42.65780557320011","42.44849855194517","48.65622449624034","57.10810629696777","59.16089806213786","52.46860336278257"
"IMF.STA:FAS(4.0.0)","PHL.FA65.POGDP.A","OBS_VALUE","Philippines","Value of mobile money transactions (during the reference year)","Percent of GDP","Annual","Units","6.31826757702342","5.814819301438256","6.046238787830315","9.908481550914521","25.28056600134213","58.92976955532865","86.49603526407509","89.90778398295254"
"IMF.STA:FAS(4.0.0)","QAT.FA65.POGDP.A","OBS_VALUE","Qatar","Value of mobile money transactions (during the reference year)","Percent of GDP","Annual","Units","0.4485944112394304","0.09311037697042561","0.1730753932616201","0.2052986956580708","","0.5021212023832892","",""
"IMF.STA:FAS(4.0.0)","LBR.FA65.POGDP.A","OBS_VALUE","Liberia","Value of mobile money transactions (during the reference year)","Percent of GDP","Annual","Units","","0.6029897218376576","1.236818541602805","2.470179734193599","15.58502235147233","11.98389028117087","13.72140842134571","13.48107109879963"
"IMF.STA:FAS(4.0.0)","PHL.FA65.XDC.A","OBS_VALUE","Philippines","Value of mobile money transactions (during the reference year)","Domestic currency","Annual","Millions","956104.35205051","962739.34284607","1104357.0180502","1933923.87153036","4538259.40464334","1.14386303859909E7","1.90535856691249E7","2.18643246043565E7"
"IMF.STA:FAS(4.0.0)","COD.FA65.POGDP.A","OBS_VALUE","Congo, Democratic Republic of the","Value of mobile money transactions (during the reference year)","Percent of GDP","Annual","Units","","","12.9206444301828","14.1453257640485","22.2207882272866","","",""
"IMF.STA:FAS(4.0.0)","MLI.FA65.XDC.A","OBS_VALUE","Mali","Value of mobile money transactions (during the reference year)","Domestic currency","Annual","Millions","2192900.0","2712549.0","3233764.0","3778484.0","3778484.0","6904193.0","1.2043715E7","1.5807901E7"
"IMF.STA:FAS(4.0.0)","JOR.FA65.POGDP.A","OBS_VALUE","Jordan","Value of mobile money transactions (during the reference year)","Percent of GDP","Annual","Units","6.990609313264678E-4","0.021867386419591","0.2464912712813141","0.5095420451308669","3.489252938511642","6.425273203375866","3.001977098643326","8.615807438922904"
"IMF.STA:FAS(4.0.0)","WSM.FA65.POGDP.A","OBS_VALUE","Samoa","Value of mobile money transactions (during the reference year)","Percent of GDP","Annual","Units","1.003500396163913","1.003423710403529","0.9375821443408975","0.9713028235603631","0.978571798797038","1.135539486582196","2.053390266583619","1.480459715675673"
"IMF.STA:FAS(4.0.0)","MAR.FA65.POGDP.A","OBS_VALUE","Morocco","Value of mobile money transactions (during the reference year)","Percent of GDP","Annual","Units","","","","","0.03863949606543124","0.08759393185356551","0.1307683234177895","0.1482272983685428"
"IMF.STA:FAS(4.0.0)","RWA.FA65.POGDP.A","OBS_VALUE","Rwanda","Value of mobile money transactions (during the reference year)","Percent of GDP","Annual","Units","15.19946486426","17.99640528727798","21.79676700283343","25.24577637658837","74.77767209012224","95.392312918001","106.4370701771483","127.038142862375"
"IMF.STA:FAS(4.0.0)","CIV.FA65.XDC.A","OBS_VALUE","Côte d'Ivoire","Value of mobile money transactions (during the reference year)","Domestic currency","Annual","Millions","4923380.0","6533677.0","9703362.0","1.0775014E7","1.3936869E7","2.1502942E7","3.2248058E7",""
"IMF.STA:FAS(4.0.0)","BGD.FA65.POGDP.A","OBS_VALUE","Bangladesh","Value of mobile money transactions (during the reference year)","Percent of GDP","Annual","Units","11.28902680424922","13.53771291101172","14.35922762095795","14.71553182995173","17.70702715216378","25.07205446701575","27.09142138114695","30.1259139656891"
"IMF.STA:FAS(4.0.0)","GIN.FA65.XDC.A","OBS_VALUE","Guinea","Value of mobile money transactions (during the reference year)","Domestic currency","Annual","Millions","6414621.0","1.8470658E7","4.5781799E7","4.808565E7","1.07172789E8","1.56850197E8","1.82040566E8","2.11204627E8"
"IMF.STA:FAS(4.0.0)","GNB.FA65.XDC.A","OBS_VALUE","Guinea-Bissau","Value of mobile money transactions (during the reference year)","Domestic currency","Annual","Millions","592.0","3130.0","14918.0","52190.0","146456.0","283877.0","221544.0","559367.0"
"IMF.STA:FAS(4.0.0)","QAT.FA65.XDC.A","OBS_VALUE","Qatar","Value of mobile money transactions (during the reference year)","Domestic currency","Annual","Millions","2477.61","546.0","1155.0","1318.0","","3285.0","",""
"IMF.STA:FAS(4.0.0)","COM.FA65.POGDP.A","OBS_VALUE","Comoros, Union of the","Value of mobile money transactions (during the reference year)","Percent of GDP","Annual","Units","","","","","","","",""
"IMF.STA:FAS(4.0.0)","ARM.FA65.POGDP.A","OBS_VALUE","Armenia, Republic of","Value of mobile money transactions (during the reference year)","Percent of GDP","Annual","Units","","","","","","","",""
"IMF.STA:FAS(4.0.0)","GIN.FA65.POGDP.A","OBS_VALUE","Guinea","Value of mobile money transactions (during the reference year)","Percent of GDP","Annual","Units","8.321177188355373","19.68442232680504","42.84868179307747","38.9491300671403","79.02889021792403","99.8380302839723","99.71033399264267","100.6151633802424"
"IMF.STA:FAS(4.0.0)","AFG.FA65.XDC.A","OBS_VALUE","Afghanistan, Islamic Republic of","Value of mobile money transactions (during the reference year)","Domestic currency","Annual","Millions","9174.785515","14381.002624","16399.0","2570.0","","","",""
"IMF.STA:FAS(4.0.0)","IDN.FA65.POGDP.A","OBS_VALUE","Indonesia","Value of mobile money transactions (during the reference year)","Percent of GDP","Annual","Units","0.05695729404635007","0.09106421959018945","0.3180766373215403","0.9168736856286827","1.326843771110882","1.799141786763892","2.08052057935771","2.190890966654751"
"IMF.STA:FAS(4.0.0)","UGA.FA65.XDC.A","OBS_VALUE","Uganda","Value of mobile money transactions (during the reference year)","Domestic currency","Annual","Millions","4.38284044990358E7","5.65181910476819E7","7.14007478775298E7","7.30918521903627E7","9.37286115077749E7","1.38920750686578E8","",""
"IMF.STA:FAS(4.0.0)","MOZ.FA65.XDC.A","OBS_VALUE","Mozambique, Republic of","Value of mobile money transactions (during the reference year)","Domestic currency","Annual","Millions","7560.08242411667","147626.732868313","144128.550630575","368145.900177748","534915.850515903","705758.93670917","842749.3100028","1184254.43421294"
"IMF.STA:FAS(4.0.0)","TON.FA65.XDC.A","OBS_VALUE","Tonga","Value of mobile money transactions (during the reference year)","Domestic currency","Annual","Millions","34.0","37.0","55.0","","","","",""
"IMF.STA:FAS(4.0.0)","GEO.FA65.XDC.A","OBS_VALUE","Georgia","Value of mobile money transactions (during the reference year)","Domestic currency","Annual","Millions","","","","","","","",""
"IMF.STA:FAS(4.0.0)","LSO.FA65.POGDP.A","OBS_VALUE","Lesotho, Kingdom of","Value of mobile money transactions (during the reference year)","Percent of GDP","Annual","Units","13.54233522165934","19.33035202823691","23.86992002098779","30.8552911856502","39.61402259941523","38.14272798516771","64.0420644295096","76.61473271058304"
"IMF.STA:FAS(4.0.0)","GRC.FA65.POGDP.A","OBS_VALUE","Greece","Value of mobile money transactions (during the reference year)","Percent of GDP","Annual","Units","","","","","","","",""
"IMF.STA:FAS(4.0.0)","ZAF.FA65.POGDP.A","OBS_VALUE","South Africa","Value of mobile money transactions (during the reference year)","Percent of GDP","Annual","Units","0.02582174420857415","","","","4.310365258624637E-4","0.01428737890493259","0.02583431935899358","0.1023109458269812"
"IMF.STA:FAS(4.0.0)","NER.FA65.POGDP.A","OBS_VALUE","Niger","Value of mobile money transactions (during the reference year)","Percent of GDP","Annual","Units","3.497308851192323","3.462666211430191","2.754824151275634","2.648377772992045","2.249435305023099","4.182181859328921","2.132000339377333","2.184189374632425"
"IMF.STA:FAS(4.0.0)","MMR.FA65.POGDP.A","OBS_VALUE","Myanmar","Value of mobile money transactions (during the reference year)","Percent of GDP","Annual","Units","1.85828121093789","2.24064427865941","0.588037066171096","3.22594094676477","","","",""
"IMF.STA:FAS(4.0.0)","AFG.FA65.POGDP.A","OBS_VALUE","Afghanistan, Islamic Republic of","Value of mobile money transactions (during the reference year)","Percent of GDP","Annual","Units","0.750237866268342","1.11874340479694","1.23515241696883","0.174877957588014","","","",""
"IMF.STA:FAS(4.0.0)","TCD.FA65.POGDP.A","OBS_VALUE","Chad","Value of mobile money transactions (during the reference year)","Percent of GDP","Annual","Units","0.04769385026737968","1.342823017820583","","","0.002967103095645136","","0.03583896173822776",""
"IMF.STA:FAS(4.0.0)","CMR.FA65.XDC.A","OBS_VALUE","Cameroon","Value of mobile money transactions (during the reference year)","Domestic currency","Annual","Millions","870011.0","3447833.0","6469562.596867","9271416.0","1.254402961173E7","","",""
"IMF.STA:FAS(4.0.0)","JOR.FA65.XDC.A","OBS_VALUE","Jordan","Value of mobile money transactions (during the reference year)","Domestic currency","Annual","Millions","0.198","6.460061","75.902824","161.0","1082.62","2112.00215075602","1037.0","3108.38396"
"IMF.STA:FAS(4.0.0)","GHA.FA65.POGDP.A","OBS_VALUE","Ghana","Value of mobile money transactions (during the reference year)","Percent of GDP","Annual","Units","35.75174509964283","59.30214845753329","72.33193354954646","86.76405143675939","143.9390836961367","179.55579222554","174.5461048875522","228.1129848042983"
"IMF.STA:FAS(4.0.0)","ZAF.FA65.XDC.A","OBS_VALUE","South Africa","Value of mobile money transactions (during the reference year)","Domestic currency","Annual","Millions","1229.0","","","","24.0","887.072763","1712.44089197","7131.23940134"
"IMF.STA:FAS(4.0.0)","MDG.FA65.XDC.A","OBS_VALUE","Madagascar, Republic of","Value of mobile money transactions (during the reference year)","Domestic currency","Annual","Millions","4804222.0","7330802.28394","1236173.458713","2.1158544E7","2.4516015E7","3.30549057936041E7","4.50224156281672E7",""
"IMF.STA:FAS(4.0.0)","UGA.FA65.POGDP.A","OBS_VALUE","Uganda","Value of mobile money transactions (during the reference year)","Percent of GDP","Annual","Units","43.58930519044301","52.08183871412438","59.26121903759526","55.33498130840647","67.09804010412901","93.66901674439833","",""
"IMF.STA:FAS(4.0.0)","PAK.FA65.XDC.A","OBS_VALUE","Pakistan","Value of mobile money transactions (during the reference year)","Domestic currency","Annual","Millions","2169541.0","2804008.0","3659074.17241285","4504780.09076812","6785763.87623521","8971352.49127806","1.26017386668542E7","1.81823122252573E7"
"IMF.STA:FAS(4.0.0)","BWA.FA65.XDC.A","OBS_VALUE","Botswana","Value of mobile money transactions (during the reference year)","Domestic currency","Annual","Millions","4092.175341","5670.0","9866.469554","12716.045275","18773.28804021","29550.22764099","34777.019814023","40593.91883478"
"IMF.STA:FAS(4.0.0)","MWI.FA65.POGDP.A","OBS_VALUE","Malawi","Value of mobile money transactions (during the reference year)","Percent of GDP","Annual","Units","5.34933268250278","7.98205665584276","13.1683651329337","20.3529187200793","27.890468367605","","54.0299699388191",""
"IMF.STA:FAS(4.0.0)","GHA.FA65.XDC.A","OBS_VALUE","Ghana","Value of mobile money transactions (during the reference year)","Domestic currency","Annual","Millions","78508.9","155844.84","223207.23","309352.25","564155.9","829000.0","1072300.0","1919874.0"
"IMF.STA:FAS(4.0.0)","PLW.FA65.XDC.A","OBS_VALUE","Palau, Republic of","Value of mobile money transactions (during the reference year)","Domestic currency","Annual","Millions","","","","","","","",""
"IMF.STA:FAS(4.0.0)","EST.FA65.XDC.A","OBS_VALUE","Estonia, Republic of","Value of mobile money transactions (during the reference year)","Domestic currency","Annual","Millions","","","","","","","",""
"IMF.STA:FAS(4.0.0)","EST.FA65.POGDP.A","OBS_VALUE","Estonia, Republic of","Value of mobile money transactions (during the reference year)","Percent of GDP","Annual","Units","","","","","","","",""
"IMF.STA:FAS(4.0.0)","DNK.FA65.POGDP.A","OBS_VALUE","Denmark","Value of mobile money transactions (during the reference year)","Percent of GDP","Annual","Units","","","","","","","",""
"IMF.STA:FAS(4.0.0)","DNK.FA65.XDC.A","OBS_VALUE","Denmark","Value of mobile money transactions (during the reference year)","Domestic currency","Annual","Millions","","","","","","","",""
"IMF.STA:FAS(4.0.0)","ISL.FA65.XDC.A","OBS_VALUE","Iceland","Value of mobile money transactions (during the reference year)","Domestic currency","Annual","Millions","","","","","","","",""
"IMF.STA:FAS(4.0.0)","PLW.FA65.POGDP.A","OBS_VALUE","Palau, Republic of","Value of mobile money transactions (during the reference year)","Percent of GDP","Annual","Units","","","","","","","",""
"IMF.STA:FAS(4.0.0)","ISL.FA65.POGDP.A","OBS_VALUE","Iceland","Value of mobile money transactions (during the reference year)","Percent of GDP","Annual","Units","","","","","","","",""
"IMF.STA:FAS(4.0.0)","FRA.FA65.POGDP.A","OBS_VALUE","France","Value of mobile money transactions (during the reference year)","Percent of GDP","Annual","Units","","","","","","","",""
"IMF.STA:FAS(4.0.0)","FRA.FA65.XDC.A","OBS_VALUE","France","Value of mobile money transactions (during the reference year)","Domestic currency","Annual","Millions","","","","","","","",""
"IMF.STA:FAS(4.0.0)","MUS.FA65.POGDP.A","OBS_VALUE","Mauritius","Value of mobile money transactions (during the reference year)","Percent of GDP","Annual","Units","0.004691479379831107","0.005217177986765667","0.006219415374954754","0.03659384348613964","0.1751048178330667","0.6068752839077123","0.7556544520863314","1.01700752163359"
"IMF.STA:FAS(4.0.0)","MUS.FA65.XDC.A","OBS_VALUE","Mauritius","Value of mobile money transactions (during the reference year)","Domestic currency","Annual","Millions","21.0","24.67","31.1","187.4","786.0","2905.76134062","4316.25289105","6628.02107984"
"IMF.STA:FAS(4.0.0)","KAZ.FA65.POGDP.A","OBS_VALUE","Kazakhstan, Republic of","Value of mobile money transactions (during the reference year)","Percent of GDP","Annual","Units","","","","","","","",""
"IMF.STA:FAS(4.0.0)","KAZ.FA65.XDC.A","OBS_VALUE","Kazakhstan, Republic of","Value of mobile money transactions (during the reference year)","Domestic currency","Annual","Millions","","","","","","","",""
"IMF.STA:FAS(4.0.0)","GNQ.FA65.XDC.A","OBS_VALUE","Equatorial Guinea, Republic of","Value of mobile money transactions (during the reference year)","Domestic currency","Annual","Millions","","","","","","","",""
"IMF.STA:FAS(4.0.0)","WBG.FA65.XDC.A","OBS_VALUE","West Bank and Gaza","Value of mobile money transactions (during the reference year)","Domestic currency","Annual","Millions","","","","","","55.3","",""
"IMF.STA:FAS(4.0.0)","WBG.FA65.POGDP.A","OBS_VALUE","West Bank and Gaza","Value of mobile money transactions (during the reference year)","Percent of GDP","Annual","Units","","","","","","0.3053730189408581","",""
"IMF.STA:FAS(4.0.0)","GNQ.FA65.POGDP.A","OBS_VALUE","Equatorial Guinea, Republic of","Value of mobile money transactions (during the reference year)","Percent of GDP","Annual","Units","","","","","","","",""
"IMF.STA:FAS(4.0.0)","ABW.FA65.XDC.A","OBS_VALUE","Aruba, Kingdom of the Netherlands","Value of mobile money transactions (during the reference year)","Domestic currency","Annual","Millions","","","","","","","",""
"IMF.STA:FAS(4.0.0)","ABW.FA65.POGDP.A","OBS_VALUE","Aruba, Kingdom of the Netherlands","Value of mobile money transactions (during the reference year)","Percent of GDP","Annual","Units","","","","","","","",""
"IMF.STA:FAS(4.0.0)","BIH.FA65.XDC.A","OBS_VALUE","Bosnia and Herzegovina","Value of mobile money transactions (during the reference year)","Domestic currency","Annual","Millions","","","","","","","",""
"IMF.STA:FAS(4.0.0)","SYC.FA65.XDC.A","OBS_VALUE","Seychelles","Value of mobile money transactions (during the reference year)","Domestic currency","Annual","Millions","16.0","22.0","10.0","26.0","47.0","42.0","45.0",""
"IMF.STA:FAS(4.0.0)","SYC.FA65.POGDP.A","OBS_VALUE","Seychelles","Value of mobile money transactions (during the reference year)","Percent of GDP","Annual","Units","0.08233849561393126","0.1053735550962588","0.04527292836931308","0.112622528546259","0.2254259221354308","0.1929133625353945","0.1984914709957227",""
"IMF.STA:FAS(4.0.0)","BIH.FA65.POGDP.A","OBS_VALUE","Bosnia and Herzegovina","Value of mobile money transactions (during the reference year)","Percent of GDP","Annual","Units","","","","","","","",""
"IMF.STA:FAS(4.0.0)","ITA.FA65.POGDP.A","OBS_VALUE","Italy","Value of mobile money transactions (during the reference year)","Percent of GDP","Annual","Units","","","","","","","",""
"IMF.STA:FAS(4.0.0)","MDA.FA65.XDC.A","OBS_VALUE","Moldova, Republic of","Value of mobile money transactions (during the reference year)","Domestic currency","Annual","Millions","","","","","","","",""
"IMF.STA:FAS(4.0.0)","BLZ.FA65.XDC.A","OBS_VALUE","Belize","Value of mobile money transactions (during the reference year)","Domestic currency","Annual","Millions","","","","","","","",""
"IMF.STA:FAS(4.0.0)","MDA.FA65.POGDP.A","OBS_VALUE","Moldova, Republic of","Value of mobile money transactions (during the reference year)","Percent of GDP","Annual","Units","","","","","","","",""
"IMF.STA:FAS(4.0.0)","ITA.FA65.XDC.A","OBS_VALUE","Italy","Value of mobile money transactions (during the reference year)","Domestic currency","Annual","Millions","","","","","","","",""
"IMF.STA:FAS(4.0.0)","SRB.FA65.XDC.A","OBS_VALUE","Serbia, Republic of","Value of mobile money transactions (during the reference year)","Domestic currency","Annual","Millions","","","","","","","",""
"IMF.STA:FAS(4.0.0)","POL.FA65.POGDP.A","OBS_VALUE","Poland, Republic of","Value of mobile money transactions (during the reference year)","Percent of GDP","Annual","Units","","","","","","","",""
"IMF.STA:FAS(4.0.0)","DEU.FA65.XDC.A","OBS_VALUE","Germany","Value of mobile money transactions (during the reference year)","Domestic currency","Annual","Millions","","","","","","","",""
"IMF.STA:FAS(4.0.0)","POL.FA65.XDC.A","OBS_VALUE","Poland, Republic of","Value of mobile money transactions (during the reference year)","Domestic currency","Annual","Millions","","","","","","","",""
"IMF.STA:FAS(4.0.0)","ESP.FA65.XDC.A","OBS_VALUE","Spain","Value of mobile money transactions (during the reference year)","Domestic currency","Annual","Millions","","","","","","","",""
"IMF.STA:FAS(4.0.0)","FIN.FA65.POGDP.A","OBS_VALUE","Finland","Value of mobile money transactions (during the reference year)","Percent of GDP","Annual","Units","","","","","","","",""
"IMF.STA:FAS(4.0.0)","ESP.FA65.POGDP.A","OBS_VALUE","Spain","Value of mobile money transactions (during the reference year)","Percent of GDP","Annual","Units","","","","","","","",""
"IMF.STA:FAS(4.0.0)","RUS.FA65.POGDP.A","OBS_VALUE","Russian Federation","Value of mobile money transactions (during the reference year)","Percent of GDP","Annual","Units","","","","","","","",""
"IMF.STA:FAS(4.0.0)","RUS.FA65.XDC.A","OBS_VALUE","Russian Federation","Value of mobile money transactions (during the reference year)","Domestic currency","Annual","Millions","","","","","","","",""
"IMF.STA:FAS(4.0.0)","FIN.FA65.XDC.A","OBS_VALUE","Finland","Value of mobile money transactions (during the reference year)","Domestic currency","Annual","Millions","","","","","","","",""
"IMF.STA:FAS(4.0.0)","ALB.FA65.POGDP.A","OBS_VALUE","Albania","Value of mobile money transactions (during the reference year)","Percent of GDP","Annual","Units","0.02890184979842144","0.1652290217794649","0.2797475287616446","0.4571487643555577","0.6551389920434155","0.8419685861854267","2.120688453127278","3.961951481117834"
"IMF.STA:FAS(4.0.0)","SVK.FA65.POGDP.A","OBS_VALUE","Slovak Republic","Value of mobile money transactions (during the reference year)","Percent of GDP","Annual","Units","","","","","","","",""
"IMF.STA:FAS(4.0.0)","SVK.FA65.XDC.A","OBS_VALUE","Slovak Republic","Value of mobile money transactions (during the reference year)","Domestic currency","Annual","Millions","","","","","","","",""
"IMF.STA:FAS(4.0.0)","IRL.FA65.XDC.A","OBS_VALUE","Ireland","Value of mobile money transactions (during the reference year)","Domestic currency","Annual","Millions","","","","","","","",""
"IMF.STA:FAS(4.0.0)","IRN.FA65.XDC.A","OBS_VALUE","Iran, Islamic Republic of","Value of mobile money transactions (during the reference year)","Domestic currency","Annual","Millions","","","","","","","",""
"IMF.STA:FAS(4.0.0)","ALB.FA65.XDC.A","OBS_VALUE","Albania","Value of mobile money transactions (during the reference year)","Domestic currency","Annual","Millions","425.573668893298","2562.11636762","4578.71061998","7734.51562342","10792.96331578","15628.3859968","45347.5082617173","91623.6299024109"
"IMF.STA:FAS(4.0.0)","IRL.FA65.POGDP.A","OBS_VALUE","Ireland","Value of mobile money transactions (during the reference year)","Percent of GDP","Annual","Units","","","","","","","",""
"IMF.STA:FAS(4.0.0)","IRN.FA65.POGDP.A","OBS_VALUE","Iran, Islamic Republic of","Value of mobile money transactions (during the reference year)","Percent of GDP","Annual","Units","","","","","","","",""
"IMF.STA:FAS(4.0.0)","BLZ.FA65.POGDP.A","OBS_VALUE","Belize","Value of mobile money transactions (during the reference year)","Percent of GDP","Annual","Units","","","","","","","",""
"IMF.STA:FAS(4.0.0)","UKR.FA65.POGDP.A","OBS_VALUE","Ukraine","Value of mobile money transactions (during the reference year)","Percent of GDP","Annual","Units","","","","","","","",""
"IMF.STA:FAS(4.0.0)","UKR.FA65.XDC.A","OBS_VALUE","Ukraine","Value of mobile money transactions (during the reference year)","Domestic currency","Annual","Millions","","","","","","","",""
"IMF.STA:FAS(4.0.0)","LUX.FA65.XDC.A","OBS_VALUE","Luxembourg","Value of mobile money transactions (during the reference year)","Domestic currency","Annual","Millions","","","","","","","",""
"IMF.STA:FAS(4.0.0)","PER.FA65.XDC.A","OBS_VALUE","Peru","Value of mobile money transactions (during the reference year)","Domestic currency","Annual","Millions","","","","","","","",""
"IMF.STA:FAS(4.0.0)","NZL.FA65.POGDP.A","OBS_VALUE","New Zealand","Value of mobile money transactions (during the reference year)","Percent of GDP","Annual","Units","","","","","","","",""
"IMF.STA:FAS(4.0.0)","LUX.FA65.POGDP.A","OBS_VALUE","Luxembourg","Value of mobile money transactions (during the reference year)","Percent of GDP","Annual","Units","","","","","","","",""
"IMF.STA:FAS(4.0.0)","UZB.FA65.XDC.A","OBS_VALUE","Uzbekistan, Republic of","Value of mobile money transactions (during the reference year)","Domestic currency","Annual","Millions","","","","","","","",""
"IMF.STA:FAS(4.0.0)","UZB.FA65.POGDP.A","OBS_VALUE","Uzbekistan, Republic of","Value of mobile money transactions (during the reference year)","Percent of GDP","Annual","Units","","","","","","","",""
"IMF.STA:FAS(4.0.0)","NZL.FA65.XDC.A","OBS_VALUE","New Zealand","Value of mobile money transactions (during the reference year)","Domestic currency","Annual","Millions","","","","","","","",""
"IMF.STA:FAS(4.0.0)","LBN.FA65.XDC.A","OBS_VALUE","Lebanon","Value of mobile money transactions (during the reference year)","Domestic currency","Annual","Millions","","","","","","","",""
"IMF.STA:FAS(4.0.0)","GMB.FA65.XDC.A","OBS_VALUE","Gambia, The","Value of mobile money transactions (during the reference year)","Domestic currency","Annual","Millions","","","","49.0","53.0","67.0","91.0","1829.0"
"IMF.STA:FAS(4.0.0)","KNA.FA65.XDC.A","OBS_VALUE","St. Kitts and Nevis","Value of mobile money transactions (during the reference year)","Domestic currency","Annual","Millions","","","","","","","",""
"IMF.STA:FAS(4.0.0)","LBN.FA65.POGDP.A","OBS_VALUE","Lebanon","Value of mobile money transactions (during the reference year)","Percent of GDP","Annual","Units","","","","","","","",""
"IMF.STA:FAS(4.0.0)","DOM.FA65.POGDP.A","OBS_VALUE","Dominican Republic","Value of mobile money transactions (during the reference year)","Percent of GDP","Annual","Units","","","","","","","",""
"IMF.STA:FAS(4.0.0)","DOM.FA65.XDC.A","OBS_VALUE","Dominican Republic","Value of mobile money transactions (during the reference year)","Domestic currency","Annual","Millions","","","","","","","",""
"IMF.STA:FAS(4.0.0)","KNA.FA65.POGDP.A","OBS_VALUE","St. Kitts and Nevis","Value of mobile money transactions (during the reference year)","Percent of GDP","Annual","Units","","","","","","","",""
"IMF.STA:FAS(4.0.0)","KOS.FA65.POGDP.A","OBS_VALUE","Kosovo, Republic of","Value of mobile money transactions (during the reference year)","Percent of GDP","Annual","Units","","","","","","","",""
"IMF.STA:FAS(4.0.0)","CHN.FA65.XDC.A","OBS_VALUE","China, People's Republic of","Value of mobile money transactions (during the reference year)","Domestic currency","Annual","Millions","","","","","","","",""
"IMF.STA:FAS(4.0.0)","CHN.FA65.POGDP.A","OBS_VALUE","China, People's Republic of","Value of mobile money transactions (during the reference year)","Percent of GDP","Annual","Units","","","","","","","",""
"IMF.STA:FAS(4.0.0)","GBR.FA65.POGDP.A","OBS_VALUE","United Kingdom","Value of mobile money transactions (during the reference year)","Percent of GDP","Annual","Units","","","","","","","",""
"IMF.STA:FAS(4.0.0)","GBR.FA65.XDC.A","OBS_VALUE","United Kingdom","Value of mobile money transactions (during the reference year)","Domestic currency","Annual","Millions","","","","","","","",""
"IMF.STA:FAS(4.0.0)","KOS.FA65.XDC.A","OBS_VALUE","Kosovo, Republic of","Value of mobile money transactions (during the reference year)","Domestic currency","Annual","Millions","","","","","","","",""
"IMF.STA:FAS(4.0.0)","BRN.FA65.POGDP.A","OBS_VALUE","Brunei Darussalam","Value of mobile money transactions (during the reference year)","Percent of GDP","Annual","Units","","","","","","","",""
"IMF.STA:FAS(4.0.0)","BRN.FA65.XDC.A","OBS_VALUE","Brunei Darussalam","Value of mobile money transactions (during the reference year)","Domestic currency","Annual","Millions","","","","","","","",""
"IMF.STA:FAS(4.0.0)","SVN.FA65.XDC.A","OBS_VALUE","Slovenia, Republic of","Value of mobile money transactions (during the reference year)","Domestic currency","Annual","Millions","","","","","","","",""
"IMF.STA:FAS(4.0.0)","URY.FA65.XDC.A","OBS_VALUE","Uruguay","Value of mobile money transactions (during the reference year)","Domestic currency","Annual","Millions","","","11811.0","14537.0","20296.0","29408.0","42796.0","51633.0"
"IMF.STA:FAS(4.0.0)","URY.FA65.POGDP.A","OBS_VALUE","Uruguay","Value of mobile money transactions (during the reference year)","Percent of GDP","Annual","Units","","","0.5882781213727912","0.6626783432401598","0.9001257366771148","1.111276030083666","1.481593487993559","1.721906808667222"
"IMF.STA:FAS(4.0.0)","MNE.FA65.XDC.A","OBS_VALUE","Montenegro","Value of mobile money transactions (during the reference year)","Domestic currency","Annual","Millions","","","","","","","",""
"IMF.STA:FAS(4.0.0)","MNE.FA65.POGDP.A","OBS_VALUE","Montenegro","Value of mobile money transactions (during the reference year)","Percent of GDP","Annual","Units","","","","","","","",""
"IMF.STA:FAS(4.0.0)","SVN.FA65.POGDP.A","OBS_VALUE","Slovenia, Republic of","Value of mobile money transactions (during the reference year)","Percent of GDP","Annual","Units","","","","","","","",""
"IMF.STA:FAS(4.0.0)","KWT.FA65.XDC.A","OBS_VALUE","Kuwait","Value of mobile money transactions (during the reference year)","Domestic currency","Annual","Millions","","","","","","","",""
"IMF.STA:FAS(4.0.0)","THA.FA65.XDC.A","OBS_VALUE","Thailand","Value of mobile money transactions (during the reference year)","Domestic currency","Annual","Millions","43280.28","68063.36","114091.67","170587.92","260622.62","413014.712947","527863.301662","608616.561053351"
"IMF.STA:FAS(4.0.0)","KWT.FA65.POGDP.A","OBS_VALUE","Kuwait","Value of mobile money transactions (during the reference year)","Percent of GDP","Annual","Units","","","","","","","",""
"IMF.STA:FAS(4.0.0)","MAC.FA65.POGDP.A","OBS_VALUE","Macao Special Administrative Region, People's Republic of China","Value of mobile money transactions (during the reference year)","Percent of GDP","Annual","Units","","","","","","","",""
"IMF.STA:FAS(4.0.0)","SGP.FA65.POGDP.A","OBS_VALUE","Singapore","Value of mobile money transactions (during the reference year)","Percent of GDP","Annual","Units","","","","","","","",""
"IMF.STA:FAS(4.0.0)","LCA.FA65.XDC.A","OBS_VALUE","St. Lucia","Value of mobile money transactions (during the reference year)","Domestic currency","Annual","Millions","","","","","","","",""
"IMF.STA:FAS(4.0.0)","MSR.FA65.XDC.A","OBS_VALUE","Montserrat, United Kingdom-British Overseas Territory","Value of mobile money transactions (during the reference year)","Domestic currency","Annual","Millions","","","","","","","",""
"IMF.STA:FAS(4.0.0)","KGZ.FA65.POGDP.A","OBS_VALUE","Kyrgyz Republic","Value of mobile money transactions (during the reference year)","Percent of GDP","Annual","Units","","","","","","","",""
"IMF.STA:FAS(4.0.0)","MAC.FA65.XDC.A","OBS_VALUE","Macao Special Administrative Region, People's Republic of China","Value of mobile money transactions (during the reference year)","Domestic currency","Annual","Millions","","","","","","","",""
"IMF.STA:FAS(4.0.0)","SGP.FA65.XDC.A","OBS_VALUE","Singapore","Value of mobile money transactions (during the reference year)","Domestic currency","Annual","Millions","","","","","","","",""
"IMF.STA:FAS(4.0.0)","MSR.FA65.POGDP.A","OBS_VALUE","Montserrat, United Kingdom-British Overseas Territory","Value of mobile money transactions (during the reference year)","Percent of GDP","Annual","Units","","","","","","","",""
"IMF.STA:FAS(4.0.0)","KGZ.FA65.XDC.A","OBS_VALUE","Kyrgyz Republic","Value of mobile money transactions (during the reference year)","Domestic currency","Annual","Millions","","","","","","","",""
"IMF.STA:FAS(4.0.0)","AIA.FA65.POGDP.A","OBS_VALUE","Anguilla, United Kingdom-British Overseas Territory","Value of mobile money transactions (during the reference year)","Percent of GDP","Annual","Units","","","","","","","",""
"IMF.STA:FAS(4.0.0)","ATG.FA65.POGDP.A","OBS_VALUE","Antigua and Barbuda","Value of mobile money transactions (during the reference year)","Percent of GDP","Annual","Units","","","","","","","",""
"IMF.STA:FAS(4.0.0)","LCA.FA65.POGDP.A","OBS_VALUE","St. Lucia","Value of mobile money transactions (during the reference year)","Percent of GDP","Annual","Units","","","","","","","",""
"IMF.STA:FAS(4.0.0)","AIA.FA65.XDC.A","OBS_VALUE","Anguilla, United Kingdom-British Overseas Territory","Value of mobile money transactions (during the reference year)","Domestic currency","Annual","Millions","","","","","","","",""
"IMF.STA:FAS(4.0.0)","ATG.FA65.XDC.A","OBS_VALUE","Antigua and Barbuda","Value of mobile money transactions (during the reference year)","Domestic currency","Annual","Millions","","","","","","","",""
"IMF.STA:FAS(4.0.0)","GRD.FA65.XDC.A","OBS_VALUE","Grenada","Value of mobile money transactions (during the reference year)","Domestic currency","Annual","Millions","","","","","","","",""
"IMF.STA:FAS(4.0.0)","GRD.FA65.POGDP.A","OBS_VALUE","Grenada","Value of mobile money transactions (during the reference year)","Percent of GDP","Annual","Units","","","","","","","",""
"IMF.STA:FAS(4.0.0)","VCT.FA65.POGDP.A","OBS_VALUE","St. Vincent and the Grenadines","Value of mobile money transactions (during the reference year)","Percent of GDP","Annual","Units","","","","","","","",""
"IMF.STA:FAS(4.0.0)","VCT.FA65.XDC.A","OBS_VALUE","St. Vincent and the Grenadines","Value of mobile money transactions (during the reference year)","Domestic currency","Annual","Millions","","","","","","","",""
"IMF.STA:FAS(4.0.0)","MDV.FA65.XDC.A","OBS_VALUE","Maldives","Value of mobile money transactions (during the reference year)","Domestic currency","Annual","Millions","","","37.40201909","117.44329163","181.81255239","193.96725757","399.04269771","419.32016118"
"IMF.STA:FAS(4.0.0)","HRV.FA65.XDC.A","OBS_VALUE","Croatia, Republic of","Value of mobile money transactions (during the reference year)","Domestic currency","Annual","Millions","","","","","","","",""
"IMF.STA:FAS(4.0.0)","PER.FA65.POGDP.A","OBS_VALUE","Peru","Value of mobile money transactions (during the reference year)","Percent of GDP","Annual","Units","","","","","","","",""
"IMF.STA:FAS(4.0.0)","MDV.FA65.POGDP.A","OBS_VALUE","Maldives","Value of mobile money transactions (during the reference year)","Percent of GDP","Annual","Units","","","0.04496657510134778","0.1333385377843401","0.3183852732741275","0.2401363932220758","0.4202869222777488","0.412908353452613"
"IMF.STA:FAS(4.0.0)","LTU.FA65.XDC.A","OBS_VALUE","Lithuania, Republic of","Value of mobile money transactions (during the reference year)","Domestic currency","Annual","Millions","","","","","","","",""
"IMF.STA:FAS(4.0.0)","TUR.FA65.XDC.A","OBS_VALUE","Türkiye, Republic of","Value of mobile money transactions (during the reference year)","Domestic currency","Annual","Millions","989.0","4064.0","6106.0","6012.0","5807.0","7370.0","11881.0","9402.0"
"IMF.STA:FAS(4.0.0)","HRV.FA65.POGDP.A","OBS_VALUE","Croatia, Republic of","Value of mobile money transactions (during the reference year)","Percent of GDP","Annual","Units","","","","","","","",""
"IMF.STA:FAS(4.0.0)","LTU.FA65.POGDP.A","OBS_VALUE","Lithuania, Republic of","Value of mobile money transactions (during the reference year)","Percent of GDP","Annual","Units","","","","","","","",""
"IMF.STA:FAS(4.0.0)","TUR.FA65.POGDP.A","OBS_VALUE","Türkiye, Republic of","Value of mobile money transactions (during the reference year)","Percent of GDP","Annual","Units","0.03765381751594047","0.1296867749225059","0.1623432733359814","0.1392372522181384","0.1150227153521553","0.101569125852278","0.07914453293201285","0.03578128336897416"
"IMF.STA:FAS(4.0.0)","NIC.FA65.POGDP.A","OBS_VALUE","Nicaragua","Value of mobile money transactions (during the reference year)","Percent of GDP","Annual","Units","","","0.2587452791852001","0.3958057856554608","0.5947469442752009","1.166532825417263","0.9354650251499737","0.8965428078027698"
"IMF.STA:FAS(4.0.0)","NIC.FA65.XDC.A","OBS_VALUE","Nicaragua","Value of mobile money transactions (during the reference year)","Domestic currency","Annual","Millions","","","1063.41204801767","1664.81454727686","2590.18836448237","5803.04585864897","5252.0","5825.0"
"IMF.STA:FAS(4.0.0)","ROU.FA65.XDC.A","OBS_VALUE","Romania","Value of mobile money transactions (during the reference year)","Domestic currency","Annual","Millions","20.46906481","2.59396982","","","","","",""
"IMF.STA:FAS(4.0.0)","CHE.FA65.XDC.A","OBS_VALUE","Switzerland","Value of mobile money transactions (during the reference year)","Domestic currency","Annual","Millions","","","","","","","",""
"IMF.STA:FAS(4.0.0)","JAM.FA65.XDC.A","OBS_VALUE","Jamaica","Value of mobile money transactions (during the reference year)","Domestic currency","Annual","Millions","","889.891","1566.153714","11687.2662","21293.0","26859.0","4396.0","2617.0"
"IMF.STA:FAS(4.0.0)","CHE.FA65.POGDP.A","OBS_VALUE","Switzerland","Value of mobile money transactions (during the reference year)","Percent of GDP","Annual","Units","","","","","","","",""
"IMF.STA:FAS(4.0.0)","ARG.FA65.XDC.A","OBS_VALUE","Argentina","Value of mobile money transactions (during the reference year)","Domestic currency","Annual","Millions","","","","","","","",""
"IMF.STA:FAS(4.0.0)","JAM.FA65.POGDP.A","OBS_VALUE","Jamaica","Value of mobile money transactions (during the reference year)","Percent of GDP","Annual","Units","","0.04695932771335471","0.07725504705633392","0.5537852279603285","1.082551064400934","1.215218944367051","0.1675780661811376","0.08739994676518335"
"IMF.STA:FAS(4.0.0)","ARG.FA65.POGDP.A","OBS_VALUE","Argentina","Value of mobile money transactions (during the reference year)","Percent of GDP","Annual","Units","","","","","","","",""
"IMF.STA:FAS(4.0.0)","BDI.FA65.XDC.A","OBS_VALUE","Burundi","Value of mobile money transactions (during the reference year)","Domestic currency","Annual","Millions","","","","","","","",""
"IMF.STA:FAS(4.0.0)","CHL.FA65.POGDP.A","OBS_VALUE","Chile","Value of mobile money transactions (during the reference year)","Percent of GDP","Annual","Units","","","","","","","",""
"IMF.STA:FAS(4.0.0)","CHL.FA65.XDC.A","OBS_VALUE","Chile","Value of mobile money transactions (during the reference year)","Domestic currency","Annual","Millions","","","","","","","",""
"IMF.STA:FAS(4.0.0)","MLT.FA65.XDC.A","OBS_VALUE","Malta","Value of mobile money transactions (during the reference year)","Domestic currency","Annual","Millions","","","","","","","",""
"IMF.STA:FAS(4.0.0)","CYP.FA65.XDC.A","OBS_VALUE","Cyprus","Value of mobile money transactions (during the reference year)","Domestic currency","Annual","Millions","","","","","","","",""
"IMF.STA:FAS(4.0.0)","HUN.FA65.POGDP.A","OBS_VALUE","Hungary","Value of mobile money transactions (during the reference year)","Percent of GDP","Annual","Units","0.05454051547027279","0.05576436614999298","0.05615122926121847","0.05716781688589676","0.04656142753867035","0.0389826201521649","0.04266505892656731","0.04561758268893721"
"IMF.STA:FAS(4.0.0)","HUN.FA65.XDC.A","OBS_VALUE","Hungary","Value of mobile money transactions (during the reference year)","Domestic currency","Annual","Millions","19747.302271","21901.319298","24362.171001","27254.291926","22556.438658","21520.346489","28138.351294","34209.558138"
"IMF.STA:FAS(4.0.0)","MLT.FA65.POGDP.A","OBS_VALUE","Malta","Value of mobile money transactions (during the reference year)","Percent of GDP","Annual","Units","","","","","","","",""
"IMF.STA:FAS(4.0.0)","BTN.FA65.POGDP.A","OBS_VALUE","Bhutan","Value of mobile money transactions (during the reference year)","Percent of GDP","Annual","Units","","","","","","","",""
"IMF.STA:FAS(4.0.0)","CZE.FA65.POGDP.A","OBS_VALUE","Czech Republic","Value of mobile money transactions (during the reference year)","Percent of GDP","Annual","Units","","","","","","","",""
"IMF.STA:FAS(4.0.0)","CRI.FA65.XDC.A","OBS_VALUE","Costa Rica","Value of mobile money transactions (during the reference year)","Domestic currency","Annual","Millions","","","","","","","",""
"IMF.STA:FAS(4.0.0)","CRI.FA65.POGDP.A","OBS_VALUE","Costa Rica","Value of mobile money transactions (during the reference year)","Percent of GDP","Annual","Units","","","","","","","",""
"IMF.STA:FAS(4.0.0)","BTN.FA65.XDC.A","OBS_VALUE","Bhutan","Value of mobile money transactions (during the reference year)","Domestic currency","Annual","Millions","","","","","","","",""
"IMF.STA:FAS(4.0.0)","CZE.FA65.XDC.A","OBS_VALUE","Czech Republic","Value of mobile money transactions (during the reference year)","Domestic currency","Annual","Millions","","","","","","","",""
"IMF.STA:FAS(4.0.0)","CYP.FA65.POGDP.A","OBS_VALUE","Cyprus","Value of mobile money transactions (during the reference year)","Percent of GDP","Annual","Units","","","","","","","",""
"IMF.STA:FAS(4.0.0)","EGY.FA65.XDC.A","OBS_VALUE","Egypt, Arab Republic of","Value of mobile money transactions (during the reference year)","Domestic currency","Annual","Millions","2283.0","8600.0","12000.0","23400.0","88231.0","267528.104784431","612475.40920653","1277606.92257825"
"IMF.STA:FAS(4.0.0)","ISR.FA65.XDC.A","OBS_VALUE","Israel","Value of mobile money transactions (during the reference year)","Domestic currency","Annual","Millions","","","","","","","",""
"IMF.STA:FAS(4.0.0)","USA.FA65.XDC.A","OBS_VALUE","United States","Value of mobile money transactions (during the reference year)","Domestic currency","Annual","Millions","","","","","","","",""
"IMF.STA:FAS(4.0.0)","EGY.FA65.POGDP.A","OBS_VALUE","Egypt, Arab Republic of","Value of mobile money transactions (during the reference year)","Percent of GDP","Annual","Units","0.0842621982726803","0.2352361935501518","0.2571685740002572","0.4181558255897069","1.434044143939148","4.015069634020666","7.809696005183679","12.58056721131861"
"IMF.STA:FAS(4.0.0)","ISR.FA65.POGDP.A","OBS_VALUE","Israel","Value of mobile money transactions (during the reference year)","Percent of GDP","Annual","Units","","","","","","","",""
"IMF.STA:FAS(4.0.0)","NPL.FA65.XDC.A","OBS_VALUE","Nepal","Value of mobile money transactions (during the reference year)","Domestic currency","Annual","Millions","","","","56861.77563897","147467.836443478","114432.0","184293.0","219807.0"
"IMF.STA:FAS(4.0.0)","TTO.FA65.POGDP.A","OBS_VALUE","Trinidad and Tobago","Value of mobile money transactions (during the reference year)","Percent of GDP","Annual","Units","","","","","","","",""
"IMF.STA:FAS(4.0.0)","TLS.FA65.POGDP.A","OBS_VALUE","Timor-Leste, Democratic Republic of","Value of mobile money transactions (during the reference year)","Percent of GDP","Annual","Units","","","","","","","",""
"IMF.STA:FAS(4.0.0)","AZE.FA65.XDC.A","OBS_VALUE","Azerbaijan, Republic of","Value of mobile money transactions (during the reference year)","Domestic currency","Annual","Millions","","","","","","","",""
"IMF.STA:FAS(4.0.0)","TLS.FA65.XDC.A","OBS_VALUE","Timor-Leste, Democratic Republic of","Value of mobile money transactions (during the reference year)","Domestic currency","Annual","Millions","","","","","","","",""
"IMF.STA:FAS(4.0.0)","TTO.FA65.XDC.A","OBS_VALUE","Trinidad and Tobago","Value of mobile money transactions (during the reference year)","Domestic currency","Annual","Millions","","","","","","","",""
"IMF.STA:FAS(4.0.0)","DMA.FA65.XDC.A","OBS_VALUE","Dominica","Value of mobile money transactions (during the reference year)","Domestic currency","Annual","Millions","","","","","","","",""
"IMF.STA:FAS(4.0.0)","AGO.FA65.POGDP.A","OBS_VALUE","Angola","Value of mobile money transactions (during the reference year)","Percent of GDP","Annual","Units","2.35663481185155E-4","0.01715461670691219","0.1004217770763417","0.2931709274537462","0.03384051979290977","","",""
"IMF.STA:FAS(4.0.0)","NLD.FA65.POGDP.A","OBS_VALUE","Netherlands, The","Value of mobile money transactions (during the reference year)","Percent of GDP","Annual","Units","","","","","","","",""
"IMF.STA:FAS(4.0.0)","AGO.FA65.XDC.A","OBS_VALUE","Angola","Value of mobile money transactions (during the reference year)","Domestic currency","Annual","Millions","39.001281","3475.91921482","25735.83394094","88920.0","10727.70568476","","",""
"IMF.STA:FAS(4.0.0)","NLD.FA65.XDC.A","OBS_VALUE","Netherlands, The","Value of mobile money transactions (during the reference year)","Domestic currency","Annual","Millions","","","","","","","",""
"IMF.STA:FAS(4.0.0)","DMA.FA65.POGDP.A","OBS_VALUE","Dominica","Value of mobile money transactions (during the reference year)","Percent of GDP","Annual","Units","","","","","","","",""
"IMF.STA:FAS(4.0.0)","BRA.FA65.XDC.A","OBS_VALUE","Brazil","Value of mobile money transactions (during the reference year)","Domestic currency","Annual","Millions","","","","","","","",""
"IMF.STA:FAS(4.0.0)","SUR.FA65.POGDP.A","OBS_VALUE","Suriname","Value of mobile money transactions (during the reference year)","Percent of GDP","Annual","Units","","","","","","","",""
"IMF.STA:FAS(4.0.0)","SUR.FA65.XDC.A","OBS_VALUE","Suriname","Value of mobile money transactions (during the reference year)","Domestic currency","Annual","Millions","","","","","","","",""
"IMF.STA:FAS(4.0.0)","IRQ.FA65.XDC.A","OBS_VALUE","Iraq","Value of mobile money transactions (during the reference year)","Domestic currency","Annual","Millions","3083000.0","3.0515E7","8.6153E7","3.99194528E8","1.0388531E8","","",""
"IMF.STA:FAS(4.0.0)","BHS.FA65.POGDP.A","OBS_VALUE","Bahamas, The","Value of mobile money transactions (during the reference year)","Percent of GDP","Annual","Units","","","","","","0.5259963584867489","0.4689260375749825","0.4212435052481082"
"IMF.STA:FAS(4.0.0)","DJI.FA65.XDC.A","OBS_VALUE","Djibouti","Value of mobile money transactions (during the reference year)","Domestic currency","Annual","Millions","","","","","","","",""
"IMF.STA:FAS(4.0.0)","LAO.FA65.XDC.A","OBS_VALUE","Lao People's Democratic Republic","Value of mobile money transactions (during the reference year)","Domestic currency","Annual","Millions","","","","","","","",""
"IMF.STA:FAS(4.0.0)","BHS.FA65.XDC.A","OBS_VALUE","Bahamas, The","Value of mobile money transactions (during the reference year)","Domestic currency","Annual","Millions","","","","","","59.8","61.6","60.4"
"IMF.STA:FAS(4.0.0)","TUN.FA65.XDC.A","OBS_VALUE","Tunisia","Value of mobile money transactions (during the reference year)","Domestic currency","Annual","Millions","","","","","","","3.0","48.4"
"IMF.STA:FAS(4.0.0)","IRQ.FA65.POGDP.A","OBS_VALUE","Iraq","Value of mobile money transactions (during the reference year)","Percent of GDP","Annual","Units","1.565577472312528","13.7662248567138","32.03679932112166","144.553016529738","48.17053660992285","","",""
"IMF.STA:FAS(4.0.0)","SDN.FA65.XDC.A","OBS_VALUE","Sudan","Value of mobile money transactions (during the reference year)","Domestic currency","Annual","Millions","110.0","673.0","2135.593993","","","","",""
"IMF.STA:FAS(4.0.0)","KHM.FA65.XDC.A","OBS_VALUE","Cambodia","Value of mobile money transactions (during the reference year)","Domestic currency","Annual","Millions","9.59283400227929E7","6.7738231E7","9.010455E7","1.44476129E8","1.74506277E8","1.9623424E8","2.57161168E8","3.03366557455648E8"
"IMF.STA:FAS(4.0.0)","KHM.FA65.POGDP.A","OBS_VALUE","Cambodia","Value of mobile money transactions (during the reference year)","Percent of GDP","Annual","Units","118.0774700575664","75.40669623673932","90.51705905565689","131.3251637507417","164.796853381095","177.5780403847903","212.4773386462428","232.2747334927716"
"IMF.STA:FAS(4.0.0)","SDN.FA65.POGDP.A","OBS_VALUE","Sudan","Value of mobile money transactions (during the reference year)","Percent of GDP","Annual","Units","0.01816954813349","0.0824901007567829","0.162036723967967","","","","",""
"IMF.STA:FAS(4.0.0)","BOL.FA65.XDC.A","OBS_VALUE","Bolivia","Value of mobile money transactions (during the reference year)","Domestic currency","Annual","Millions","639.0","943.0","1257.4900450104","1503.0","2269.0","3313.0","4518.5830543127","12349.1600051461"
"IMF.STA:FAS(4.0.0)","HND.FA65.XDC.A","OBS_VALUE","Honduras","Value of mobile money transactions (during the reference year)","Domestic currency","Annual","Millions","","","","","","12870.9451011321","13209.5087150927","11243.4271107"
"IMF.STA:FAS(4.0.0)","BRB.FA65.XDC.A","OBS_VALUE","Barbados","Value of mobile money transactions (during the reference year)","Domestic currency","Annual","Millions","","","","","","","",""
"IMF.STA:FAS(4.0.0)","PAN.FA65.XDC.A","OBS_VALUE","Panama","Value of mobile money transactions (during the reference year)","Domestic currency","Annual","Millions","","","","","","","",""
"IMF.STA:FAS(4.0.0)","PRY.FA65.XDC.A","OBS_VALUE","Paraguay","Value of mobile money transactions (during the reference year)","Domestic currency","Annual","Millions","","8727096.0428742","9279642.8577489","1.0169984E7","1.6316191993854E7","1.4743675E7","1.3854010497773E7","1.3234853E7"
"IMF.STA:FAS(4.0.0)","PRY.FA65.POGDP.A","OBS_VALUE","Paraguay","Value of mobile money transactions (during the reference year)","Percent of GDP","Annual","Units","","3.982751618995443","4.024540126362267","4.296907078203827","6.800829643050932","5.447830152544903","4.729190084639738","4.227000477702769"
"IMF.STA:FAS(4.0.0)","SLV.FA65.XDC.A","OBS_VALUE","El Salvador","Value of mobile money transactions (during the reference year)","Domestic currency","Annual","Millions","","","","","46.2682209269188","527.521953174146","777.6","525.59118943"
"IMF.STA:FAS(4.0.0)","MRT.FA65.XDC.A","OBS_VALUE","Mauritania, Islamic Republic of","Value of mobile money transactions (during the reference year)","Domestic currency","Annual","Millions","732.173444","","","","897.72852927","30283.16887164","",""
"IMF.STA:FAS(4.0.0)","SSD.FA65.XDC.A","OBS_VALUE","South Sudan, Republic of","Value of mobile money transactions (during the reference year)","Domestic currency","Annual","Millions","","","","","","","",""
"IMF.STA:FAS(4.0.0)","CPV.FA65.XDC.A","OBS_VALUE","Cabo Verde","Value of mobile money transactions (during the reference year)","Domestic currency","Annual","Millions","","","","","","","",""
"IMF.STA:FAS(4.0.0)","SWE.FA65.XDC.A","OBS_VALUE","Sweden","Value of mobile money transactions (during the reference year)","Domestic currency","Annual","Millions","","","","","","","",""
"IMF.STA:FAS(4.0.0)","IND.FA65.POGDP.A","OBS_VALUE","India","Value of mobile money transactions (during the reference year)","Percent of GDP","Annual","Units","0.1337356954603751","0.3115362944979666","0.5750088432431318","0.9117527707982483","0.9136799227783436","0.6444135311222923","0.8170175217100247","0.7550124934302901"
"IMF.STA:FAS(4.0.0)","CAF.FA65.XDC.A","OBS_VALUE","Central African Republic","Value of mobile money transactions (during the reference year)","Domestic currency","Annual","Millions","76.0","191.0","","","","","",""
"IMF.STA:FAS(4.0.0)","IND.FA65.XDC.A","OBS_VALUE","India","Value of mobile money transactions (during the reference year)","Domestic currency","Annual","Millions","205841.556","532416.847","1086747.649","1832950.649","1814028.890605","1520648.29109156","2201833.28717426","2218958.0"
"IMF.STA:FAS(4.0.0)","PRT.FA65.XDC.A","OBS_VALUE","Portugal","Value of mobile money transactions (during the reference year)","Domestic currency","Annual","Millions","","","","","","","",""
"IMF.STA:FAS(4.0.0)","COL.FA65.XDC.A","OBS_VALUE","Colombia","Value of mobile money transactions (during the reference year)","Domestic currency","Annual","Millions","","","1806.0","104958.0","","","",""
"IMF.STA:FAS(4.0.0)","SWE.FA65.POGDP.A","OBS_VALUE","Sweden","Value of mobile money transactions (during the reference year)","Percent of GDP","Annual","Units","","","","","","","",""
"IMF.STA:FAS(4.0.0)","VNM.FA65.XDC.A","OBS_VALUE","Vietnam","Value of mobile money transactions (during the reference year)","Domestic currency","Annual","Millions","","","","","","","1.9E7",""
"IMF.STA:FAS(4.0.0)","MHL.FA65.XDC.A","OBS_VALUE","Marshall Islands, Republic of the","Value of mobile money transactions (during the reference year)","Domestic currency","Annual","Millions","","","","","","","",""
"IMF.STA:FAS(4.0.0)","COL.FA65.POGDP.A","OBS_VALUE","Colombia","Value of mobile money transactions (during the reference year)","Percent of GDP","Annual","Units","","","1.828321983091567E-4","0.009901062950678635","","","",""
"IMF.STA:FAS(4.0.0)","FSM.FA65.XDC.A","OBS_VALUE","Micronesia, Federated States of","Value of mobile money transactions (during the reference year)","Domestic currency","Annual","Millions","","","","","","","",""
"IMF.STA:FAS(4.0.0)","DZA.FA65.XDC.A","OBS_VALUE","Algeria","Value of mobile money transactions (during the reference year)","Domestic currency","Annual","Millions","","","","","","","",""
"IMF.STA:FAS(4.0.0)","PRT.FA65.POGDP.A","OBS_VALUE","Portugal","Value of mobile money transactions (during the reference year)","Percent of GDP","Annual","Units","","","","","","","",""
"IMF.STA:FAS(4.0.0)","ARE.FA65.XDC.A","OBS_VALUE","United Arab Emirates","Value of mobile money transactions (during the reference year)","Domestic currency","Annual","Millions","","","","","","","",""
"IMF.STA:FAS(4.0.0)","USA.FA65.POGDP.A","OBS_VALUE","United States","Value of mobile money transactions (during the reference year)","Percent of GDP","Annual","Units","","","","","","","",""
"IMF.STA:FAS(4.0.0)","DJI.FA65.POGDP.A","OBS_VALUE","Djibouti","Value of mobile money transactions (during the reference year)","Percent of GDP","Annual","Units","","","","","","","",""
"IMF.STA:FAS(4.0.0)","VNM.FA65.POGDP.A","OBS_VALUE","Vietnam","Value of mobile money transactions (during the reference year)","Percent of GDP","Annual","Units","","","","","","","0.198979180878471",""
"IMF.STA:FAS(4.0.0)","FSM.FA65.POGDP.A","OBS_VALUE","Micronesia, Federated States of","Value of mobile money transactions (during the reference year)","Percent of GDP","Annual","Units","","","","","","","",""
"IMF.STA:FAS(4.0.0)","SSD.FA65.POGDP.A","OBS_VALUE","South Sudan, Republic of","Value of mobile money transactions (during the reference year)","Percent of GDP","Annual","Units","","","","","","","",""
"IMF.STA:FAS(4.0.0)","NPL.FA65.POGDP.A","OBS_VALUE","Nepal","Value of mobile money transactions (during the reference year)","Percent of GDP","Annual","Units","","","","1.473511302603585","3.792210712928667","2.629079359545984","3.703222413336403","4.109673070644483"
"IMF.STA:FAS(4.0.0)","GMB.FA65.POGDP.A","OBS_VALUE","Gambia, The","Value of mobile money transactions (during the reference year)","Percent of GDP","Annual","Units","","","","0.0539684638805785","0.0567878585749727","0.06351491289448952","0.07568227379162033","1.279305969206582"
"IMF.STA:FAS(4.0.0)","SLV.FA65.POGDP.A","OBS_VALUE","El Salvador","Value of mobile money transactions (during the reference year)","Percent of GDP","Annual","Units","","","","","0.1856581524675138","1.816339256616695","2.43084167893133","1.545146580982502"
"IMF.STA:FAS(4.0.0)","DZA.FA65.POGDP.A","OBS_VALUE","Algeria","Value of mobile money transactions (during the reference year)","Percent of GDP","Annual","Units","","","","","","","",""
"IMF.STA:FAS(4.0.0)","LAO.FA65.POGDP.A","OBS_VALUE","Lao People's Democratic Republic","Value of mobile money transactions (during the reference year)","Percent of GDP","Annual","Units","","","","","","","",""
"IMF.STA:FAS(4.0.0)","MHL.FA65.POGDP.A","OBS_VALUE","Marshall Islands, Republic of the","Value of mobile money transactions (during the reference year)","Percent of GDP","Annual","Units","","","","","","","",""
"IMF.STA:FAS(4.0.0)","HND.FA65.POGDP.A","OBS_VALUE","Honduras","Value of mobile money transactions (during the reference year)","Percent of GDP","Annual","Units","","","","","","1.904175534211039","1.716648472690395","1.328524741394753"
"IMF.STA:FAS(4.0.0)","THA.FA65.POGDP.A","OBS_VALUE","Thailand","Value of mobile money transactions (during the reference year)","Percent of GDP","Annual","Units","0.2966366027049272","0.4394398380647937","0.6968135340473842","1.010043001510909","1.664119643776493","2.551267140503901","3.037535079017943","3.396067894809079"
"IMF.STA:FAS(4.0.0)","CPV.FA65.POGDP.A","OBS_VALUE","Cabo Verde","Value of mobile money transactions (during the reference year)","Percent of GDP","Annual","Units","","","","","","","",""
"IMF.STA:FAS(4.0.0)","BRB.FA65.POGDP.A","OBS_VALUE","Barbados","Value of mobile money transactions (during the reference year)","Percent of GDP","Annual","Units","","","","","","","",""
"IMF.STA:FAS(4.0.0)","ARE.FA65.POGDP.A","OBS_VALUE","United Arab Emirates","Value of mobile money transactions (during the reference year)","Percent of GDP","Annual","Units","","","","","","","",""
"IMF.STA:FAS(4.0.0)","SRB.FA65.POGDP.A","OBS_VALUE","Serbia, Republic of","Value of mobile money transactions (during the reference year)","Percent of GDP","Annual","Units","","","","","","","",""
"IMF.STA:FAS(4.0.0)","BDI.FA65.POGDP.A","OBS_VALUE","Burundi","Value of mobile money transactions (during the reference year)","Percent of GDP","Annual","Units","","","","","","","",""
"IMF.STA:FAS(4.0.0)","DEU.FA65.POGDP.A","OBS_VALUE","Germany","Value of mobile money transactions (during the reference year)","Percent of GDP","Annual","Units","","","","","","","",""
"IMF.STA:FAS(4.0.0)","CAF.FA65.POGDP.A","OBS_VALUE","Central African Republic","Value of mobile money transactions (during the reference year)","Percent of GDP","Annual","Units","0.00702717296831485","0.0158726992896344","","","","","",""
"IMF.STA:FAS(4.0.0)","BOL.FA65.POGDP.A","OBS_VALUE","Bolivia","Value of mobile money transactions (during the reference year)","Percent of GDP","Annual","Units","0.2724561166786199","0.3638331802351862","0.4517046850527066","0.5318722011996992","0.8964403195250382","1.186578099866036","1.485900737890761","3.897818504627564"
"IMF.STA:FAS(4.0.0)","ROU.FA65.POGDP.A","OBS_VALUE","Romania","Value of mobile money transactions (during the reference year)","Percent of GDP","Annual","Units","0.00272152884978974","3.045925100135659E-4","","","","","",""
"IMF.STA:FAS(4.0.0)","AZE.FA65.POGDP.A","OBS_VALUE","Azerbaijan, Republic of","Value of mobile money transactions (during the reference year)","Percent of GDP","Annual","Units","","","","","","","",""
"IMF.STA:FAS(4.0.0)","PAN.FA65.POGDP.A","OBS_VALUE","Panama","Value of mobile money transactions (during the reference year)","Percent of GDP","Annual","Units","","","","","","","",""
"IMF.STA:FAS(4.0.0)","BRA.FA65.POGDP.A","OBS_VALUE","Brazil","Value of mobile money transactions (during the reference year)","Percent of GDP","Annual","Units","","","","","","","",""
"IMF.STA:FAS(4.0.0)","TUN.FA65.POGDP.A","OBS_VALUE","Tunisia","Value of mobile money transactions (during the reference year)","Percent of GDP","Annual","Units","","","","","","","0.002167384191244201","0.03210047182387718"
"IMF.STA:FAS(4.0.0)","ETH.FA65.POGDP.A","OBS_VALUE","Ethiopia, The Federal Democratic Republic of","Value of mobile money transactions (during the reference year)","Percent of GDP","Annual","Units","","","","","","","0.3956399326621748",""
"IMF.STA:FAS(4.0.0)","LBY.FA65.XDC.A","OBS_VALUE","Libya","Value of mobile money transactions (during the reference year)","Domestic currency","Annual","Millions","","128385.415","1.99029956608E8","9.9711811166E7","8.4502160888E7","8.2524669562E7","4.1806076458E7",""
"IMF.STA:FAS(4.0.0)","ETH.FA65.XDC.A","OBS_VALUE","Ethiopia, The Federal Democratic Republic of","Value of mobile money transactions (during the reference year)","Domestic currency","Annual","Millions","","","","","","","24359.61",""
"IMF.STA:FAS(4.0.0)","LBY.FA65.POGDP.A","OBS_VALUE","Libya","Value of mobile money transactions (during the reference year)","Percent of GDP","Annual","Units","","137.155992068834","190142.869051406","102970.306515689","130001.324422701","45932.0128693639","18984.2954843925",""
"IMF.STA:FAS(4.0.0)","SLE.FA65.XDC.A","OBS_VALUE","Sierra Leone","Value of mobile money transactions (during the reference year)","Domestic currency","Annual","Millions","","","","","","","1.9878618461E10","3.9295169906E10"
"IMF.STA:FAS(4.0.0)","SLE.FA65.POGDP.A","OBS_VALUE","Sierra Leone","Value of mobile money transactions (during the reference year)","Percent of GDP","Annual","Units","","","","","","","3.45600905109616E7","4.841214506455746E7"
"IMF.STA:FAS(4.0.0)","AUS.FA65.XDC.A","OBS_VALUE","Australia","Value of mobile money transactions (during the reference year)","Domestic currency","Annual","Millions","","","","","","","",""
"IMF.STA:FAS(4.0.0)","BEL.FA65.XDC.A","OBS_VALUE","Belgium","Value of mobile money transactions (during the reference year)","Domestic currency","Annual","Millions","","","","","","","",""
"IMF.STA:FAS(4.0.0)","CAN.FA65.XDC.A","OBS_VALUE","Canada","Value of mobile money transactions (during the reference year)","Domestic currency","Annual","Millions","","","","","","","",""
"IMF.STA:FAS(4.0.0)","KOR.FA65.XDC.A","OBS_VALUE","Korea, Republic of","Value of mobile money transactions (during the reference year)","Domestic currency","Annual","Millions","","","","","","","",""
"IMF.STA:FAS(4.0.0)","ECU.FA65.XDC.A","OBS_VALUE","Ecuador","Value of mobile money transactions (during the reference year)","Domestic currency","Annual","Millions","","","","","","","",""
"IMF.STA:FAS(4.0.0)","JPN.FA65.XDC.A","OBS_VALUE","Japan","Value of mobile money transactions (during the reference year)","Domestic currency","Annual","Millions","","","","","","","",""
"IMF.STA:FAS(4.0.0)","BHR.FA65.XDC.A","OBS_VALUE","Bahrain, Kingdom of","Value of mobile money transactions (during the reference year)","Domestic currency","Annual","Millions","","","","","","","394.0","749.84451"
"IMF.STA:FAS(4.0.0)","BHR.FA65.POGDP.A","OBS_VALUE","Bahrain, Kingdom of","Value of mobile money transactions (during the reference year)","Percent of GDP","Annual","Units","","","","","","","2.36096097103808","4.61582528371667"
"IMF.STA:FAS(4.0.0)","BLR.FA65.XDC.A","OBS_VALUE","Belarus, Republic of","Value of mobile money transactions (during the reference year)","Domestic currency","Annual","Millions","","","","","","","",""
"IMF.STA:FAS(4.0.0)","SAU.FA65.XDC.A","OBS_VALUE","Saudi Arabia","Value of mobile money transactions (during the reference year)","Domestic currency","Annual","Millions","","","","","","","",""
"IMF.STA:FAS(4.0.0)","OMN.FA65.XDC.A","OBS_VALUE","Oman","Value of mobile money transactions (during the reference year)","Domestic currency","Annual","Millions","","","","","","","",""
"IMF.STA:FAS(4.0.0)","AND.FA65.POGDP.A","OBS_VALUE","Andorra, Principality of","Value of mobile money transactions (during the reference year)","Percent of GDP","Annual","Units","","","","","","","",""
"IMF.STA:FAS(4.0.0)","AND.FA65.XDC.A","OBS_VALUE","Andorra, Principality of","Value of mobile money transactions (during the reference year)","Domestic currency","Annual","Millions","","","","","","","",""
"IMF.STA:FAS(4.0.0)","LKA.FA65.XDC.A","OBS_VALUE","Sri Lanka","Value of mobile money transactions (during the reference year)","Domestic currency","Annual","Millions","","","","","","","",""
"IMF.STA:FAS(4.0.0)","COG.FA65.POGDP.A","OBS_VALUE","Congo, Republic of","Value of mobile money transactions (during the reference year)","Percent of GDP","Annual","Units","60524.81548563878","49989.67344882571","8716.637090068132","3099525.636495763","2721306.656620595","843946.2273849634","108117.6319725896",""
"IMF.STA:FAS(4.0.0)","COG.FA65.XDC.A","OBS_VALUE","Congo, Republic of","Value of mobile money transactions (during the reference year)","Domestic currency","Annual","Millions","3.920777236E9","3.43517371E9","7.15296879E8","2.53822191945E11","1.79639340873E11","6.9383351192E10","1.0666913681E10",""
"IMF.STA:FAS(4.0.0)","NGA.FA65.XDC.A","OBS_VALUE","Nigeria","Value of mobile money transactions (during the reference year)","Domestic currency","Annual","Millions","756897.48365281","1103386.01047","1974251.41954225","4428106.41651107","1.49877388658316E7","1.5395017340242E7","3.259901478538E7","9.71638870253867E7"
"IMF.STA:FAS(4.0.0)","ZMB.FA65.XDC.A","OBS_VALUE","Zambia","Value of mobile money transactions (during the reference year)","Domestic currency","Annual","Millions","777.0","1285.0","18445.5339289346","43840.0","95443.32","169402.43","295828.1","451984.60278049"
"IMF.STA:FAS(4.0.0)","TZA.FA65.XDC.A","OBS_VALUE","Tanzania, United Republic of","Value of mobile money transactions (during the reference year)","Domestic currency","Annual","Millions","","","","","","","","1.52708546956165E7"
"IMF.STA:FAS(4.0.0)","NAM.FA65.POGDP.A","OBS_VALUE","Namibia","Value of mobile money transactions (during the reference year)","Percent of GDP","Annual","Units","1.859135894573674","5.974702033425505","2.992839498705992","4.84781828172995","","6.159563865243939","5.958994037806163",""
"IMF.STA:FAS(4.0.0)","NGA.FA65.POGDP.A","OBS_VALUE","Nigeria","Value of mobile money transactions (during the reference year)","Percent of GDP","Annual","Units","0.737893637861112","0.9603074096918017","1.529397100404585","3.040464558745644","9.716378316197618","8.743418122759884","16.10901611927684","41.44758802801652"
"IMF.STA:FAS(4.0.0)","TZA.FA65.POGDP.A","OBS_VALUE","Tanzania, United Republic of","Value of mobile money transactions (during the reference year)","Percent of GDP","Annual","Units","","","","","","","","8.095339786106207"
"IMF.STA:FAS(4.0.0)","ZMB.FA65.POGDP.A","OBS_VALUE","Zambia","Value of mobile money transactions (during the reference year)","Percent of GDP","Annual","Units","0.3595590889318735","0.5218231730097624","6.703213272734342","14.59150795398758","28.6857048313366","38.2971565010413","59.88855857833454","79.40370054588215"
"IMF.STA:FAS(4.0.0)","GUY.FA65.XDC.A","OBS_VALUE","Guyana","Value of mobile money transactions (during the reference year)","Domestic currency","Annual","Millions","2840.905904","4904.495921","6955.794928","9601.0","23771.74746","56895.57116","15082.0","32516.0"
"IMF.STA:FAS(4.0.0)","GUY.FA65.POGDP.A","OBS_VALUE","Guyana","Value of mobile money transactions (during the reference year)","Percent of GDP","Annual","Units","0.3069003447206747","0.5002045818553429","0.6994460304563628","0.8900289136567201","2.083857250930742","3.393460379906288","0.4914650232795791","0.9290434361235494"
"IMF.STA:FAS(4.0.0)","SWZ.FA65.POGDP.A","OBS_VALUE","Eswatini, Kingdom of","Value of mobile money transactions (during the reference year)","Percent of GDP","Annual","Units","2.362282245343716","3.637823536694428","4.683891957178902","5.473745767532435","6.867061905517163","8.122755781933048","11.52946792251802","10.4765099410205"
"IMF.STA:FAS(4.0.0)","SWZ.FA65.XDC.A","OBS_VALUE","Eswatini, Kingdom of","Value of mobile money transactions (during the reference year)","Domestic currency","Annual","Millions","1326.0","2135.0","2894.0","3556.0","4504.0","5825.0","9038.0","8889.0"
"IMF.STA:FAS(4.0.0)","STP.FA65.POGDP.A","OBS_VALUE","São Tomé and Príncipe, Democratic Republic of","Value of mobile money transactions (during the reference year)","Percent of GDP","Annual","Units","","","","","","","",""
"IMF.STA:FAS(4.0.0)","STP.FA65.XDC.A","OBS_VALUE","São Tomé and Príncipe, Democratic Republic of","Value of mobile money transactions (during the reference year)","Domestic currency","Annual","Millions","","","","","","","",""
"IMF.STA:FAS(4.0.0)","MRT.FA65.POGDP.A","OBS_VALUE","Mauritania, Islamic Republic of","Value of mobile money transactions (during the reference year)","Percent of GDP","Annual","Units","0.3247274815809595","","","","0.2922193509889799","9.105107548583053","",""
"IMF.STA:FAS(4.0.0)","NRU.FA65.XDC.A","OBS_VALUE","Nauru, Republic of","Value of mobile money transactions (during the reference year)","Domestic currency","Annual","Millions","","","","","","","",""
