"DATASET","SERIES_CODE","OBS_MEASURE","COUNTRY","INDICATOR","TYPE_OF_TRANSFORMATION","FREQUENCY","SCALE","2016","2017","2018","2019","2020","2021","2022","2023","2024"
"IMF.STA:FAS(4.0.0)","BWA.FA63N.PTADLT_NUM.A","OBS_VALUE","Botswana","Number of active mobile money accounts","Per 1,000 adults","Annual","Units","565.262368177828","680.4986824454417","728.0950151111242","842.3389974695225","1047.147680782823","1162.565096930575","1684.847572034011","1344.203653768742",""
"IMF.STA:FAS(4.0.0)","GHA.FA63N.PTADLT_NUM.A","OBS_VALUE","Ghana","Number of active mobile money accounts","Per 1,000 adults","Annual","Units","458.7285545631398","597.5153252205329","683.8531252590903","738.4944834390298","853.4432626272578","868.8845876135405","966.3319984214683","966.9810950064704",""
"IMF.STA:FAS(4.0.0)","SMR.FA63N.PTADLT_NUM.A","OBS_VALUE","San Marino, Republic of","Number of active mobile money accounts","Per 1,000 adults","Annual","Units","","","","","","","","",""
"IMF.STA:FAS(4.0.0)","LVA.FA63N.PTADLT_NUM.A","OBS_VALUE","Latvia, Republic of","Number of active mobile money accounts","Per 1,000 adults","Annual","Units","","","","","","","","",""
"IMF.STA:FAS(4.0.0)","TCD.FA63N.PTADLT_NUM.A","OBS_VALUE","Chad","Number of active mobile money accounts","Per 1,000 adults","Annual","Units","0.04019478685553529","0.1835972618657732","15.5496705220548","14.3921936800559","18.5533797948801","23.45135262816538","25.81149259429971","",""
"IMF.STA:FAS(4.0.0)","JOR.FA63N.PTADLT_NUM.A","OBS_VALUE","Jordan","Number of active mobile money accounts","Per 1,000 adults","Annual","Units","1.26591149469768","8.392474439847051","","","","","","",""
"IMF.STA:FAS(4.0.0)","MLI.FA63N.PTADLT_NUM.A","OBS_VALUE","Mali","Number of active mobile money accounts","Per 1,000 adults","Annual","Units","226.0765441767482","229.1605361498783","265.1212421205267","285.237356526741","275.416463498752","366.7765355934015","449.6078494804431","443.4399291133543",""
"IMF.STA:FAS(4.0.0)","MMR.FA63N.PTADLT_NUM.A","OBS_VALUE","Myanmar","Number of active mobile money accounts","Per 1,000 adults","Annual","Units","2.33093472550042","16.3023992933571","17.0846435730013","21.3453723991582","","","","",""
"IMF.STA:FAS(4.0.0)","MDG.FA63N.PTADLT_NUM.A","OBS_VALUE","Madagascar, Republic of","Number of active mobile money accounts","Per 1,000 adults","Annual","Units","52.58874747336883","66.71673490670234","27.16783513977805","136.9331952587167","152.2629816893314","175.0726211719128","210.852111320089","",""
"IMF.STA:FAS(4.0.0)","NPL.FA63N.PTADLT_NUM.A","OBS_VALUE","Nepal","Number of active mobile money accounts","Per 1,000 adults","Annual","Units","","","","30.5068086733685","50.90948433081201","93.01921922106006","213.8901701056981","287.1744543459392",""
"IMF.STA:FAS(4.0.0)","BFA.FA63N.PTADLT_NUM.A","OBS_VALUE","Burkina Faso","Number of active mobile money accounts","Per 1,000 adults","Annual","Units","148.8336386774542","333.8692062688115","514.5270379893619","637.1761357193019","753.9971554970421","1014.053339678285","1044.720831691499","676.3502543795305",""
"IMF.STA:FAS(4.0.0)","SLB.FA63N.PTADLT_NUM.A","OBS_VALUE","Solomon Islands","Number of active mobile money accounts","Per 1,000 adults","Annual","Units","","","","","","","","",""
"IMF.STA:FAS(4.0.0)","BGR.FA63N.PTADLT_NUM.A","OBS_VALUE","Bulgaria","Number of active mobile money accounts","Per 1,000 adults","Annual","Units","","","","","","","","",""
"IMF.STA:FAS(4.0.0)","ARM.FA63N.PTADLT_NUM.A","OBS_VALUE","Armenia, Republic of","Number of active mobile money accounts","Per 1,000 adults","Annual","Units","","","","","","","","",""
"IMF.STA:FAS(4.0.0)","LBR.FA63N.PTADLT_NUM.A","OBS_VALUE","Liberia","Number of active mobile money accounts","Per 1,000 adults","Annual","Units","","90.0458927655551","119.7113733647812","259.037652748332","413.248859723782","503.7010366689234","847.4523542432055","729.9252267921959",""
"IMF.STA:FAS(4.0.0)","GNB.FA63N.PTADLT_NUM.A","OBS_VALUE","Guinea-Bissau","Number of active mobile money accounts","Per 1,000 adults","Annual","Units","24.26039036940902","38.58765254000265","92.69763966905559","416.655192331507","1090.505237976358","1303.037353992206","1564.730420438639","1894.000278831097",""
"IMF.STA:FAS(4.0.0)","ZWE.FA63N.PTADLT_NUM.A","OBS_VALUE","Zimbabwe","Number of active mobile money accounts","Per 1,000 adults","Annual","Units","394.6990269291695","540.4329667287889","700.7731932873636","728.1189601667259","564.1337455243099","436.8309968514512","809.2103613132994","901.6631202816317",""
"IMF.STA:FAS(4.0.0)","FJI.FA63N.PTADLT_NUM.A","OBS_VALUE","Fiji, Republic of","Number of active mobile money accounts","Per 1,000 adults","Annual","Units","26.3924822547005","27.8648922230433","32.087175344272","235.264981136151","262.192362158455","","721.204880628293","",""
"IMF.STA:FAS(4.0.0)","ZAF.FA63N.PTADLT_NUM.A","OBS_VALUE","South Africa","Number of active mobile money accounts","Per 1,000 adults","Annual","Units","","","","","52.59363618057046","109.0370083745299","184.2181971441406","77.59313567921514",""
"IMF.STA:FAS(4.0.0)","PAK.FA63N.PTADLT_NUM.A","OBS_VALUE","Pakistan","Number of active mobile money accounts","Per 1,000 adults","Annual","Units","74.39250546305088","143.8344159410735","144.8945791805753","175.9856856136","259.7597299014858","307.7320612961689","283.9920734638539","417.5577273440122",""
"IMF.STA:FAS(4.0.0)","SEN.FA63N.PTADLT_NUM.A","OBS_VALUE","Senegal","Number of active mobile money accounts","Per 1,000 adults","Annual","Units","233.998206887516","258.3353618648453","308.0097927503774","437.2736413822731","608.7327917454777","1649.356235838969","1623.666489820391","1375.823338818593",""
"IMF.STA:FAS(4.0.0)","CIV.FA63N.PTADLT_NUM.A","OBS_VALUE","Côte d'Ivoire","Number of active mobile money accounts","Per 1,000 adults","Annual","Units","355.7750568576611","496.3593723826009","554.2688651914549","813.8811529533372","953.5514709032684","1301.431259226745","1270.146882708448","",""
"IMF.STA:FAS(4.0.0)","CMR.FA63N.PTADLT_NUM.A","OBS_VALUE","Cameroon","Number of active mobile money accounts","Per 1,000 adults","Annual","Units","106.535454647488","247.942466583429","346.194718699233","452.383966366375","550.662012024997","","","",""
"IMF.STA:FAS(4.0.0)","GRC.FA63N.PTADLT_NUM.A","OBS_VALUE","Greece","Number of active mobile money accounts","Per 1,000 adults","Annual","Units","","","","","","","","",""
"IMF.STA:FAS(4.0.0)","BEN.FA63N.PTADLT_NUM.A","OBS_VALUE","Benin","Number of active mobile money accounts","Per 1,000 adults","Annual","Units","152.0676700530828","295.8910148336077","391.5698218948751","614.1738514919286","725.2932488866007","852.2657611599076","1104.367714832715","1411.474434054646",""
"IMF.STA:FAS(4.0.0)","RWA.FA63N.PTADLT_NUM.A","OBS_VALUE","Rwanda","Number of active mobile money accounts","Per 1,000 adults","Annual","Units","472.4319534652934","518.7293293377211","621.5565263484594","607.9755857229194","587.755992432591","622.9846042239195","712.0186359728633","789.3804535212697",""
"IMF.STA:FAS(4.0.0)","BGD.FA63N.PTADLT_NUM.A","OBS_VALUE","Bangladesh","Number of active mobile money accounts","Per 1,000 adults","Annual","Units","140.287732284847","183.0951923169698","319.0242787281071","289.9740518360137","264.4364062826145","419.3405161477402","454.2211677939598","649.7789550712486",""
"IMF.STA:FAS(4.0.0)","TGO.FA63N.PTADLT_NUM.A","OBS_VALUE","Togo","Number of active mobile money accounts","Per 1,000 adults","Annual","Units","159.8346314444805","226.0918456494849","282.1977090912762","388.6910892341214","485.4289364544926","504.9533223035795","582.3071820675314","627.9258300202673",""
"IMF.STA:FAS(4.0.0)","PHL.FA63N.PTADLT_NUM.A","OBS_VALUE","Philippines","Number of active mobile money accounts","Per 1,000 adults","Annual","Units","98.63773080820059","29.48157387355282","67.91193493058086","120.8928956295754","269.0804506774066","456.0641672614597","578.3501898175057","853.8568476983031",""
"IMF.STA:FAS(4.0.0)","COD.FA63N.PTADLT_NUM.A","OBS_VALUE","Congo, Democratic Republic of the","Number of active mobile money accounts","Per 1,000 adults","Annual","Units","46.0702527414231","74.3622896907335","129.616940107056","137.831334319542","182.899311344004","","","",""
"IMF.STA:FAS(4.0.0)","LSO.FA63N.PTADLT_NUM.A","OBS_VALUE","Lesotho, Kingdom of","Number of active mobile money accounts","Per 1,000 adults","Annual","Units","249.5271850650748","290.7149480135464","466.6419010530255","559.2601064543788","595.0522704017797","752.8682882055989","841.0623129065802","907.0793102486589",""
"IMF.STA:FAS(4.0.0)","QAT.FA63N.PTADLT_NUM.A","OBS_VALUE","Qatar","Number of active mobile money accounts","Per 1,000 adults","Annual","Units","51.06219782957421","51.0133168770108","67.6873384144189","69.60537587678725","","149.2407460403263","","",""
"IMF.STA:FAS(4.0.0)","WSM.FA63N.PTADLT_NUM.A","OBS_VALUE","Samoa","Number of active mobile money accounts","Per 1,000 adults","Annual","Units","278.5659645276531","275.4917406292408","246.5039145358479","249.7847077741451","247.3372958468561","248.8183312782573","211.7508085253506","192.0101449480709",""
"IMF.STA:FAS(4.0.0)","GIN.FA63N.PTADLT_NUM.A","OBS_VALUE","Guinea","Number of active mobile money accounts","Per 1,000 adults","Annual","Units","97.6386171406367","131.3249944938488","196.3276004486171","247.966956985856","359.5916985543161","337.4200454882825","413.4204680411033","477.1267597935188",""
"IMF.STA:FAS(4.0.0)","COM.FA63N.PTADLT_NUM.A","OBS_VALUE","Comoros, Union of the","Number of active mobile money accounts","Per 1,000 adults","Annual","Units","","","","","140.2881686353016","145.0485367988581","171.5621420002854","272.7519577912833",""
"IMF.STA:FAS(4.0.0)","COG.FA63N.PTADLT_NUM.A","OBS_VALUE","Congo, Republic of","Number of active mobile money accounts","Per 1,000 adults","Annual","Units","32.10666989916859","96.44874702301121","292.5897731088254","607.5859393196521","1288.954072919523","241.7683126532293","4.395763632876596","",""
"IMF.STA:FAS(4.0.0)","NER.FA63N.PTADLT_NUM.A","OBS_VALUE","Niger","Number of active mobile money accounts","Per 1,000 adults","Annual","Units","26.91776936500011","29.1993951347465","26.15831861189885","13.93957804823331","22.00431645329248","38.16881215478391","31.74071924486368","21.19680058309477",""
"IMF.STA:FAS(4.0.0)","AFG.FA63N.PTADLT_NUM.A","OBS_VALUE","Afghanistan, Islamic Republic of","Number of active mobile money accounts","Per 1,000 adults","Annual","Units","2.12209888786074","2.24171426002369","2.40663016186267","2.53119105575762","","","","",""
"IMF.STA:FAS(4.0.0)","MWI.FA63N.PTADLT_NUM.A","OBS_VALUE","Malawi","Number of active mobile money accounts","Per 1,000 adults","Annual","Units","133.923046764143","152.729175651057","242.475234380533","356.232874027808","502.52161769816","","602.694997306249","",""
"IMF.STA:FAS(4.0.0)","GEO.FA63N.PTADLT_NUM.A","OBS_VALUE","Georgia","Number of active mobile money accounts","Per 1,000 adults","Annual","Units","","","","","","","","",""
"IMF.STA:FAS(4.0.0)","EST.FA63N.PTADLT_NUM.A","OBS_VALUE","Estonia, Republic of","Number of active mobile money accounts","Per 1,000 adults","Annual","Units","","","","","","","","",""
"IMF.STA:FAS(4.0.0)","DNK.FA63N.PTADLT_NUM.A","OBS_VALUE","Denmark","Number of active mobile money accounts","Per 1,000 adults","Annual","Units","","","","","","","","",""
"IMF.STA:FAS(4.0.0)","PLW.FA63N.PTADLT_NUM.A","OBS_VALUE","Palau, Republic of","Number of active mobile money accounts","Per 1,000 adults","Annual","Units","","","","","","","","",""
"IMF.STA:FAS(4.0.0)","ISL.FA63N.PTADLT_NUM.A","OBS_VALUE","Iceland","Number of active mobile money accounts","Per 1,000 adults","Annual","Units","","","","","","","","",""
"IMF.STA:FAS(4.0.0)","FRA.FA63N.PTADLT_NUM.A","OBS_VALUE","France","Number of active mobile money accounts","Per 1,000 adults","Annual","Units","","","","","","","","",""
"IMF.STA:FAS(4.0.0)","WBG.FA63N.PTADLT_NUM.A","OBS_VALUE","West Bank and Gaza","Number of active mobile money accounts","Per 1,000 adults","Annual","Units","","","","","","78.12899997964026","","",""
"IMF.STA:FAS(4.0.0)","GNQ.FA63N.PTADLT_NUM.A","OBS_VALUE","Equatorial Guinea, Republic of","Number of active mobile money accounts","Per 1,000 adults","Annual","Units","","","","","","","","",""
"IMF.STA:FAS(4.0.0)","ABW.FA63N.PTADLT_NUM.A","OBS_VALUE","Aruba, Kingdom of the Netherlands","Number of active mobile money accounts","Per 1,000 adults","Annual","Units","","","","","","","","",""
"IMF.STA:FAS(4.0.0)","YEM.FA63N.PTADLT_NUM.A","OBS_VALUE","Yemen, Republic of","Number of active mobile money accounts","Per 1,000 adults","Annual","Units","","","","","","","","",""
"IMF.STA:FAS(4.0.0)","BIH.FA63N.PTADLT_NUM.A","OBS_VALUE","Bosnia and Herzegovina","Number of active mobile money accounts","Per 1,000 adults","Annual","Units","","","","","","","","",""
"IMF.STA:FAS(4.0.0)","ITA.FA63N.PTADLT_NUM.A","OBS_VALUE","Italy","Number of active mobile money accounts","Per 1,000 adults","Annual","Units","","","","","","","","",""
"IMF.STA:FAS(4.0.0)","MDA.FA63N.PTADLT_NUM.A","OBS_VALUE","Moldova, Republic of","Number of active mobile money accounts","Per 1,000 adults","Annual","Units","","","","","","","","",""
"IMF.STA:FAS(4.0.0)","POL.FA63N.PTADLT_NUM.A","OBS_VALUE","Poland, Republic of","Number of active mobile money accounts","Per 1,000 adults","Annual","Units","","","","","","","","",""
"IMF.STA:FAS(4.0.0)","MUS.FA63N.PTADLT_NUM.A","OBS_VALUE","Mauritius","Number of active mobile money accounts","Per 1,000 adults","Annual","Units","113.4753227876664","67.44736630260095","129.6037754210302","120.7062950721729","145.9299419753145","136.7770415243761","144.7496808251887","196.0492176612547",""
"IMF.STA:FAS(4.0.0)","ESP.FA63N.PTADLT_NUM.A","OBS_VALUE","Spain","Number of active mobile money accounts","Per 1,000 adults","Annual","Units","","","","","","","","",""
"IMF.STA:FAS(4.0.0)","KAZ.FA63N.PTADLT_NUM.A","OBS_VALUE","Kazakhstan, Republic of","Number of active mobile money accounts","Per 1,000 adults","Annual","Units","","","","","","","","",""
"IMF.STA:FAS(4.0.0)","RUS.FA63N.PTADLT_NUM.A","OBS_VALUE","Russian Federation","Number of active mobile money accounts","Per 1,000 adults","Annual","Units","","","","","","","","",""
"IMF.STA:FAS(4.0.0)","AUT.FA63N.PTADLT_NUM.A","OBS_VALUE","Austria","Number of active mobile money accounts","Per 1,000 adults","Annual","Units","","","","","","","","",""
"IMF.STA:FAS(4.0.0)","FIN.FA63N.PTADLT_NUM.A","OBS_VALUE","Finland","Number of active mobile money accounts","Per 1,000 adults","Annual","Units","","","","","","","","",""
"IMF.STA:FAS(4.0.0)","IRN.FA63N.PTADLT_NUM.A","OBS_VALUE","Iran, Islamic Republic of","Number of active mobile money accounts","Per 1,000 adults","Annual","Units","","","","","","","","",""
"IMF.STA:FAS(4.0.0)","ALB.FA63N.PTADLT_NUM.A","OBS_VALUE","Albania","Number of active mobile money accounts","Per 1,000 adults","Annual","Units","113.5311060638743","","2.467695904129699","3.570610892635889","5.839913061526857","8.317338451695457","31.37705619044593","66.28056265330378",""
"IMF.STA:FAS(4.0.0)","BLZ.FA63N.PTADLT_NUM.A","OBS_VALUE","Belize","Number of active mobile money accounts","Per 1,000 adults","Annual","Units","","","","","","","","",""
"IMF.STA:FAS(4.0.0)","SVK.FA63N.PTADLT_NUM.A","OBS_VALUE","Slovak Republic","Number of active mobile money accounts","Per 1,000 adults","Annual","Units","","","","","","","","",""
"IMF.STA:FAS(4.0.0)","IRL.FA63N.PTADLT_NUM.A","OBS_VALUE","Ireland","Number of active mobile money accounts","Per 1,000 adults","Annual","Units","","","","","","","","",""
"IMF.STA:FAS(4.0.0)","SYC.FA63N.PTADLT_NUM.A","OBS_VALUE","Seychelles","Number of active mobile money accounts","Per 1,000 adults","Annual","Units","","","4.638994524907625","3.940899861066581","3.995713208346013","3.605375286791216","1.71555567108119","",""
"IMF.STA:FAS(4.0.0)","UKR.FA63N.PTADLT_NUM.A","OBS_VALUE","Ukraine","Number of active mobile money accounts","Per 1,000 adults","Annual","Units","","","","","","","","",""
"IMF.STA:FAS(4.0.0)","UZB.FA63N.PTADLT_NUM.A","OBS_VALUE","Uzbekistan, Republic of","Number of active mobile money accounts","Per 1,000 adults","Annual","Units","","","","","","","","",""
"IMF.STA:FAS(4.0.0)","LUX.FA63N.PTADLT_NUM.A","OBS_VALUE","Luxembourg","Number of active mobile money accounts","Per 1,000 adults","Annual","Units","","","","","","","","",""
"IMF.STA:FAS(4.0.0)","KNA.FA63N.PTADLT_NUM.A","OBS_VALUE","St. Kitts and Nevis","Number of active mobile money accounts","Per 1,000 adults","Annual","Units","","","","","","","","",""
"IMF.STA:FAS(4.0.0)","LBN.FA63N.PTADLT_NUM.A","OBS_VALUE","Lebanon","Number of active mobile money accounts","Per 1,000 adults","Annual","Units","","","","","","","","",""
"IMF.STA:FAS(4.0.0)","GBR.FA63N.PTADLT_NUM.A","OBS_VALUE","United Kingdom","Number of active mobile money accounts","Per 1,000 adults","Annual","Units","","","","","","","","",""
"IMF.STA:FAS(4.0.0)","GTM.FA63N.PTADLT_NUM.A","OBS_VALUE","Guatemala","Number of active mobile money accounts","Per 1,000 adults","Annual","Units","137.4657369975267","155.0499871079152","175.2515848490117","198.6166871245178","227.3133406037411","264.0687506497506","318.7502817488686","1647.27700939566",""
"IMF.STA:FAS(4.0.0)","DOM.FA63N.PTADLT_NUM.A","OBS_VALUE","Dominican Republic","Number of active mobile money accounts","Per 1,000 adults","Annual","Units","","","","","","","","",""
"IMF.STA:FAS(4.0.0)","NZL.FA63N.PTADLT_NUM.A","OBS_VALUE","New Zealand","Number of active mobile money accounts","Per 1,000 adults","Annual","Units","","","","","","","","",""
"IMF.STA:FAS(4.0.0)","CHN.FA63N.PTADLT_NUM.A","OBS_VALUE","China, People's Republic of","Number of active mobile money accounts","Per 1,000 adults","Annual","Units","","","","","","","","",""
"IMF.STA:FAS(4.0.0)","KOS.FA63N.PTADLT_NUM.A","OBS_VALUE","Kosovo, Republic of","Number of active mobile money accounts","Per 1,000 adults","Annual","Units","","","","","","","","",""
"IMF.STA:FAS(4.0.0)","BRN.FA63N.PTADLT_NUM.A","OBS_VALUE","Brunei Darussalam","Number of active mobile money accounts","Per 1,000 adults","Annual","Units","","","","","","","","",""
"IMF.STA:FAS(4.0.0)","MNE.FA63N.PTADLT_NUM.A","OBS_VALUE","Montenegro","Number of active mobile money accounts","Per 1,000 adults","Annual","Units","","","","","","","","",""
"IMF.STA:FAS(4.0.0)","SVN.FA63N.PTADLT_NUM.A","OBS_VALUE","Slovenia, Republic of","Number of active mobile money accounts","Per 1,000 adults","Annual","Units","","","","","","","","",""
"IMF.STA:FAS(4.0.0)","MSR.FA63N.PTADLT_NUM.A","OBS_VALUE","Montserrat, United Kingdom-British Overseas Territory","Number of active mobile money accounts","Per 1,000 adults","Annual","Units","","","","","","","","",""
"IMF.STA:FAS(4.0.0)","KWT.FA63N.PTADLT_NUM.A","OBS_VALUE","Kuwait","Number of active mobile money accounts","Per 1,000 adults","Annual","Units","","","","","","","","",""
"IMF.STA:FAS(4.0.0)","MAC.FA63N.PTADLT_NUM.A","OBS_VALUE","Macao Special Administrative Region, People's Republic of China","Number of active mobile money accounts","Per 1,000 adults","Annual","Units","","","","","","","","",""
"IMF.STA:FAS(4.0.0)","KGZ.FA63N.PTADLT_NUM.A","OBS_VALUE","Kyrgyz Republic","Number of active mobile money accounts","Per 1,000 adults","Annual","Units","","","","","","","","",""
"IMF.STA:FAS(4.0.0)","SGP.FA63N.PTADLT_NUM.A","OBS_VALUE","Singapore","Number of active mobile money accounts","Per 1,000 adults","Annual","Units","","","","","","","","",""
"IMF.STA:FAS(4.0.0)","ATG.FA63N.PTADLT_NUM.A","OBS_VALUE","Antigua and Barbuda","Number of active mobile money accounts","Per 1,000 adults","Annual","Units","","","","","","","","",""
"IMF.STA:FAS(4.0.0)","PER.FA63N.PTADLT_NUM.A","OBS_VALUE","Peru","Number of active mobile money accounts","Per 1,000 adults","Annual","Units","","","","","","","","",""
"IMF.STA:FAS(4.0.0)","VCT.FA63N.PTADLT_NUM.A","OBS_VALUE","St. Vincent and the Grenadines","Number of active mobile money accounts","Per 1,000 adults","Annual","Units","","","","","","","","",""
"IMF.STA:FAS(4.0.0)","AIA.FA63N.PTADLT_NUM.A","OBS_VALUE","Anguilla, United Kingdom-British Overseas Territory","Number of active mobile money accounts","Per 1,000 adults","Annual","Units","","","","","","","","",""
"IMF.STA:FAS(4.0.0)","GRD.FA63N.PTADLT_NUM.A","OBS_VALUE","Grenada","Number of active mobile money accounts","Per 1,000 adults","Annual","Units","","","","","","","","",""
"IMF.STA:FAS(4.0.0)","LCA.FA63N.PTADLT_NUM.A","OBS_VALUE","St. Lucia","Number of active mobile money accounts","Per 1,000 adults","Annual","Units","","","","","","","","",""
"IMF.STA:FAS(4.0.0)","LTU.FA63N.PTADLT_NUM.A","OBS_VALUE","Lithuania, Republic of","Number of active mobile money accounts","Per 1,000 adults","Annual","Units","","","","","","","","",""
"IMF.STA:FAS(4.0.0)","MDV.FA63N.PTADLT_NUM.A","OBS_VALUE","Maldives","Number of active mobile money accounts","Per 1,000 adults","Annual","Units","","","10.51465214418747","19.90308504160747","19.21733835390026","14.73030773677996","63.12251056713973","62.74288794687707",""
"IMF.STA:FAS(4.0.0)","HRV.FA63N.PTADLT_NUM.A","OBS_VALUE","Croatia, Republic of","Number of active mobile money accounts","Per 1,000 adults","Annual","Units","","","","","","","","",""
"IMF.STA:FAS(4.0.0)","NIC.FA63N.PTADLT_NUM.A","OBS_VALUE","Nicaragua","Number of active mobile money accounts","Per 1,000 adults","Annual","Units","","","38.43653570495484","55.21515312910921","79.79993019930629","121.6730458730842","75.77154182624086","64.90262446892922",""
"IMF.STA:FAS(4.0.0)","CHE.FA63N.PTADLT_NUM.A","OBS_VALUE","Switzerland","Number of active mobile money accounts","Per 1,000 adults","Annual","Units","","","","","","","","",""
"IMF.STA:FAS(4.0.0)","JAM.FA63N.PTADLT_NUM.A","OBS_VALUE","Jamaica","Number of active mobile money accounts","Per 1,000 adults","Annual","Units","","7.834124851403972","9.901562666486956","59.7277831667084","52.53960299151443","44.45432456369216","1.955055346906503","0.6347117486242788",""
"IMF.STA:FAS(4.0.0)","ARG.FA63N.PTADLT_NUM.A","OBS_VALUE","Argentina","Number of active mobile money accounts","Per 1,000 adults","Annual","Units","","","","","","","","",""
"IMF.STA:FAS(4.0.0)","CHL.FA63N.PTADLT_NUM.A","OBS_VALUE","Chile","Number of active mobile money accounts","Per 1,000 adults","Annual","Units","","","","","","","","",""
"IMF.STA:FAS(4.0.0)","CRI.FA63N.PTADLT_NUM.A","OBS_VALUE","Costa Rica","Number of active mobile money accounts","Per 1,000 adults","Annual","Units","","","","","","","","",""
"IMF.STA:FAS(4.0.0)","CYP.FA63N.PTADLT_NUM.A","OBS_VALUE","Cyprus","Number of active mobile money accounts","Per 1,000 adults","Annual","Units","","","","","","","","",""
"IMF.STA:FAS(4.0.0)","MLT.FA63N.PTADLT_NUM.A","OBS_VALUE","Malta","Number of active mobile money accounts","Per 1,000 adults","Annual","Units","","","","","","","","",""
"IMF.STA:FAS(4.0.0)","BTN.FA63N.PTADLT_NUM.A","OBS_VALUE","Bhutan","Number of active mobile money accounts","Per 1,000 adults","Annual","Units","","","","","","","","",""
"IMF.STA:FAS(4.0.0)","CZE.FA63N.PTADLT_NUM.A","OBS_VALUE","Czech Republic","Number of active mobile money accounts","Per 1,000 adults","Annual","Units","","","","","","","","",""
"IMF.STA:FAS(4.0.0)","ISR.FA63N.PTADLT_NUM.A","OBS_VALUE","Israel","Number of active mobile money accounts","Per 1,000 adults","Annual","Units","","","","","","","","",""
"IMF.STA:FAS(4.0.0)","EGY.FA63N.PTADLT_NUM.A","OBS_VALUE","Egypt, Arab Republic of","Number of active mobile money accounts","Per 1,000 adults","Annual","Units","","","","16.30774416499249","32.90312590751385","74.11586189462363","107.9768909680846","181.7708207559564",""
"IMF.STA:FAS(4.0.0)","TLS.FA63N.PTADLT_NUM.A","OBS_VALUE","Timor-Leste, Democratic Republic of","Number of active mobile money accounts","Per 1,000 adults","Annual","Units","","","","","","","","",""
"IMF.STA:FAS(4.0.0)","TTO.FA63N.PTADLT_NUM.A","OBS_VALUE","Trinidad and Tobago","Number of active mobile money accounts","Per 1,000 adults","Annual","Units","","","","","","","","",""
"IMF.STA:FAS(4.0.0)","AGO.FA63N.PTADLT_NUM.A","OBS_VALUE","Angola","Number of active mobile money accounts","Per 1,000 adults","Annual","Units","","","","5.046446747368433","7.177856143694955","6.325838827216814","10.84111563049255","",""
"IMF.STA:FAS(4.0.0)","NLD.FA63N.PTADLT_NUM.A","OBS_VALUE","Netherlands, The","Number of active mobile money accounts","Per 1,000 adults","Annual","Units","","","","","","","","",""
"IMF.STA:FAS(4.0.0)","BHS.FA63N.PTADLT_NUM.A","OBS_VALUE","Bahamas, The","Number of active mobile money accounts","Per 1,000 adults","Annual","Units","","","","","","168.8626991679477","285.9084470964048","376.1610551478896",""
"IMF.STA:FAS(4.0.0)","UGA.FA63N.PTADLT_NUM.A","OBS_VALUE","Uganda","Number of active mobile money accounts","Per 1,000 adults","Annual","Units","","","662.9313638618604","720.0256847799589","819.0670606649697","902.0179568383477","973.1401380866939","1029.918793043285",""
"IMF.STA:FAS(4.0.0)","DMA.FA63N.PTADLT_NUM.A","OBS_VALUE","Dominica","Number of active mobile money accounts","Per 1,000 adults","Annual","Units","","","","","","","","",""
"IMF.STA:FAS(4.0.0)","SUR.FA63N.PTADLT_NUM.A","OBS_VALUE","Suriname","Number of active mobile money accounts","Per 1,000 adults","Annual","Units","","","","","","","","",""
"IMF.STA:FAS(4.0.0)","KHM.FA63N.PTADLT_NUM.A","OBS_VALUE","Cambodia","Number of active mobile money accounts","Per 1,000 adults","Annual","Units","60.38106322024521","212.3048509901631","284.8821993272619","182.5959758859907","368.9904206547385","551.7913126516065","879.4191901175261","915.2560994064978",""
"IMF.STA:FAS(4.0.0)","IRQ.FA63N.PTADLT_NUM.A","OBS_VALUE","Iraq","Number of active mobile money accounts","Per 1,000 adults","Annual","Units","2.152027485350719","2.633635691432206","4.501696835538293","","3.970034319997448","","14.32536937665844","",""
"IMF.STA:FAS(4.0.0)","SDN.FA63N.PTADLT_NUM.A","OBS_VALUE","Sudan","Number of active mobile money accounts","Per 1,000 adults","Annual","Units","28.74628648817","49.8240250997152","184.991046409564","","","","","",""
"IMF.STA:FAS(4.0.0)","PRY.FA63N.PTADLT_NUM.A","OBS_VALUE","Paraguay","Number of active mobile money accounts","Per 1,000 adults","Annual","Units","332.020866890714","351.2816362886613","358.8999394155208","379.3056534403566","530.7754905867235","465.4945804128201","554.7865428137587","543.370502229725",""
"IMF.STA:FAS(4.0.0)","COL.FA63N.PTADLT_NUM.A","OBS_VALUE","Colombia","Number of active mobile money accounts","Per 1,000 adults","Annual","Units","","","","","","","","",""
"IMF.STA:FAS(4.0.0)","USA.FA63N.PTADLT_NUM.A","OBS_VALUE","United States","Number of active mobile money accounts","Per 1,000 adults","Annual","Units","","","","","","","","",""
"IMF.STA:FAS(4.0.0)","TON.FA63N.PTADLT_NUM.A","OBS_VALUE","Tonga","Number of active mobile money accounts","Per 1,000 adults","Annual","Units","364.076843294788","395.920797520724","442.955738934734","","","","","",""
"IMF.STA:FAS(4.0.0)","PRT.FA63N.PTADLT_NUM.A","OBS_VALUE","Portugal","Number of active mobile money accounts","Per 1,000 adults","Annual","Units","","","","","","","","",""
"IMF.STA:FAS(4.0.0)","FSM.FA63N.PTADLT_NUM.A","OBS_VALUE","Micronesia, Federated States of","Number of active mobile money accounts","Per 1,000 adults","Annual","Units","","","","","","","","",""
"IMF.STA:FAS(4.0.0)","VNM.FA63N.PTADLT_NUM.A","OBS_VALUE","Vietnam","Number of active mobile money accounts","Per 1,000 adults","Annual","Units","","","","","","","","70.57657549476724",""
"IMF.STA:FAS(4.0.0)","SWE.FA63N.PTADLT_NUM.A","OBS_VALUE","Sweden","Number of active mobile money accounts","Per 1,000 adults","Annual","Units","","","","","","","","",""
"IMF.STA:FAS(4.0.0)","DJI.FA63N.PTADLT_NUM.A","OBS_VALUE","Djibouti","Number of active mobile money accounts","Per 1,000 adults","Annual","Units","","","","","","","","",""
"IMF.STA:FAS(4.0.0)","SLV.FA63N.PTADLT_NUM.A","OBS_VALUE","El Salvador","Number of active mobile money accounts","Per 1,000 adults","Annual","Units","","","","","81.99257159663374","93.11385223083914","112.0726301536764","96.4979083513802",""
"IMF.STA:FAS(4.0.0)","SSD.FA63N.PTADLT_NUM.A","OBS_VALUE","South Sudan, Republic of","Number of active mobile money accounts","Per 1,000 adults","Annual","Units","","","","","","","","",""
"IMF.STA:FAS(4.0.0)","HND.FA63N.PTADLT_NUM.A","OBS_VALUE","Honduras","Number of active mobile money accounts","Per 1,000 adults","Annual","Units","","","","","","108.6615563558906","111.0219857046079","63.70619730824934",""
"IMF.STA:FAS(4.0.0)","GMB.FA63N.PTADLT_NUM.A","OBS_VALUE","Gambia, The","Number of active mobile money accounts","Per 1,000 adults","Annual","Units","","","","7.461244471164169","14.3990710544931","38.62193627286649","47.30933395461486","65.9883779356641",""
"IMF.STA:FAS(4.0.0)","LAO.FA63N.PTADLT_NUM.A","OBS_VALUE","Lao People's Democratic Republic","Number of active mobile money accounts","Per 1,000 adults","Annual","Units","","","","","","","","",""
"IMF.STA:FAS(4.0.0)","DZA.FA63N.PTADLT_NUM.A","OBS_VALUE","Algeria","Number of active mobile money accounts","Per 1,000 adults","Annual","Units","","","","","","","","",""
"IMF.STA:FAS(4.0.0)","IND.FA63N.PTADLT_NUM.A","OBS_VALUE","India","Number of active mobile money accounts","Per 1,000 adults","Annual","Units","","","","827.6387650035317","1155.570197966109","1171.498049798727","339.7080455399484","386.5956524739425",""
"IMF.STA:FAS(4.0.0)","MHL.FA63N.PTADLT_NUM.A","OBS_VALUE","Marshall Islands, Republic of the","Number of active mobile money accounts","Per 1,000 adults","Annual","Units","","","","","","","","",""
"IMF.STA:FAS(4.0.0)","CPV.FA63N.PTADLT_NUM.A","OBS_VALUE","Cabo Verde","Number of active mobile money accounts","Per 1,000 adults","Annual","Units","","","","","","","538.5116062374962","572.8677689482291",""
"IMF.STA:FAS(4.0.0)","ARE.FA63N.PTADLT_NUM.A","OBS_VALUE","United Arab Emirates","Number of active mobile money accounts","Per 1,000 adults","Annual","Units","","","","","","","","",""
"IMF.STA:FAS(4.0.0)","BDI.FA63N.PTADLT_NUM.A","OBS_VALUE","Burundi","Number of active mobile money accounts","Per 1,000 adults","Annual","Units","","","","","","","","",""
"IMF.STA:FAS(4.0.0)","SRB.FA63N.PTADLT_NUM.A","OBS_VALUE","Serbia, Republic of","Number of active mobile money accounts","Per 1,000 adults","Annual","Units","","","","","","","","",""
"IMF.STA:FAS(4.0.0)","BRB.FA63N.PTADLT_NUM.A","OBS_VALUE","Barbados","Number of active mobile money accounts","Per 1,000 adults","Annual","Units","","","","","","","","",""
"IMF.STA:FAS(4.0.0)","DEU.FA63N.PTADLT_NUM.A","OBS_VALUE","Germany","Number of active mobile money accounts","Per 1,000 adults","Annual","Units","","","","","","","","",""
"IMF.STA:FAS(4.0.0)","CAF.FA63N.PTADLT_NUM.A","OBS_VALUE","Central African Republic","Number of active mobile money accounts","Per 1,000 adults","Annual","Units","0.16894948650566","1.12378894936936","","","","","","",""
"IMF.STA:FAS(4.0.0)","NOR.FA63N.PTADLT_NUM.A","OBS_VALUE","Norway","Number of active mobile money accounts","Per 1,000 adults","Annual","Units","","","","","","","","",""
"IMF.STA:FAS(4.0.0)","PAN.FA63N.PTADLT_NUM.A","OBS_VALUE","Panama","Number of active mobile money accounts","Per 1,000 adults","Annual","Units","","","","","","","","",""
"IMF.STA:FAS(4.0.0)","AZE.FA63N.PTADLT_NUM.A","OBS_VALUE","Azerbaijan, Republic of","Number of active mobile money accounts","Per 1,000 adults","Annual","Units","","","","","","","","",""
"IMF.STA:FAS(4.0.0)","BRA.FA63N.PTADLT_NUM.A","OBS_VALUE","Brazil","Number of active mobile money accounts","Per 1,000 adults","Annual","Units","","","","","","","","",""
"IMF.STA:FAS(4.0.0)","LBY.FA63N.PTADLT_NUM.A","OBS_VALUE","Libya","Number of active mobile money accounts","Per 1,000 adults","Annual","Units","","0.0950458431734514","16.9333433618592","19.1718289506869","17.5098676073835","17.7887772868624","13.558821012672","",""
"IMF.STA:FAS(4.0.0)","SLE.FA63N.PTADLT_NUM.A","OBS_VALUE","Sierra Leone","Number of active mobile money accounts","Per 1,000 adults","Annual","Units","","","","","","","275.3871781259307","326.5611055195652",""
"IMF.STA:FAS(4.0.0)","ROU.FA63N.PTADLT_NUM.A","OBS_VALUE","Romania","Number of active mobile money accounts","Per 1,000 adults","Annual","Units","","","","","","","","",""
"IMF.STA:FAS(4.0.0)","AND.FA63N.PTADLT_NUM.A","OBS_VALUE","Andorra, Principality of","Number of active mobile money accounts","Per 1,000 adults","Annual","Units","","","","","","","","",""
"IMF.STA:FAS(4.0.0)","NAM.FA63N.PTADLT_NUM.A","OBS_VALUE","Namibia","Number of active mobile money accounts","Per 1,000 adults","Annual","Units","731.4093792928317","632.0710472881314","953.43180557285","1064.505047708407","851.2368746197938","1298.569777923715","1443.45173360184","1329.066542074756",""
"IMF.STA:FAS(4.0.0)","TZA.FA63N.PTADLT_NUM.A","OBS_VALUE","Tanzania, United Republic of","Number of active mobile money accounts","Per 1,000 adults","Annual","Units","","","","","","","","1348.203473331123",""
"IMF.STA:FAS(4.0.0)","ZMB.FA63N.PTADLT_NUM.A","OBS_VALUE","Zambia","Number of active mobile money accounts","Per 1,000 adults","Annual","Units","56.7000611832024","152.0695774040128","347.8900816305627","472.2316088132563","807.6219946345306","893.0920693869472","983.2060019640192","1093.696557704818",""
"IMF.STA:FAS(4.0.0)","GUY.FA63N.PTADLT_NUM.A","OBS_VALUE","Guyana","Number of active mobile money accounts","Per 1,000 adults","Annual","Units","21.29066682699173","32.33342033632872","19.81922454007118","19.54214736856908","34.30476072905553","29.19520950984477","","",""
"IMF.STA:FAS(4.0.0)","STP.FA63N.PTADLT_NUM.A","OBS_VALUE","São Tomé and Príncipe, Democratic Republic of","Number of active mobile money accounts","Per 1,000 adults","Annual","Units","","","","","","","","",""
"IMF.STA:FAS(4.0.0)","MRT.FA63N.PTADLT_NUM.A","OBS_VALUE","Mauritania, Islamic Republic of","Number of active mobile money accounts","Per 1,000 adults","Annual","Units","","","","","39.65789070664294","58.44470542429133","","",""
"IMF.STA:FAS(4.0.0)","SWZ.FA63N.PTADLT_NUM.A","OBS_VALUE","Eswatini, Kingdom of","Number of active mobile money accounts","Per 1,000 adults","Annual","Units","595.4835720080544","704.577743674357","809.3654628257442","597.4436080198964","746.4545008488207","805.1108271045531","932.9694862901109","856.9695810601334",""
"IMF.STA:FAS(4.0.0)","NRU.FA63N.PTADLT_NUM.A","OBS_VALUE","Nauru, Republic of","Number of active mobile money accounts","Per 1,000 adults","Annual","Units","","","","","","","","",""
